-- phpMyAdmin SQL Dump
-- version 4.4.15.10
-- https://www.phpmyadmin.net
--
-- Host: localhost
-- Generation Time: 2019-05-23 10:04:46
-- 服务器版本： 5.5.57-log
-- PHP Version: 5.4.45

SET SQL_MODE = "NO_AUTO_VALUE_ON_ZERO";
SET time_zone = "+00:00";


/*!40101 SET @OLD_CHARACTER_SET_CLIENT=@@CHARACTER_SET_CLIENT */;
/*!40101 SET @OLD_CHARACTER_SET_RESULTS=@@CHARACTER_SET_RESULTS */;
/*!40101 SET @OLD_COLLATION_CONNECTION=@@COLLATION_CONNECTION */;
/*!40101 SET NAMES utf8mb4 */;

--
-- Database: `opensns_com`
--

-- --------------------------------------------------------

--
-- 表的结构 `ocenter_action`
--

CREATE TABLE IF NOT EXISTS `ocenter_action` (
  `id` int(11) unsigned NOT NULL COMMENT '主键',
  `name` char(30) NOT NULL DEFAULT '' COMMENT '行为唯一标识',
  `title` char(80) NOT NULL DEFAULT '' COMMENT '行为说明',
  `remark` char(140) NOT NULL DEFAULT '' COMMENT '行为描述',
  `rule` text NOT NULL COMMENT '行为规则',
  `log` text NOT NULL COMMENT '日志规则',
  `type` tinyint(2) unsigned NOT NULL DEFAULT '1' COMMENT '类型',
  `status` tinyint(2) NOT NULL DEFAULT '0' COMMENT '状态',
  `update_time` int(11) unsigned NOT NULL DEFAULT '0' COMMENT '修改时间',
  `module` varchar(20) NOT NULL
) ENGINE=MyISAM AUTO_INCREMENT=11018 DEFAULT CHARSET=utf8 ROW_FORMAT=DYNAMIC COMMENT='系统行为表';

--
-- 转存表中的数据 `ocenter_action`
--

INSERT INTO `ocenter_action` (`id`, `name`, `title`, `remark`, `rule`, `log`, `type`, `status`, `update_time`, `module`) VALUES
(1, 'reg', '用户注册', '用户注册', '', '', 1, 1, 1426070545, ''),
(2, 'input_password', '输入密码', '记录输入密码的次数。', '', '', 1, 1, 1426122119, ''),
(3, 'user_login', '用户登录', '积分+10，每天一次', 'a:1:{i:0;a:5:{s:5:"table";s:6:"member";s:5:"field";s:1:"1";s:4:"rule";s:2:"10";s:5:"cycle";s:2:"24";s:3:"max";s:1:"1";}}', '[user|get_nickname]在[time|time_format]登录了账号', 1, 1, 1428397656, ''),
(4, 'update_config', '更新配置', '新增或修改或删除配置', '', '', 1, 1, 1383294988, ''),
(7, 'update_channel', '更新导航', '新增或修改或删除导航', '', '', 1, 1, 1383296301, ''),
(8, 'update_menu', '更新菜单', '新增或修改或删除菜单', '', '', 1, 1, 1383296392, ''),
(11010, 'add_weibo', '发布微博', '新增微博', 'a:2:{i:0;a:5:{s:5:"table";s:6:"member";s:5:"field";s:1:"1";s:4:"rule";s:2:"+2";s:5:"cycle";s:2:"24";s:3:"max";s:3:"100";}i:1;a:5:{s:5:"table";s:6:"member";s:5:"field";s:1:"8";s:4:"rule";s:2:"+2";s:5:"cycle";s:2:"24";s:3:"max";s:1:"3";}}', '[user|get_nickname]在[time|time_format]发布了新微博：[record|intval]', 1, 1, 1459328393, 'Weibo'),
(11009, 'add_weibo_comment', '添加微博评论', '添加微博评论', 'a:2:{i:0;a:5:{s:5:"table";s:6:"member";s:5:"field";s:1:"1";s:4:"rule";s:2:"+1";s:5:"cycle";s:2:"24";s:3:"max";s:3:"100";}i:1;a:5:{s:5:"table";s:6:"member";s:5:"field";s:1:"8";s:4:"rule";s:2:"+1";s:5:"cycle";s:2:"24";s:3:"max";s:1:"5";}}', '[user|get_nickname]在[time|time_format]添加了微博评论：[record|intval]', 1, 1, 1459386540, 'Weibo'),
(11008, 'del_weibo', '删除微博', '删除微博', '', '[user|get_nickname]在[time|time_format]删除了微博：[record|intval]', 1, 1, 1428461334, 'Weibo'),
(11007, 'del_weibo_comment', '删除微博评论', '删除微博评论', '', '[user|get_nickname]在[time|time_format]删除了微博评论：[record|intval]', 1, 1, 1428399164, 'Weibo'),
(11000, 'forum_follow', '论坛板块关注', '用户关注或取消关注论坛板块', '', '用户关注或取消关注论坛板块', 2, 1, 1433382253, 'Forum'),
(11001, 'forum_edit_post', '编辑帖子', '论坛编辑帖子', '', '论坛编辑帖子', 2, 1, 1433385562, 'Forum'),
(11002, 'forum_add_post', '添加贴子', '论坛添加贴子', '', '论坛添加贴子', 2, 1, 1433385630, 'Forum'),
(11003, 'forum_post_reply', '论坛帖子回复', '用户回复贴子', '', '用户回复贴子', 2, 1, 1433386806, 'Forum'),
(11004, 'forum_lzl_reply', '论坛楼中楼回复', '楼中楼回复记录', '', '[user|get_nickname]在[time|time_formate]时进行了论坛楼中楼回复', 2, 1, 1433469762, 'Forum'),
(11005, 'forum_lzl_del_reply', '论坛楼中楼删除回复', '论坛删除楼中楼回复记录', '', '', 2, 1, 1433469820, 'Forum'),
(11006, 'forum_del_post', '论坛删除贴子', '论坛删除贴子记录', '', '', 2, 1, 1433484800, 'Forum'),
(11011, 'set_weibo_top', '置顶微博', '置顶微博', '', '[user|get_nickname]在[time|time_format]置顶了微博：[record|intval]', 1, 1, 1428399164, 'Weibo'),
(11012, 'set_weibo_down', '取消置顶微博', '取消置顶微博', '', '[user|get_nickname]在[time|time_format]取消置顶了微博：[record|intval]', 1, 1, 1428462983, 'Weibo'),
(11013, 'edit_answer', '编辑回答', '用户编辑答案', 'N;', '', 2, 1, 1428479582, 'Question'),
(11014, 'support_answer', '支持、反对回答', '用户支持、反对答案', 'N;', '', 2, 1, 1428479582, 'Question'),
(11015, 'add_answer', '回答', '用户发布答案', 'N;', '', 2, 1, 1428479582, 'Question'),
(11016, 'edit_question', '编辑问题', '用户编辑问题', 'N;', '', 2, 1, 1428479582, 'Question'),
(11017, 'add_question', '提问', '用户提出问题', 'N;', '', 2, 1, 1428479582, 'Question');

-- --------------------------------------------------------

--
-- 表的结构 `ocenter_action_limit`
--

CREATE TABLE IF NOT EXISTS `ocenter_action_limit` (
  `id` int(11) NOT NULL,
  `title` varchar(100) NOT NULL,
  `name` varchar(50) NOT NULL,
  `frequency` int(11) NOT NULL,
  `time_number` int(11) NOT NULL,
  `time_unit` varchar(50) NOT NULL,
  `punish` text NOT NULL,
  `if_message` tinyint(4) NOT NULL,
  `message_content` text NOT NULL,
  `action_list` text NOT NULL,
  `status` tinyint(4) NOT NULL,
  `create_time` int(11) NOT NULL,
  `module` varchar(20) NOT NULL
) ENGINE=MyISAM AUTO_INCREMENT=15 DEFAULT CHARSET=utf8;

--
-- 转存表中的数据 `ocenter_action_limit`
--

INSERT INTO `ocenter_action_limit` (`id`, `title`, `name`, `frequency`, `time_number`, `time_unit`, `punish`, `if_message`, `message_content`, `action_list`, `status`, `create_time`, `module`) VALUES
(1, 'reg', '注册限制', 1, 1, 'minute', 'warning', 0, '', '[reg]', 1, 0, ''),
(2, 'input_password', '输密码', 3, 1, 'minute', 'warning', 0, '', '[input_password]', 1, 0, ''),
(13, 'add_weibo', '新增微博', 1, 60, 'second', 'warning', 0, '', '[add_weibo]', 1, 0, 'Weibo'),
(12, 'add_weibo_comment', '添加微博评论', 1, 10, 'second', 'warning', 0, '', '[add_weibo_comment]', 1, 0, 'Weibo'),
(5, 'forum_follow', '论坛板块关注', 1, 2, 'second', 'warning', 1, '操作太频繁！2秒后再试~', '[forum_follow]', 1, 0, 'Forum'),
(6, 'forum_add_post', '论坛添加贴子', 1, 1, 'minute', 'warning', 1, '操作太频繁！1分钟后再试~', '[forum_add_post]', 1, 0, 'Forum'),
(7, 'forum_edit_post', '编辑帖子', 1, 1, 'minute', 'warning', 1, '论坛编辑帖子', '[forum_edit_post]', 1, 0, 'Forum'),
(8, 'forum_post_reply', '论坛评论贴子', 1, 1, 'minute', 'warning', 1, '操作太频繁！1分钟后再试~', '[forum_post_reply]', 1, 0, 'Forum'),
(9, 'forum_del_post', '论坛删除贴子', 1, 1, 'minute', 'warning', 1, '操作太频繁！1分钟后再试~', '[forum_del_post]', 1, 0, 'Forum'),
(10, 'forum_lzl_reply', '论坛楼中楼回复', 1, 1, 'minute', 'warning', 1, '操作太频繁！1分钟后再试~', '[forum_lzl_reply]', 1, 0, 'Forum'),
(11, 'forum_lzl_del_reply', '论坛删除楼中楼回复', 1, 10, 'second', 'warning', 1, '操作太频繁！10秒后再试~', '[forum_lzl_del_reply]', 1, 0, 'Forum'),
(14, 'support_answer', '支持、反对回答', 1, 1, 'minute', 'warning', 1, '操作太频繁！', '[support_answer]', 1, 0, 'Question');

-- --------------------------------------------------------

--
-- 表的结构 `ocenter_action_log`
--

CREATE TABLE IF NOT EXISTS `ocenter_action_log` (
  `id` int(10) unsigned NOT NULL COMMENT '主键',
  `action_id` int(10) unsigned NOT NULL DEFAULT '0' COMMENT '行为id',
  `user_id` int(10) unsigned NOT NULL DEFAULT '0' COMMENT '执行用户id',
  `action_ip` bigint(20) NOT NULL COMMENT '执行行为者ip',
  `model` varchar(50) NOT NULL DEFAULT '' COMMENT '触发行为的表',
  `record_id` bigint(20) unsigned NOT NULL DEFAULT '0' COMMENT '触发行为的数据id',
  `remark` varchar(255) NOT NULL DEFAULT '' COMMENT '日志备注',
  `status` tinyint(2) NOT NULL DEFAULT '1' COMMENT '状态',
  `create_time` int(10) unsigned NOT NULL DEFAULT '0' COMMENT '执行行为的时间',
  `is_score` int(10) unsigned NOT NULL DEFAULT '0' COMMENT '是否添加积分'
) ENGINE=MyISAM AUTO_INCREMENT=359 DEFAULT CHARSET=utf8 ROW_FORMAT=FIXED COMMENT='行为日志表';

--
-- 转存表中的数据 `ocenter_action_log`
--

INSERT INTO `ocenter_action_log` (`id`, `action_id`, `user_id`, `action_ip`, `model`, `record_id`, `remark`, `status`, `create_time`, `is_score`) VALUES
(1, 3, 1, 3232235777, 'member', 1, 'admin在2019-04-18 10:21登录了账号【积分：+10分】', 1, 1555554103, 1),
(2, 3, 1, 3232235777, 'member', 1, 'admin在2019-04-18 10:28登录了账号', 1, 1555554537, 0),
(3, 3, 1, 3232235777, 'member', 1, 'admin在2019-04-18 13:30登录了账号', 1, 1555565404, 0),
(4, 3, 1, 3232235933, 'member', 1, 'admin在2019-04-18 15:24登录了账号', 1, 1555572272, 0),
(5, 3, 1, 3232235933, 'member', 1, 'admin在2019-04-18 17:32登录了账号', 1, 1555579922, 0),
(6, 3, 1, 3232235933, 'member', 1, 'admin在2019-04-18 17:52登录了账号', 1, 1555581148, 0),
(7, 3, 1, 3232235816, 'member', 1, 'admin在2019-04-22 16:09登录了账号【积分：+10分】', 1, 1555920541, 1),
(8, 10001, 1, 3232235816, 'weibo', 1, 'admin在2019-04-22 16:09发布了新微博：1【积分：+1分】', 1, 1555920581, 1),
(9, 10005, 1, 3232235816, 'weibo', 1, 'admin在2019-04-22 16:12置顶了微博：1', 1, 1555920762, 0),
(10, 11002, 1, 3232235816, 'Forum', 1, '论坛添加贴子', 1, 1555921080, 0),
(11, 11002, 1, 3232235816, 'Forum', 2, '论坛添加贴子', 1, 1555921129, 0),
(12, 3, 1, 3232235816, 'member', 1, 'admin在2019-04-23 10:07登录了账号', 1, 1555985236, 0),
(13, 3, 1, 3232235816, 'member', 1, 'admin在2019-04-23 11:06登录了账号', 1, 1555988790, 0),
(14, 3, 1, 3232235816, 'member', 1, 'admin在2019-04-23 13:55登录了账号', 1, 1555998906, 0),
(15, 3, 1, 3232235816, 'member', 1, 'admin在2019-04-25 09:16登录了账号【积分：+10分】', 1, 1556155010, 1),
(16, 3, 1, 3232235796, 'member', 1, 'admin在2019-04-25 09:22登录了账号', 1, 1556155338, 0),
(17, 3, 1, 3232235816, 'member', 1, 'admin在2019-04-25 14:27登录了账号', 1, 1556173624, 0),
(18, 1, 100, 3232235777, 'member', 100, '操作url：/ucenter/member/register.html', 1, 1556180195, 0),
(19, 3, 100, 3232235777, 'member', 100, '肥肥在2019-04-25 16:16登录了账号【积分：+10分】', 1, 1556180195, 1),
(20, 11010, 100, 3232235777, 'weibo', 1, '肥肥在2019-04-25 16:17发布了新微博：1【积分：+2分】【：+2】', 1, 1556180247, 1),
(21, 11002, 100, 3232235777, 'Forum', 3, '论坛添加贴子', 1, 1556180323, 0),
(22, 11002, 100, 3232235777, 'Forum', 4, '论坛添加贴子', 1, 1556180396, 0),
(23, 11010, 100, 3232235777, 'weibo', 4, '肥肥在2019-04-25 16:20发布了新微博：4【积分：+2分】【：+2】', 1, 1556180441, 1),
(24, 3, 1, 3232235777, 'member', 1, 'admin在2019-04-25 16:21登录了账号', 1, 1556180516, 0),
(25, 11002, 1, 3232235777, 'Forum', 5, '论坛添加贴子', 1, 1556180748, 0),
(26, 11010, 1, 3232235777, 'weibo', 6, 'admin在2019-04-25 16:28发布了新微博：6【积分：+2分】【：+2】', 1, 1556180921, 1),
(27, 11003, 1, 3232235777, 'Forum', 7, '用户回复贴子', 1, 1556181133, 0),
(28, 3, 1, 3232235796, 'member', 1, '肥丿肥在2019-04-25 16:38登录了账号', 1, 1556181503, 0),
(29, 3, 1, 3232235796, 'member', 1, '肥丿肥在2019-04-25 16:40登录了账号', 1, 1556181601, 0),
(30, 11009, 1, 3232235796, 'weibo_comment', 1, '肥丿肥在2019-04-25 16:41添加了微博评论：1【积分：+1分】【：+1】', 1, 1556181679, 1),
(31, 11010, 1, 3232235796, 'weibo', 8, '肥丿肥在2019-04-25 16:42发布了新微博：8【积分：+2分】【：+2】', 1, 1556181749, 1),
(32, 11000, 1, 3232235816, 'forum', 1, '用户关注或取消关注论坛板块', 1, 1556185758, 0),
(33, 11000, 1, 3232235816, 'forum', 1, '用户关注或取消关注论坛板块', 1, 1556185759, 0),
(34, 3, 1, 3232235816, 'member', 1, '肥丿肥在2019-04-28 09:10登录了账号【积分：+10分】', 1, 1556413811, 1),
(35, 3, 1, 3232235816, 'member', 1, '肥丿肥在2019-04-29 12:05登录了账号【积分：+10分】', 1, 1556510744, 1),
(36, 3, 1, 3232235879, 'member', 1, '肥丿肥在2019-04-29 18:00登录了账号', 1, 1556532042, 0),
(37, 3, 1, 3232235816, 'member', 1, '肥丿肥在2019-04-30 10:17登录了账号', 1, 1556590620, 0),
(38, 3, 1, 3232235816, 'member', 1, '肥丿肥在2019-04-30 16:39登录了账号【积分：+10分】', 1, 1556613586, 1),
(39, 3, 1, 3232235807, 'member', 1, '肥丿肥在2019-04-30 16:46登录了账号', 1, 1556613980, 0),
(40, 3, 1, 3232235807, 'member', 1, '肥丿肥在2019-04-30 18:10登录了账号', 1, 1556619004, 0),
(41, 3, 1, 3232235816, 'member', 1, '肥丿肥在2019-04-30 18:12登录了账号', 1, 1556619172, 0),
(42, 3, 1, 3232235853, 'member', 1, '肥丿肥在2019-05-05 15:51登录了账号【积分：+10分】', 1, 1557042685, 1),
(43, 3, 1, 3232235811, 'member', 1, '肥丿肥在2019-05-05 15:55登录了账号', 1, 1557042910, 0),
(44, 3, 1, 3232235851, 'member', 1, '肥丿肥在2019-05-05 16:14登录了账号', 1, 1557044058, 0),
(45, 3, 1, 3232235851, 'member', 1, '肥丿肥在2019-05-06 09:31登录了账号', 1, 1557106270, 0),
(46, 3, 1, 3232235853, 'member', 1, '肥丿肥在2019-05-06 09:32登录了账号', 1, 1557106365, 0),
(47, 3, 1, 3232235853, 'member', 1, '肥丿肥在2019-05-06 10:42登录了账号', 1, 1557110529, 0),
(48, 3, 1, 3232235851, 'member', 1, '肥丿肥在2019-05-06 11:14登录了账号', 1, 1557112447, 0),
(49, 3, 1, 3232235811, 'member', 1, '肥丿肥在2019-05-06 13:59登录了账号', 1, 1557122343, 0),
(50, 3, 1, 3232235882, 'member', 1, '肥丿肥在2019-05-06 15:10登录了账号', 1, 1557126650, 0),
(51, 3, 1, 3232235853, 'member', 1, '肥丿肥在2019-05-08 09:21登录了账号【积分：+10分】', 1, 1557278495, 1),
(52, 2, 1, 3232235811, 'ucenter_member', 1, '操作url：/admin.php?s=/public/login.html', 1, 1557278856, 0),
(53, 3, 1, 3232235811, 'member', 1, '肥丿肥在2019-05-08 09:27登录了账号', 1, 1557278861, 0),
(54, 3, 1, 3232235851, 'member', 1, '肥丿肥在2019-05-08 09:29登录了账号', 1, 1557278955, 0),
(55, 3, 1, 3232235853, 'member', 1, '肥丿肥在2019-05-08 15:30登录了账号', 1, 1557300655, 0),
(56, 3, 1, 3232235811, 'member', 1, '肥丿肥在2019-05-09 09:28登录了账号【积分：+10分】', 1, 1557365330, 1),
(57, 3, 1, 3232235851, 'member', 1, '肥丿肥在2019-05-09 09:29登录了账号', 1, 1557365367, 0),
(58, 11010, 1, 3232235851, 'weibo', 9, '肥丿肥在2019-05-09 09:44发布了新微博：9【积分：+2分】【：+2】', 1, 1557366289, 1),
(59, 3, 1, 3232235811, 'member', 1, '肥丿肥在2019-05-09 09:57登录了账号', 1, 1557367036, 0),
(60, 11010, 1, 3232235811, 'weibo', 10, '肥丿肥在2019-05-09 09:58发布了新微博：10【积分：+2分】【：+2】', 1, 1557367085, 1),
(61, 3, 1, 3232235851, 'member', 1, '肥丿肥在2019-05-09 14:42登录了账号', 1, 1557384155, 0),
(62, 11017, 1, 3232235851, 'question', 1358, '操作url：/question/index/edit.html', 1, 1557384223, 0),
(63, 11010, 1, 3232235851, 'weibo', 11, '肥丿肥在2019-05-09 14:44发布了新微博：11【积分：+2分】【：+2】', 1, 1557384240, 1),
(64, 3, 1, 3232235851, 'member', 1, '肥丿肥在2019-05-09 15:49登录了账号', 1, 1557388145, 0),
(65, 3, 1, 3232235851, 'member', 1, '肥丿肥在2019-05-09 16:31登录了账号', 1, 1557390715, 0),
(66, 3, 1, 3232235851, 'member', 1, '肥丿肥在2019-05-09 16:49登录了账号', 1, 1557391766, 0),
(67, 3, 1, 3232235851, 'member', 1, '肥丿肥在2019-05-10 09:31登录了账号【积分：+10分】', 1, 1557451896, 1),
(68, 3, 1, 3232235851, 'member', 1, '肥丿肥在2019-05-10 13:50登录了账号', 1, 1557467414, 0),
(69, 3, 1, 3232235851, 'member', 1, '肥丿肥在2019-05-10 15:12登录了账号', 1, 1557472371, 0),
(70, 3, 1, 3232235929, 'member', 1, '肥丿肥在2019-05-13 09:36登录了账号【积分：+10分】', 1, 1557711398, 1),
(71, 3, 1, 3232235822, 'member', 1, '肥丿肥在2019-05-13 09:52登录了账号', 1, 1557712357, 0),
(72, 3, 1, 3232235929, 'member', 1, '肥丿肥在2019-05-13 10:20登录了账号', 1, 1557714032, 0),
(73, 3, 1, 3232235822, 'member', 1, '肥丿肥在2019-05-13 14:23登录了账号', 1, 1557728624, 0),
(74, 3, 1, 3232235929, 'member', 1, '肥丿肥在2019-05-13 17:04登录了账号', 1, 1557738271, 0),
(75, 3, 1, 3232235929, 'member', 1, '肥丿肥在2019-05-13 17:08登录了账号', 1, 1557738496, 0),
(76, 3, 1, 3232235929, 'member', 1, '肥丿肥在2019-05-13 17:10登录了账号', 1, 1557738630, 0),
(77, 3, 1, 3232235929, 'member', 1, '肥丿肥在2019-05-13 17:10登录了账号', 1, 1557738653, 0),
(78, 3, 1, 3232235929, 'member', 1, '肥丿肥在2019-05-13 17:15登录了账号', 1, 1557738942, 0),
(79, 1, 101, 3232235929, 'member', 101, '操作url：/ucenter/member/register.html', 1, 1557739439, 0),
(80, 3, 101, 3232235929, 'member', 101, 'lina在2019-05-13 17:23登录了账号【积分：+10分】', 1, 1557739439, 1),
(81, 11010, 101, 3232235929, 'weibo', 12, 'lina在2019-05-13 17:25发布了新微博：12【积分：+2分】【：+2】', 1, 1557739537, 1),
(82, 2, 1, 3232235929, 'ucenter_member', 1, '操作url：/admin.php?s=/public/login.html', 1, 1557739809, 0),
(83, 3, 1, 3232235929, 'member', 1, '肥丿肥在2019-05-13 17:30登录了账号', 1, 1557739817, 0),
(84, 3, 101, 3232235929, 'member', 101, 'lina在2019-05-13 17:36登录了账号', 1, 1557740174, 0),
(85, 3, 1, 3232235929, 'member', 1, '肥丿肥在2019-05-13 17:38登录了账号', 1, 1557740286, 0),
(86, 3, 1, 3232235929, 'member', 1, '肥丿肥在2019-05-13 17:40登录了账号', 1, 1557740435, 0),
(87, 11002, 101, 3232235929, 'Forum', 6, '论坛添加贴子', 1, 1557740878, 0),
(88, 11003, 101, 3232235929, 'Forum', 8, '用户回复贴子', 1, 1557740906, 0),
(89, 3, 1, 3232235802, 'member', 1, '肥丿肥在2019-05-14 08:52登录了账号', 1, 1557795125, 0),
(90, 3, 101, 3232235929, 'member', 101, 'lina在2019-05-14 09:01登录了账号', 1, 1557795685, 0),
(91, 2, 1, 3232235792, 'ucenter_member', 1, '操作url：/admin.php?s=/public/login.html', 1, 1557798851, 0),
(92, 3, 1, 3232235792, 'member', 1, '肥丿肥在2019-05-14 09:54登录了账号【积分：+10分】', 1, 1557798856, 1),
(93, 3, 1, 3232235822, 'member', 1, '肥丿肥在2019-05-14 09:54登录了账号', 1, 1557798859, 0),
(94, 3, 1, 3232235929, 'member', 1, '肥丿肥在2019-05-14 09:55登录了账号', 1, 1557798925, 0),
(95, 11010, 101, 3232235929, 'weibo', 14, 'lina在2019-05-14 10:05发布了新微博：14【积分：+2分】【：+2】', 1, 1557799532, 1),
(96, 11010, 101, 3232235929, 'weibo', 15, 'lina在2019-05-14 10:10发布了新微博：15【积分：+2分】【：+2】', 1, 1557799830, 1),
(97, 11009, 101, 3232235929, 'weibo_comment', 3, 'lina在2019-05-14 10:13添加了微博评论：3【积分：+1分】【：+1】', 1, 1557800030, 1),
(98, 11010, 101, 3232235929, 'weibo', 16, 'lina在2019-05-14 10:17发布了新微博：16【积分：+2分】', 1, 1557800245, 1),
(99, 11010, 101, 3232235929, 'weibo', 17, 'lina在2019-05-14 10:20发布了新微博：17【积分：+2分】', 1, 1557800453, 1),
(100, 11010, 101, 3232235929, 'weibo', 18, 'lina在2019-05-14 10:22发布了新微博：18【积分：+2分】', 1, 1557800552, 1),
(101, 11017, 101, 3232235929, 'question', 1359, '操作url：/question/index/edit.html', 1, 1557800995, 0),
(102, 11010, 101, 3232235929, 'weibo', 19, 'lina在2019-05-14 10:37发布了新微博：19【积分：+2分】', 1, 1557801432, 1),
(103, 3, 1, 3232235802, 'member', 1, '肥丿肥在2019-05-14 10:37登录了账号', 1, 1557801470, 0),
(104, 11010, 1, 3232235802, 'weibo', 20, '肥丿肥在2019-05-14 10:38发布了新微博：20【积分：+2分】【：+2】', 1, 1557801514, 1),
(105, 11009, 1, 3232235802, 'weibo_comment', 4, '肥丿肥在2019-05-14 10:39添加了微博评论：4【积分：+1分】【：+1】', 1, 1557801547, 1),
(106, 11009, 1, 3232235802, 'weibo_comment', 5, '肥丿肥在2019-05-14 10:39添加了微博评论：5【积分：+1分】【：+1】', 1, 1557801581, 1),
(107, 11010, 1, 3232235802, 'weibo', 21, '肥丿肥在2019-05-14 10:40发布了新微博：21【积分：+2分】【：+2】', 1, 1557801611, 1),
(108, 11010, 1, 3232235929, 'weibo', 22, '肥丿肥在2019-05-14 10:41发布了新微博：22【积分：+2分】【：+2】', 1, 1557801665, 1),
(109, 3, 101, 3232235929, 'member', 101, 'lina在2019-05-14 10:41登录了账号', 1, 1557801699, 0),
(110, 11010, 101, 3232235929, 'weibo', 23, 'lina在2019-05-14 10:42发布了新微博：23【积分：+2分】', 1, 1557801720, 1),
(111, 11010, 101, 3232235929, 'weibo', 24, 'lina在2019-05-14 10:53发布了新微博：24【积分：+2分】', 1, 1557802432, 1),
(112, 11009, 101, 3232235929, 'weibo_comment', 6, 'lina在2019-05-14 10:54添加了微博评论：6【积分：+1分】【：+1】', 1, 1557802457, 1),
(113, 11010, 101, 3232235929, 'weibo', 25, 'lina在2019-05-14 10:54发布了新微博：25【积分：+2分】', 1, 1557802496, 1),
(114, 3, 101, 3232235929, 'member', 101, 'lina在2019-05-14 10:55登录了账号', 1, 1557802537, 0),
(115, 3, 1, 3232235822, 'member', 1, '肥丿肥在2019-05-14 14:14登录了账号', 1, 1557814448, 0),
(116, 3, 101, 3232235929, 'member', 101, 'lina在2019-05-14 14:28登录了账号', 1, 1557815325, 0),
(117, 3, 101, 3232235929, 'member', 101, 'lina在2019-05-14 14:29登录了账号', 1, 1557815342, 0),
(118, 3, 101, 3232235929, 'member', 101, 'lina在2019-05-14 14:46登录了账号', 1, 1557816383, 0),
(119, 3, 101, 3232235929, 'member', 101, 'lina在2019-05-14 14:46登录了账号', 1, 1557816413, 0),
(120, 3, 101, 3232235929, 'member', 101, 'lina在2019-05-14 14:54登录了账号', 1, 1557816891, 0),
(121, 3, 1, 3232235929, 'member', 1, '肥丿肥在2019-05-14 15:09登录了账号', 1, 1557817798, 0),
(122, 3, 101, 3232235929, 'member', 101, 'lina在2019-05-14 15:40登录了账号', 1, 1557819653, 0),
(123, 3, 101, 3232235929, 'member', 101, 'lina在2019-05-14 16:11登录了账号', 1, 1557821483, 0),
(124, 11010, 101, 3232235929, 'weibo', 26, 'lina在2019-05-14 16:37发布了新微博：26【积分：+2分】', 1, 1557823070, 1),
(125, 11009, 101, 3232235929, 'weibo_comment', 7, 'lina在2019-05-14 16:38添加了微博评论：7【积分：+1分】【：+1】', 1, 1557823082, 1),
(126, 3, 1, 3232235802, 'member', 1, '肥丿肥在2019-05-14 16:40登录了账号', 1, 1557823207, 0),
(127, 3, 1, 3232235822, 'member', 1, '肥丿肥在2019-05-14 16:53登录了账号', 1, 1557824006, 0),
(128, 3, 101, 3232235929, 'member', 101, 'lina在2019-05-15 09:08登录了账号【积分：+10分】', 1, 1557882533, 1),
(129, 3, 1, 3232235822, 'member', 1, '肥丿肥在2019-05-15 09:19登录了账号', 1, 1557883143, 0),
(130, 3, 1, 3232235802, 'member', 1, '肥丿肥在2019-05-15 09:24登录了账号', 1, 1557883449, 0),
(131, 3, 1, 3232235929, 'member', 1, '肥丿肥在2019-05-15 11:00登录了账号【积分：+10分】', 1, 1557889222, 1),
(132, 3, 1, 3232235929, 'member', 1, '肥丿肥在2019-05-15 11:29登录了账号', 1, 1557890946, 0),
(133, 3, 1, 3232235929, 'member', 1, '肥丿肥在2019-05-15 14:35登录了账号', 1, 1557902126, 0),
(134, 3, 1, 3232235826, 'member', 1, '肥丿肥在2019-05-15 15:06登录了账号', 1, 1557904004, 0),
(135, 3, 1, 3232235844, 'member', 1, '肥丿肥在2019-05-15 16:19登录了账号', 1, 1557908363, 0),
(136, 11010, 101, 3232235929, 'weibo', 27, 'lina在2019-05-15 16:27发布了新微博：27【积分：+2分】【：+2】', 1, 1557908858, 1),
(137, 3, 1, 3232235826, 'member', 1, '肥丿肥在2019-05-15 16:52登录了账号', 1, 1557910348, 0),
(138, 3, 1, 3232235826, 'member', 1, '肥丿肥在2019-05-15 16:58登录了账号', 1, 1557910681, 0),
(139, 3, 101, 3232235929, 'member', 101, 'lina在2019-05-15 17:22登录了账号', 1, 1557912175, 0),
(140, 11009, 101, 3232235929, 'weibo_comment', 8, 'lina在2019-05-15 17:45添加了微博评论：8【积分：+1分】【：+1】', 1, 1557913529, 1),
(141, 11010, 101, 3232235929, 'weibo', 28, 'lina在2019-05-15 18:07发布了新微博：28【积分：+2分】【：+2】', 1, 1557914850, 1),
(142, 3, 101, 3232235929, 'member', 101, 'lina在2019-05-15 18:12登录了账号', 1, 1557915142, 0),
(143, 3, 101, 3232235929, 'member', 101, 'lina在2019-05-16 09:05登录了账号', 1, 1557968735, 0),
(144, 3, 1, 3232235844, 'member', 1, '肥丿肥在2019-05-16 09:21登录了账号', 1, 1557969667, 0),
(145, 3, 1, 3232235844, 'member', 1, '肥丿肥在2019-05-16 09:21登录了账号', 1, 1557969703, 0),
(146, 3, 1, 3232235826, 'member', 1, '肥丿肥在2019-05-16 09:28登录了账号', 1, 1557970098, 0),
(147, 3, 101, 3232235929, 'member', 101, 'lina在2019-05-16 09:43登录了账号【积分：+10分】', 1, 1557971014, 1),
(148, 3, 101, 3232235929, 'member', 101, 'lina在2019-05-16 09:47登录了账号', 1, 1557971235, 0),
(149, 3, 101, 3232235929, 'member', 101, 'lina在2019-05-16 09:49登录了账号', 1, 1557971379, 0),
(150, 3, 101, 3232235929, 'member', 101, 'lina在2019-05-16 09:50登录了账号', 1, 1557971424, 0),
(151, 3, 101, 3232235929, 'member', 101, 'lina在2019-05-16 09:50登录了账号', 1, 1557971442, 0),
(152, 3, 101, 3232235929, 'member', 101, 'lina在2019-05-16 10:30登录了账号', 1, 1557973850, 0),
(153, 3, 101, 3232235929, 'member', 101, 'lina在2019-05-16 10:37登录了账号', 1, 1557974220, 0),
(154, 3, 101, 3232235929, 'member', 101, 'lina在2019-05-16 10:42登录了账号', 1, 1557974551, 0),
(155, 3, 101, 3232235929, 'member', 101, 'lina在2019-05-16 10:43登录了账号', 1, 1557974600, 0),
(156, 3, 101, 3232235929, 'member', 101, 'lina在2019-05-16 10:49登录了账号', 1, 1557974998, 0),
(157, 3, 101, 3232235929, 'member', 101, 'lina在2019-05-16 10:55登录了账号', 1, 1557975324, 0),
(158, 3, 101, 3232235929, 'member', 101, 'lina在2019-05-16 11:02登录了账号', 1, 1557975760, 0),
(159, 3, 101, 3232235929, 'member', 101, 'lina在2019-05-16 11:06登录了账号', 1, 1557975970, 0),
(160, 3, 1, 3232235844, 'member', 1, '肥丿肥在2019-05-16 11:18登录了账号【积分：+10分】', 1, 1557976697, 1),
(161, 3, 101, 3232235929, 'member', 101, 'lina在2019-05-16 14:09登录了账号', 1, 1557986942, 0),
(162, 3, 1, 3232235844, 'member', 1, '肥丿肥在2019-05-16 14:14登录了账号', 1, 1557987292, 0),
(163, 3, 1, 3232235929, 'member', 1, '肥丿肥在2019-05-16 14:18登录了账号', 1, 1557987517, 0),
(164, 3, 1, 3232235929, 'member', 1, '肥丿肥在2019-05-16 14:28登录了账号', 1, 1557988117, 0),
(165, 3, 1, 3232235844, 'member', 1, '肥丿肥在2019-05-16 14:44登录了账号', 1, 1557989054, 0),
(166, 3, 1, 3232235929, 'member', 1, '肥丿肥在2019-05-16 15:07登录了账号', 1, 1557990478, 0),
(167, 3, 1, 3232235844, 'member', 1, '肥丿肥在2019-05-16 15:13登录了账号', 1, 1557990786, 0),
(168, 11010, 1, 3232235929, 'weibo', 29, '肥丿肥在2019-05-16 15:25发布了新微博：29【积分：+2分】【：+2】', 1, 1557991522, 1),
(169, 11009, 1, 3232235929, 'weibo_comment', 9, '肥丿肥在2019-05-16 15:25添加了微博评论：9【积分：+1分】【：+1】', 1, 1557991551, 1),
(170, 11009, 1, 3232235929, 'weibo_comment', 10, '肥丿肥在2019-05-16 15:26添加了微博评论：10【积分：+1分】【：+1】', 1, 1557991606, 1),
(171, 11010, 1, 3232235929, 'weibo', 30, '肥丿肥在2019-05-16 15:27发布了新微博：30【积分：+2分】【：+2】', 1, 1557991661, 1),
(172, 11009, 1, 3232235929, 'weibo_comment', 11, '肥丿肥在2019-05-16 15:27添加了微博评论：11【积分：+1分】【：+1】', 1, 1557991671, 1),
(173, 11009, 1, 3232235929, 'weibo_comment', 12, '肥丿肥在2019-05-16 15:28添加了微博评论：12【积分：+1分】【：+1】', 1, 1557991686, 1),
(174, 11010, 1, 3232235929, 'weibo', 31, '肥丿肥在2019-05-16 15:32发布了新微博：31【积分：+2分】【：+2】', 1, 1557991961, 1),
(175, 11009, 1, 3232235929, 'weibo_comment', 13, '肥丿肥在2019-05-16 15:32添加了微博评论：13【积分：+1分】【：+1】', 1, 1557991976, 1),
(176, 11010, 1, 3232235929, 'weibo', 32, '肥丿肥在2019-05-16 15:33发布了新微博：32【积分：+2分】', 1, 1557992033, 1),
(177, 11010, 1, 3232235929, 'weibo', 33, '肥丿肥在2019-05-16 15:44发布了新微博：33【积分：+2分】', 1, 1557992699, 1),
(178, 11010, 1, 3232235929, 'weibo', 34, '肥丿肥在2019-05-16 15:59发布了新微博：34【积分：+2分】', 1, 1557993567, 1),
(179, 11010, 1, 3232235929, 'weibo', 35, '肥丿肥在2019-05-16 16:01发布了新微博：35【积分：+2分】', 1, 1557993674, 1),
(180, 3, 1, 3232235826, 'member', 1, '肥丿肥在2019-05-16 16:05登录了账号', 1, 1557993946, 0),
(181, 3, 101, 3232235929, 'member', 101, 'lina在2019-05-16 16:10登录了账号', 1, 1557994211, 0),
(182, 3, 1, 3232235929, 'member', 1, '肥丿肥在2019-05-16 16:16登录了账号', 1, 1557994586, 0),
(183, 11010, 1, 3232235929, 'weibo', 36, '肥丿肥在2019-05-16 16:43发布了新微博：36【积分：+2分】', 1, 1557996186, 1),
(184, 11010, 1, 3232235929, 'weibo', 37, '肥丿肥在2019-05-16 16:44发布了新微博：37【积分：+2分】', 1, 1557996262, 1),
(185, 11010, 1, 3232235929, 'weibo', 38, '肥丿肥在2019-05-16 16:47发布了新微博：38【积分：+2分】', 1, 1557996442, 1),
(186, 11010, 1, 3232235929, 'weibo', 39, '肥丿肥在2019-05-16 16:49发布了新微博：39【积分：+2分】', 1, 1557996551, 1),
(187, 11010, 1, 3232235929, 'weibo', 40, '肥丿肥在2019-05-16 16:51发布了新微博：40【积分：+2分】', 1, 1557996700, 1),
(188, 3, 101, 3232235929, 'member', 101, 'lina在2019-05-16 16:57登录了账号', 1, 1557997061, 0),
(189, 3, 1, 3232235929, 'member', 1, '肥丿肥在2019-05-16 17:09登录了账号', 1, 1557997763, 0),
(190, 3, 101, 3232235929, 'member', 101, 'Alina在2019-05-16 17:12登录了账号', 1, 1557997936, 0),
(191, 3, 101, 3232235929, 'member', 101, 'Alina在2019-05-16 17:12登录了账号', 1, 1557997958, 0),
(192, 11010, 101, 3232235929, 'weibo', 41, 'Alina在2019-05-16 17:18发布了新微博：41【积分：+2分】【：+2】', 1, 1557998285, 1),
(193, 3, 101, 3232235929, 'member', 101, 'Alina在2019-05-16 17:22登录了账号', 1, 1557998562, 0),
(194, 3, 1, 3232235929, 'member', 1, '肥丿肥在2019-05-16 17:22登录了账号', 1, 1557998574, 0),
(195, 3, 1, 3232235929, 'member', 1, '肥丿肥在2019-05-16 17:23登录了账号', 1, 1557998590, 0),
(196, 3, 1, 3232235929, 'member', 1, '肥丿肥在2019-05-17 09:13登录了账号', 1, 1558055608, 0),
(197, 3, 1, 3232235844, 'member', 1, '肥丿肥在2019-05-17 09:18登录了账号', 1, 1558055888, 0),
(198, 3, 1, 3232235929, 'member', 1, '肥丿肥在2019-05-17 10:30登录了账号', 1, 1558060201, 0),
(199, 3, 1, 3232235929, 'member', 1, '肥丿肥在2019-05-17 10:58登录了账号', 1, 1558061912, 0),
(200, 11010, 1, 3232235929, 'weibo', 42, '肥丿肥在2019-05-17 11:03发布了新微博：42【积分：+2分】', 1, 1558062203, 1),
(201, 3, 1, 3232235929, 'member', 1, '肥丿肥在2019-05-17 11:12登录了账号', 1, 1558062759, 0),
(202, 3, 101, 3232235929, 'member', 101, 'Alina在2019-05-17 11:41登录了账号【积分：+10分】', 1, 1558064491, 1),
(203, 3, 1, 3232235826, 'member', 1, '肥丿肥在2019-05-17 13:13登录了账号【积分：+10分】', 1, 1558069998, 1),
(204, 3, 1, 3232235826, 'member', 1, '肥丿肥在2019-05-17 13:47登录了账号', 1, 1558072050, 0),
(205, 3, 101, 3232235929, 'member', 101, 'Alina在2019-05-17 14:02登录了账号', 1, 1558072978, 0),
(206, 3, 1, 3232235929, 'member', 1, '肥丿肥在2019-05-17 14:22登录了账号', 1, 1558074177, 0),
(207, 3, 101, 3232235929, 'member', 101, 'Alina在2019-05-17 14:23登录了账号', 1, 1558074185, 0),
(208, 3, 1, 3232235929, 'member', 1, '肥丿肥在2019-05-17 14:41登录了账号', 1, 1558075265, 0),
(209, 3, 101, 3232235929, 'member', 101, 'Alina在2019-05-17 14:44登录了账号', 1, 1558075445, 0),
(210, 3, 101, 3232235929, 'member', 101, 'Alina在2019-05-17 15:06登录了账号', 1, 1558076785, 0),
(211, 1, 102, 3232235819, 'member', 102, '操作url：/ucenter/member/register.html', 1, 1558077315, 0),
(212, 3, 102, 3232235819, 'member', 102, '阿涛在2019-05-17 15:15登录了账号【积分：+10分】', 1, 1558077315, 1),
(213, 11010, 102, 3232235819, 'weibo', 43, '阿涛在2019-05-17 15:17发布了新微博：43【积分：+2分】【：+2】', 1, 1558077451, 1),
(214, 1, 103, 3232235929, 'member', 103, '操作url：/ucenter/member/register.html', 1, 1558077513, 0),
(215, 3, 103, 3232235929, 'member', 103, '囡囡在2019-05-17 15:18登录了账号【积分：+10分】', 1, 1558077513, 1),
(216, 11010, 103, 3232235929, 'weibo', 44, '囡囡在2019-05-17 15:20发布了新微博：44【积分：+2分】【：+2】', 1, 1558077605, 1),
(217, 1, 104, 3232235929, 'member', 104, '操作url：/ucenter/member/register.html', 1, 1558077685, 0),
(218, 3, 104, 3232235929, 'member', 104, '欢子在2019-05-17 15:21登录了账号【积分：+10分】', 1, 1558077685, 1),
(219, 11010, 104, 3232235929, 'weibo', 45, '欢子在2019-05-17 15:22发布了新微博：45【积分：+2分】【：+2】', 1, 1558077724, 1),
(220, 1, 105, 3232235929, 'member', 105, '操作url：/ucenter/member/register.html', 1, 1558077773, 0),
(221, 3, 105, 3232235929, 'member', 105, '强子在2019-05-17 15:22登录了账号【积分：+10分】', 1, 1558077773, 1),
(222, 11010, 105, 3232235929, 'weibo', 46, '强子在2019-05-17 15:24发布了新微博：46【积分：+2分】【：+2】', 1, 1558077842, 1),
(223, 1, 106, 3232235929, 'member', 106, '操作url：/ucenter/member/register.html', 1, 1558077880, 0),
(224, 3, 106, 3232235929, 'member', 106, '阿俊在2019-05-17 15:24登录了账号【积分：+10分】', 1, 1558077880, 1),
(225, 11010, 106, 3232235929, 'weibo', 47, '阿俊在2019-05-17 15:27发布了新微博：47【积分：+2分】【：+2】', 1, 1558078051, 1),
(226, 1, 107, 3232235929, 'member', 107, '操作url：/ucenter/member/register.html', 1, 1558078092, 0),
(227, 3, 107, 3232235929, 'member', 107, '小敏在2019-05-17 15:28登录了账号【积分：+10分】', 1, 1558078092, 1),
(228, 11010, 107, 3232235929, 'weibo', 48, '小敏在2019-05-17 15:29发布了新微博：48【积分：+2分】【：+2】', 1, 1558078171, 1),
(229, 3, 106, 3232235929, 'member', 106, '阿俊在2019-05-17 15:38登录了账号', 1, 1558078721, 0),
(230, 3, 1, 3232235929, 'member', 1, '肥丿肥在2019-05-17 15:41登录了账号', 1, 1558078869, 0),
(231, 3, 1, 3232235826, 'member', 1, '肥丿肥在2019-05-17 15:57登录了账号', 1, 1558079831, 0),
(232, 3, 106, 3232235929, 'member', 106, '阿俊在2019-05-17 16:16登录了账号', 1, 1558081011, 0),
(233, 3, 1, 3232235929, 'member', 1, '肥丿肥在2019-05-17 16:18登录了账号', 1, 1558081111, 0),
(234, 3, 1, 3232235929, 'member', 1, '肥丿肥在2019-05-17 16:20登录了账号', 1, 1558081253, 0),
(235, 3, 106, 3232235929, 'member', 106, '阿俊在2019-05-17 17:02登录了账号', 1, 1558083731, 0),
(236, 3, 1, 3232235826, 'member', 1, '肥丿肥在2019-05-17 17:03登录了账号', 1, 1558083807, 0),
(237, 3, 106, 3232235929, 'member', 106, '阿俊在2019-05-17 17:10登录了账号', 1, 1558084207, 0),
(238, 3, 106, 3232235929, 'member', 106, '阿俊在2019-05-17 17:12登录了账号', 1, 1558084353, 0),
(239, 3, 106, 3232235929, 'member', 106, '阿俊在2019-05-17 17:15登录了账号', 1, 1558084535, 0),
(240, 3, 106, 3232235929, 'member', 106, '阿俊在2019-05-17 17:17登录了账号', 1, 1558084677, 0),
(241, 3, 106, 3232235844, 'member', 106, '阿俊在2019-05-17 17:35登录了账号', 1, 1558085747, 0),
(242, 3, 106, 3232235844, 'member', 106, '阿俊在2019-05-18 09:21登录了账号', 1, 1558142500, 0),
(243, 3, 1, 3232235929, 'member', 1, '肥丿肥在2019-05-18 09:37登录了账号', 1, 1558143458, 0),
(244, 3, 106, 3232235929, 'member', 106, '阿俊在2019-05-18 10:07登录了账号', 1, 1558145251, 0),
(245, 3, 101, 3232235929, 'member', 101, 'Alina在2019-05-18 10:17登录了账号', 1, 1558145869, 0),
(246, 11010, 106, 3232235929, 'weibo', 49, '阿俊在2019-05-18 10:57发布了新微博：49【积分：+2分】【：+2】', 1, 1558148265, 1),
(247, 3, 101, 3232235792, 'member', 101, 'Alina在2019-05-18 11:01登录了账号', 1, 1558148462, 0),
(248, 3, 101, 3232235792, 'member', 101, 'Alina在2019-05-18 11:01登录了账号', 1, 1558148464, 0),
(249, 11009, 101, 3232235792, 'weibo_comment', 14, 'Alina在2019-05-18 11:16添加了微博评论：14【积分：+1分】【：+1】', 1, 1558149395, 1),
(250, 11010, 106, 3232235929, 'weibo', 50, '阿俊在2019-05-18 11:17发布了新微博：50【积分：+2分】【：+2】', 1, 1558149463, 1),
(251, 11010, 106, 3232235929, 'weibo', 51, '阿俊在2019-05-18 11:19发布了新微博：51【积分：+2分】', 1, 1558149566, 1),
(252, 3, 1, 3232235826, 'member', 1, '肥丿肥在2019-05-18 11:36登录了账号', 1, 1558150579, 0),
(253, 3, 106, 3232235929, 'member', 106, '阿俊在2019-05-18 11:50登录了账号', 1, 1558151406, 0),
(254, 3, 1, 3232235844, 'member', 1, '肥丿肥在2019-05-18 12:59登录了账号', 1, 1558155590, 0),
(255, 3, 106, 3232235837, 'member', 106, '阿俊在2019-05-18 14:27登录了账号', 1, 1558160866, 0),
(256, 3, 1, 3232235844, 'member', 1, '肥丿肥在2019-05-18 14:33登录了账号【积分：+10分】', 1, 1558161231, 1),
(257, 3, 106, 3232235929, 'member', 106, '阿俊在2019-05-18 14:38登录了账号', 1, 1558161529, 0),
(258, 11009, 106, 3232235929, 'weibo_comment', 15, '阿俊在2019-05-18 15:21添加了微博评论：15【积分：+1分】【：+1】', 1, 1558164088, 1),
(259, 11010, 106, 3232235929, 'weibo', 52, '阿俊在2019-05-18 15:21发布了新微博：52【积分：+2分】', 1, 1558164105, 1),
(260, 11009, 106, 3232235929, 'weibo_comment', 16, '阿俊在2019-05-18 15:22添加了微博评论：16【积分：+1分】【：+1】', 1, 1558164134, 1),
(261, 11008, 106, 3232235929, 'weibo', 51, '阿俊在2019-05-18 15:32删除了微博：51', 1, 1558164745, 0),
(262, 11008, 106, 3232235929, 'weibo', 52, '阿俊在2019-05-18 15:32删除了微博：52', 1, 1558164769, 0),
(263, 3, 1, 3232235844, 'member', 1, '肥丿肥在2019-05-18 15:35登录了账号', 1, 1558164931, 0),
(264, 11009, 106, 3232235929, 'weibo_comment', 17, '阿俊在2019-05-18 15:56添加了微博评论：17【积分：+1分】【：+1】', 1, 1558166174, 1),
(265, 3, 106, 3232235929, 'member', 106, '阿俊在2019-05-18 16:10登录了账号【积分：+10分】', 1, 1558167029, 1),
(266, 3, 106, 3232235837, 'member', 106, '阿俊在2019-05-18 16:35登录了账号', 1, 1558168540, 0),
(267, 3, 106, 3232235929, 'member', 106, '阿俊在2019-05-18 16:44登录了账号', 1, 1558169045, 0),
(268, 3, 1, 3232235826, 'member', 1, '肥丿肥在2019-05-18 16:49登录了账号', 1, 1558169367, 0),
(269, 3, 1, 3232235844, 'member', 1, '肥丿肥在2019-05-18 16:54登录了账号', 1, 1558169693, 0),
(270, 3, 106, 3232235929, 'member', 106, '阿俊在2019-05-18 17:05登录了账号', 1, 1558170332, 0),
(271, 3, 106, 3232235929, 'member', 106, '阿俊在2019-05-18 17:16登录了账号', 1, 1558170986, 0),
(272, 3, 106, 3232235929, 'member', 106, '阿俊在2019-05-18 17:29登录了账号', 1, 1558171787, 0),
(273, 2, 1, 3232235929, 'ucenter_member', 1, '操作url：/admin.php?s=/public/login.html', 1, 1558172225, 0),
(274, 3, 1, 3232235929, 'member', 1, '肥丿肥在2019-05-18 17:37登录了账号', 1, 1558172231, 0),
(275, 3, 1, 3232235844, 'member', 1, '肥丿肥在2019-05-18 17:48登录了账号', 1, 1558172900, 0),
(276, 3, 106, 3232235837, 'member', 106, '阿俊在2019-05-18 17:51登录了账号', 1, 1558173119, 0),
(277, 3, 106, 3232235837, 'member', 106, '阿俊在2019-05-18 17:52登录了账号', 1, 1558173162, 0),
(278, 11000, 1, 3232235929, 'forum', 2, '用户关注或取消关注论坛板块', 1, 1558173314, 0),
(279, 11000, 1, 3232235929, 'forum', 2, '用户关注或取消关注论坛板块', 1, 1558173315, 0),
(280, 11000, 1, 3232235929, 'forum', 2, '用户关注或取消关注论坛板块', 1, 1558173316, 0),
(281, 3, 1, 3232235843, 'member', 1, '肥丿肥在2019-05-20 09:26登录了账号【积分：+10分】', 1, 1558315579, 1),
(282, 3, 106, 3232235929, 'member', 106, '阿俊在2019-05-20 09:28登录了账号【积分：+10分】', 1, 1558315687, 1),
(283, 3, 106, 3232235810, 'member', 106, '阿俊在2019-05-20 10:17登录了账号', 1, 1558318645, 0),
(284, 11009, 106, 3232235929, 'weibo_comment', 18, '阿俊在2019-05-20 10:58添加了微博评论：18【积分：+1分】【：+1】', 1, 1558321100, 1),
(285, 11010, 106, 3232235929, 'weibo', 53, '阿俊在2019-05-20 11:00发布了新微博：53【积分：+2分】【：+2】', 1, 1558321204, 1),
(286, 3, 106, 3232235929, 'member', 106, '阿俊在2019-05-20 11:42登录了账号', 1, 1558323757, 0),
(287, 1, 108, 3232235803, 'member', 108, '操作url：/ucenter/member/register.html', 1, 1558331683, 0),
(288, 3, 108, 3232235803, 'member', 108, '111111在2019-05-20 13:54登录了账号【积分：+10分】', 1, 1558331683, 1),
(289, 3, 1, 3232235799, 'member', 1, '肥丿肥在2019-05-20 14:00登录了账号', 1, 1558332041, 0),
(290, 3, 106, 3232235810, 'member', 106, '阿俊在2019-05-20 14:04登录了账号', 1, 1558332257, 0),
(291, 3, 108, 3232235803, 'member', 108, '111111在2019-05-20 14:05登录了账号', 1, 1558332344, 0),
(292, 3, 1, 3232235929, 'member', 1, '肥丿肥在2019-05-20 14:06登录了账号', 1, 1558332367, 0),
(293, 3, 108, 3232235803, 'member', 108, '111111在2019-05-20 14:07登录了账号', 1, 1558332428, 0),
(294, 11017, 108, 3232235803, 'question', 1360, '操作url：/question/index/edit.html', 1, 1558332492, 0),
(295, 3, 106, 3232235929, 'member', 106, '阿俊在2019-05-20 14:11登录了账号', 1, 1558332707, 0),
(296, 3, 1, 3232235847, 'member', 1, '肥丿肥在2019-05-20 14:12登录了账号', 1, 1558332732, 0),
(297, 3, 108, 3232235803, 'member', 108, '111111在2019-05-20 14:17登录了账号', 1, 1558333056, 0),
(298, 11010, 108, 3232235803, 'weibo', 54, '111111在2019-05-20 14:17发布了新微博：54【积分：+2分】【：+2】', 1, 1558333078, 1),
(299, 11009, 108, 3232235803, 'weibo_comment', 19, '111111在2019-05-20 14:17添加了微博评论：19【积分：+1分】【：+1】', 1, 1558333078, 1),
(300, 11010, 108, 3232235803, 'weibo', 55, '111111在2019-05-20 14:20发布了新微博：55【积分：+2分】【：+2】', 1, 1558333215, 1),
(301, 3, 1, 3232235799, 'member', 1, '肥丿肥在2019-05-20 14:31登录了账号', 1, 1558333902, 0),
(302, 3, 1, 3232235799, 'member', 1, '肥丿肥在2019-05-20 14:32登录了账号', 1, 1558333923, 0),
(303, 3, 106, 3232235929, 'member', 106, '阿俊在2019-05-20 14:34登录了账号', 1, 1558334064, 0),
(304, 11009, 108, 3232235803, 'weibo_comment', 20, '111111在2019-05-20 14:35添加了微博评论：20【积分：+1分】【：+1】', 1, 1558334157, 1),
(305, 11017, 106, 3232235929, 'question', 1361, '操作url：/question/index/edit.html', 1, 1558334172, 0),
(306, 3, 1, 3232235929, 'member', 1, '肥丿肥在2019-05-20 14:36登录了账号', 1, 1558334218, 0),
(307, 11009, 108, 3232235803, 'weibo_comment', 21, '111111在2019-05-20 14:37添加了微博评论：21【积分：+1分】【：+1】', 1, 1558334226, 1),
(308, 11009, 108, 3232235803, 'weibo_comment', 22, '111111在2019-05-20 14:37添加了微博评论：22【积分：+1分】【：+1】', 1, 1558334242, 1),
(309, 11009, 108, 3232235803, 'weibo_comment', 23, '111111在2019-05-20 14:38添加了微博评论：23【积分：+1分】【：+1】', 1, 1558334287, 1),
(310, 11009, 108, 3232235803, 'weibo_comment', 24, '111111在2019-05-20 14:39添加了微博评论：24【积分：+1分】', 1, 1558334343, 1),
(311, 11009, 106, 3232235929, 'weibo_comment', 25, '阿俊在2019-05-20 14:40添加了微博评论：25【积分：+1分】【：+1】', 1, 1558334401, 1),
(312, 11009, 106, 3232235929, 'weibo_comment', 26, '阿俊在2019-05-20 14:40添加了微博评论：26【积分：+1分】【：+1】', 1, 1558334420, 1),
(313, 11009, 106, 3232235929, 'weibo_comment', 27, '阿俊在2019-05-20 14:42添加了微博评论：27【积分：+1分】【：+1】', 1, 1558334554, 1),
(314, 11009, 106, 3232235929, 'weibo_comment', 28, '阿俊在2019-05-20 14:42添加了微博评论：28【积分：+1分】【：+1】', 1, 1558334569, 1),
(315, 11009, 106, 3232235929, 'weibo_comment', 29, '阿俊在2019-05-20 14:43添加了微博评论：29【积分：+1分】', 1, 1558334590, 1),
(316, 11009, 106, 3232235929, 'weibo_comment', 30, '阿俊在2019-05-20 14:43添加了微博评论：30【积分：+1分】', 1, 1558334616, 1),
(317, 11009, 106, 3232235929, 'weibo_comment', 31, '阿俊在2019-05-20 14:43添加了微博评论：31【积分：+1分】', 1, 1558334630, 1),
(318, 3, 1, 3232235799, 'member', 1, '肥丿肥在2019-05-20 14:44登录了账号', 1, 1558334660, 0),
(319, 11009, 106, 3232235929, 'weibo_comment', 32, '阿俊在2019-05-20 14:45添加了微博评论：32【积分：+1分】', 1, 1558334735, 1),
(320, 11009, 106, 3232235929, 'weibo_comment', 33, '阿俊在2019-05-20 14:45添加了微博评论：33【积分：+1分】', 1, 1558334752, 1),
(321, 3, 106, 3232235810, 'member', 106, '阿俊在2019-05-20 14:47登录了账号', 1, 1558334823, 0),
(322, 11009, 106, 3232235810, 'weibo_comment', 34, '阿俊在2019-05-20 14:47添加了微博评论：34【积分：+1分】', 1, 1558334838, 1),
(323, 11009, 106, 3232235810, 'weibo_comment', 35, '阿俊在2019-05-20 14:52添加了微博评论：35【积分：+1分】', 1, 1558335164, 1),
(324, 11009, 106, 3232235810, 'weibo_comment', 36, '阿俊在2019-05-20 14:53添加了微博评论：36【积分：+1分】', 1, 1558335214, 1),
(325, 11009, 106, 3232235929, 'weibo_comment', 37, '阿俊在2019-05-20 14:59添加了微博评论：37【积分：+1分】', 1, 1558335577, 1),
(326, 11009, 106, 3232235929, 'weibo_comment', 38, '阿俊在2019-05-20 15:01添加了微博评论：38【积分：+1分】', 1, 1558335686, 1),
(327, 11009, 106, 3232235810, 'weibo_comment', 39, '阿俊在2019-05-20 15:06添加了微博评论：39【积分：+1分】', 1, 1558335981, 1),
(328, 11009, 106, 3232235810, 'weibo_comment', 40, '阿俊在2019-05-20 15:08添加了微博评论：40【积分：+1分】', 1, 1558336100, 1),
(329, 11009, 106, 3232235810, 'weibo_comment', 41, '阿俊在2019-05-20 15:10添加了微博评论：41【积分：+1分】', 1, 1558336244, 1),
(330, 11009, 106, 3232235810, 'weibo_comment', 42, '阿俊在2019-05-20 15:16添加了微博评论：42【积分：+1分】', 1, 1558336598, 1),
(331, 3, 1, 3232235843, 'member', 1, '肥丿肥在2019-05-20 15:21登录了账号', 1, 1558336867, 0),
(332, 11009, 106, 3232235929, 'weibo_comment', 43, '阿俊在2019-05-20 15:26添加了微博评论：43【积分：+1分】', 1, 1558337202, 1),
(333, 11009, 106, 3232235929, 'weibo_comment', 44, '阿俊在2019-05-20 15:37添加了微博评论：44【积分：+1分】', 1, 1558337849, 1),
(334, 11009, 106, 3232235929, 'weibo_comment', 45, '阿俊在2019-05-20 15:38添加了微博评论：45【积分：+1分】', 1, 1558337885, 1),
(335, 11009, 106, 3232235810, 'weibo_comment', 46, '阿俊在2019-05-20 15:38添加了微博评论：46【积分：+1分】', 1, 1558337895, 1),
(336, 3, 1, 3232235843, 'member', 1, '肥丿肥在2019-05-20 15:55登录了账号', 1, 1558338951, 0),
(337, 3, 106, 3232235929, 'member', 106, '阿俊在2019-05-20 16:00登录了账号', 1, 1558339245, 0),
(338, 3, 1, 3232235799, 'member', 1, '肥丿肥在2019-05-20 16:12登录了账号', 1, 1558339955, 0),
(339, 3, 106, 3232235810, 'member', 106, '阿俊在2019-05-20 16:13登录了账号', 1, 1558340029, 0),
(340, 3, 106, 3232235929, 'member', 106, '阿俊在2019-05-20 16:25登录了账号', 1, 1558340732, 0),
(341, 11017, 106, 3232235929, 'question', 1362, '操作url：/question/index/edit.html', 1, 1558340879, 0),
(342, 3, 1, 3232235929, 'member', 1, '肥丿肥在2019-05-20 16:29登录了账号', 1, 1558340972, 0),
(343, 11017, 106, 3232235929, 'question', 1363, '操作url：/question/index/edit.html', 1, 1558341096, 0),
(344, 3, 1, 3232235843, 'member', 1, '肥丿肥在2019-05-20 16:39登录了账号', 1, 1558341555, 0),
(345, 3, 106, 3232235799, 'member', 106, '阿俊在2019-05-20 16:45登录了账号', 1, 1558341927, 0),
(346, 11017, 106, 3232235799, 'question', 1364, '操作url：/question/index/edit.html', 1, 1558342003, 0),
(347, 3, 1, 3232235799, 'member', 1, '肥丿肥在2019-05-20 16:47登录了账号', 1, 1558342065, 0),
(348, 3, 101, 3232235929, 'member', 101, 'Alina在2019-05-20 17:01登录了账号【积分：+10分】', 1, 1558342874, 1),
(349, 3, 1, 3232235929, 'member', 1, '肥丿肥在2019-05-20 17:03登录了账号', 1, 1558342982, 0),
(350, 3, 106, 3232235799, 'member', 106, '阿俊在2019-05-20 17:17登录了账号', 1, 1558343861, 0),
(351, 3, 106, 3232235799, 'member', 106, '阿俊在2019-05-20 17:32登录了账号', 1, 1558344764, 0),
(352, 3, 106, 3232235929, 'member', 106, '阿俊在2019-05-20 17:34登录了账号', 1, 1558344894, 0),
(354, 3, 106, 3232235799, 'member', 106, '阿俊在2019-05-21 09:05登录了账号', 1, 1558400730, 0),
(355, 3, 1, 3232235843, 'member', 1, '肥丿肥在2019-05-21 09:16登录了账号', 1, 1558401400, 0),
(356, 3, 106, 3232235799, 'member', 106, '阿俊在2019-05-21 16:55登录了账号【积分：+10分】', 1, 1558428912, 1),
(357, 3, 106, 3232235799, 'member', 106, '阿俊在2019-05-21 17:07登录了账号', 1, 1558429645, 0),
(358, 3, 106, 3232235799, 'member', 106, '阿俊在2019-05-23 10:02登录了账号【积分：+10分】', 1, 1558576955, 1);

-- --------------------------------------------------------

--
-- 表的结构 `ocenter_addons`
--

CREATE TABLE IF NOT EXISTS `ocenter_addons` (
  `id` int(10) unsigned NOT NULL COMMENT '主键',
  `name` varchar(40) NOT NULL COMMENT '插件名或标识',
  `title` varchar(20) NOT NULL DEFAULT '' COMMENT '中文名',
  `description` text COMMENT '插件描述',
  `status` tinyint(1) NOT NULL DEFAULT '1' COMMENT '状态',
  `config` text COMMENT '配置',
  `author` varchar(40) DEFAULT '' COMMENT '作者',
  `version` varchar(20) DEFAULT '' COMMENT '版本号',
  `create_time` int(10) unsigned NOT NULL DEFAULT '0' COMMENT '安装时间',
  `has_adminlist` tinyint(1) unsigned NOT NULL DEFAULT '0' COMMENT '是否有后台列表'
) ENGINE=MyISAM AUTO_INCREMENT=16 DEFAULT CHARSET=utf8 COMMENT='插件表';

--
-- 转存表中的数据 `ocenter_addons`
--

INSERT INTO `ocenter_addons` (`id`, `name`, `title`, `description`, `status`, `config`, `author`, `version`, `create_time`, `has_adminlist`) VALUES
(7, 'CheckIn', '签到', '签到插件', 1, '{"random":"1"}', 'xjw129xjt(肖骏涛)', '0.1', 1432791968, 0),
(8, 'Support', '赞', '赞的功能', 1, 'null', '嘉兴想天信息科技有限公司', '0.1', 1432792013, 0),
(9, 'SuperLinks', '合作单位', '合作单位', 1, '{"random":"1"}', '苏南 newsn.net', '0.1', 1432792019, 1),
(10, 'Report', '举报后台', '可举报不法数据', 1, '{"meta":""}', '想天科技xuminwei', '0.1', 1432792026, 1),
(11, 'LocalComment', '本地评论', '本地评论插件，不依赖社会化评论平台', 1, '{"can_guest_comment":"0"}', 'caipeichao', '0.1', 1432792035, 0),
(12, 'ChinaCity', '中国省市区三级联动', '每个系统都需要的一个中国省市区三级联动插件。想天-駿濤修改，将镇级地区移除', 1, 'null', 'i友街', '2.0', 1432792040, 0),
(13, 'Recommend', '推荐关注', '可选择多种方法推荐用户', 1, '{"howToRecommend":"1","howManyRecommend":"1","recommendUser":"1"}', '嘉兴想天信息科技有限公司', '0.1', 1432792055, 1),
(14, 'SyncLogin', '同步登陆', '同步登陆', 1, '{"type":null,"meta":"","bind":"0","QqKEY":"","QqSecret":"","SinaKEY":"","SinaSecret":"","WeixinKEY":"","WeixinSecret":""}', 'xjw129xjt', '0.1', 1432792112, 0),
(15, 'InsertLocalVideo', '插入本地视频', '微博插入本地视频，暂时支持MP4、flv', 1, 'null', 'fan', '0.0.3', 1557392269, 0);

-- --------------------------------------------------------

--
-- 表的结构 `ocenter_adv`
--

CREATE TABLE IF NOT EXISTS `ocenter_adv` (
  `id` int(11) unsigned NOT NULL COMMENT '主键',
  `title` char(80) NOT NULL DEFAULT '' COMMENT '广告名称',
  `pos_id` int(11) NOT NULL COMMENT '广告位置',
  `data` text NOT NULL COMMENT '图片地址',
  `click_count` int(11) NOT NULL COMMENT '点击量',
  `url` varchar(500) NOT NULL COMMENT '链接地址',
  `sort` int(3) unsigned NOT NULL DEFAULT '0' COMMENT '排序',
  `status` tinyint(2) NOT NULL DEFAULT '1' COMMENT '状态（0：禁用，1：正常）',
  `create_time` int(11) unsigned NOT NULL DEFAULT '0' COMMENT '开始时间',
  `start_time` int(11) DEFAULT NULL,
  `end_time` int(11) unsigned DEFAULT '0' COMMENT '结束时间',
  `target` varchar(20) DEFAULT '_blank'
) ENGINE=MyISAM AUTO_INCREMENT=10022 DEFAULT CHARSET=utf8 ROW_FORMAT=DYNAMIC COMMENT='广告表';

--
-- 转存表中的数据 `ocenter_adv`
--

INSERT INTO `ocenter_adv` (`id`, `title`, `pos_id`, `data`, `click_count`, `url`, `sort`, `status`, `create_time`, `start_time`, `end_time`, `target`) VALUES
(10000, '个人资料下方的广告 04月22日 添加', 4, '{"pic":2,"target":"_blank"}', 0, '', 1, 1, 1555920613, 0, 0, '_blank'),
(10001, '个人资料下方的广告 04月22日 添加', 4, '{"pic":2,"target":"_blank"}', 0, '', 1, 1, 1555920670, 1555920670, 1556525470, '_blank'),
(10002, '签到下方广告的广告 04月22日 添加', 2, '{"pic":2,"target":"_blank"}', 0, '', 1, -1, 1555920689, 1555920689, 1556525489, '_blank'),
(10003, '论坛首页的广告 04月22日 添加', 10000, '{"pic":39,"target":"_blank"}', 0, '', 1, 1, 1555921247, 1555921247, 1582986000, '_blank'),
(10021, '', 9, '{"pic":38,"target":"_blank"}', 0, '', 0, 1, 1557998651, 1556180601, 1587727200, '_blank'),
(10020, '', 9, '{"pic":24,"target":"_blank"}', 0, '', 1, 1, 1557998651, 1554451500, 1590753300, '_blank'),
(10011, '论坛首页的广告 05月16日 添加', 10000, '{"pic":0,"target":"_blank"}', 0, '', 1, 1, 1557988904, 1557878400, 1558593704, '_blank'),
(10012, '论坛右侧的广告 05月16日 添加', 10001, '{"pic":18,"target":"_blank"}', 0, '', 1, 0, 1557989137, 1557989137, 1558593936, '_blank'),
(10013, '论坛右侧的广告 05月16日 添加', 10001, '{"pic":0,"target":"_blank"}', 0, '', 1, 0, 1557989156, 1557989156, 1558593956, '_blank'),
(10014, '版块列表头部的广告 05月16日 添加', 10002, '{"pic":40,"target":"_blank"}', 0, '', 1, 1, 1557989607, 1557989607, 1574952600, '_blank'),
(10015, '个人资料下方的广告 05月16日 添加', 10010, '{"pic":41,"target":"_blank"}', 0, '', 1, 1, 1557990352, 1557990352, 1580472300, '_blank'),
(10016, '签到下方广告的广告 05月16日 添加', 2, '{"pic":17,"target":"_blank"}', 0, '', 1, 1, 1557990540, 1557990540, 1558595340, '_blank'),
(10017, '签到下方广告的广告 05月16日 添加', 10003, '{"pic":16,"target":"_blank"}', 0, '', 1, 1, 1557990570, 1557990570, 1575011100, '_blank'),
(10018, '签到下方广告的广告 05月16日 添加', 10011, '{"pic":17,"target":"_blank"}', 0, '', 1, 1, 1557990596, 1557990596, 1585292700, '_blank'),
(10019, '论坛右侧的广告 05月16日 添加', 10001, '{"pic":41,"target":"_blank"}', 0, '', 1, 1, 1557991166, 1557991166, 1590823200, '_blank');

-- --------------------------------------------------------

--
-- 表的结构 `ocenter_adv_pos`
--

CREATE TABLE IF NOT EXISTS `ocenter_adv_pos` (
  `id` int(11) unsigned NOT NULL COMMENT '主键',
  `name` varchar(50) NOT NULL,
  `title` char(80) NOT NULL DEFAULT '' COMMENT '广告位置名称',
  `path` varchar(100) NOT NULL COMMENT '所在路径 模块/控制器/方法',
  `type` int(11) unsigned NOT NULL DEFAULT '1' COMMENT '广告位类型 \r\n1.单图\r\n2.多图\r\n3.文字链接\r\n4.代码',
  `status` tinyint(2) NOT NULL DEFAULT '1' COMMENT '状态（0：禁用，1：正常）',
  `data` varchar(500) NOT NULL COMMENT '额外的数据',
  `width` char(20) NOT NULL DEFAULT '' COMMENT '广告位置宽度',
  `height` char(20) NOT NULL DEFAULT '' COMMENT '广告位置高度',
  `margin` varchar(50) NOT NULL COMMENT '边缘',
  `padding` varchar(50) NOT NULL COMMENT '留白',
  `theme` varchar(50) NOT NULL DEFAULT 'all' COMMENT '适用主题，默认为all，通用'
) ENGINE=MyISAM AUTO_INCREMENT=10017 DEFAULT CHARSET=utf8 ROW_FORMAT=DYNAMIC COMMENT='广告位置表';

--
-- 转存表中的数据 `ocenter_adv_pos`
--

INSERT INTO `ocenter_adv_pos` (`id`, `name`, `title`, `path`, `type`, `status`, `data`, `width`, `height`, `margin`, `padding`, `theme`) VALUES
(1, 'right_below_all', '右侧底部广告', 'Weibo/Index/index', 1, -1, '0', '280px', '100px', '', '', 'all'),
(2, 'below_checkrank', '签到下方广告', 'Weibo/Index/index', 1, -1, '0', '300px', '100px', '0 0 10px 0', '', 'all'),
(3, 'filter_right', '过滤右方', 'Weibo/Index/index', 3, -1, '0', '300px', '30px', '', '', 'all'),
(10, 'below_post_content', '帖子主题下方广告1', 'Forum/Index/index', 1, 0, '0', '680px', '100px', '', '', 'all'),
(11, 'below_post_content', '论坛帖子主题下方广告', 'Forum/Index/detail', 1, 0, '', '680px', '100px', '', '', 'all'),
(4, 'below_self_info', '个人资料下方', 'Weibo/Index/index', 1, 0, '', '280px', '100px', '0 0 10px 0', '', 'all'),
(5, 'index_top', '资讯首页顶部广告', 'News/Index/index', 2, 1, '', '738px', '240px', '', '', 'all'),
(6, 'index_bottom_top', '资讯首页右侧最底部广告', 'News/Index/index', 1, 1, '', '360px', '120px', '10px 0 0 0', '', 'all'),
(9, 'slider', '首页轮播图', 'Home/Index/index', 2, 1, '{"style":1}', '840px', '320px', '0 0 15px 0', '', 'all'),
(7, 'index_right_top', '资讯首页右侧最顶部广告', 'News/Index/index', 1, 1, '[]', '360px', '120px', '0 0 10px 0', '', 'all'),
(8, 'below_article_content', '资讯文章内容下方广告', 'News/Index/detail', 1, 1, '', '690px', '100px', '', '', 'all'),
(10000, 'up_forum', '论坛首页', 'Forum/Index/index', 1, 1, '[]', '900px', '220px', '', '', 'all'),
(10001, 'right_bottom_forum', '论坛右侧', 'Forum/Index/index', 1, 0, '[]', '300px', '220px', '', '', 'all'),
(10002, 'over_forum_list', '版块列表头部', 'Forum/Index/lists', 1, 1, '[]', '1220px', '430px', '0 0 10px 0', '', 'all'),
(10003, 'checkrank_bottom', '签到下方广告', 'Weibo/Index/index', 1, -1, '[]', '300px', '100px', '', '', 'all'),
(10004, 'below_self_info', '个人资料下方', 'Weibo/Index/search', 1, -1, '[]', '280px', '100px', '0\n    0 10px 0', '', 'all'),
(10005, 'below_checkrank', '签到下方广告', 'Weibo/Index/search', 1, -1, '[]', '280px', '100px', '', '', 'all'),
(10006, 'checkrank_bottom', '签到下方广告', 'Weibo/Index/search', 1, -1, '[]', '300px', '100px', '', '', 'all'),
(10007, 'below_self_info', '个人资料下方', 'Weibo/Index/index', 1, 0, '[]', '280px', '100px', '0    0 10px 0', '', 'all'),
(10008, 'below_self_info', '个人资料下方', 'Weibo/Index/index', 1, -1, '[]', '280px', '100px', '0\n    0 10px 0', '', 'all'),
(10009, 'below_self_info', '个人资料下方', 'Weibo/Index/index', 1, -1, '[]', '280px', '100px', '0\n    0 10px 0', '', 'all'),
(10010, 'below_self_info', '个人资料下方', 'Weibo/Index/index', 1, 1, '[]', '300px', '100px', '0    0 10px 0', '', 'all'),
(10011, 'below_checkrank', '签到下方广告', 'Weibo/Index/index', 1, 1, '[]', '300px', '100px', '', '', 'all'),
(10012, 'below_self_info', '个人资料下方', 'Weibo/Index/search', 1, 1, '[]', '280px', '100px', '0\n    0 10px 0', '', 'all'),
(10013, 'below_checkrank', '签到下方广告', 'Weibo/Index/search', 1, 1, '[]', '280px', '100px', '', '', 'all'),
(10014, 'checkrank_bottom', '签到下方广告', 'Weibo/Index/search', 1, 1, '[]', '300px', '100px', '', '', 'all'),
(10015, 'checkrank_bottom', '签到下方广告', 'Weibo/Index/index', 1, 1, '[]', '300px', '100px', '', '', 'all'),
(10016, 'right_bottom_forum', '论坛右侧', 'Forum/Index/index', 1, 1, '[]', '300px', '220px', '', '', 'all');

-- --------------------------------------------------------

--
-- 表的结构 `ocenter_album`
--

CREATE TABLE IF NOT EXISTS `ocenter_album` (
  `id` int(11) NOT NULL,
  `title` varchar(50) NOT NULL COMMENT '标题',
  `type_idtop` int(11) DEFAULT NULL COMMENT '所属大类',
  `type_id` int(11) DEFAULT NULL COMMENT '所属分类',
  `intro` text NOT NULL,
  `uid` int(11) NOT NULL COMMENT '发布者id',
  `cover_id` int(11) DEFAULT NULL COMMENT '封面id',
  `view_count` int(11) NOT NULL DEFAULT '0' COMMENT '阅读数',
  `reply_count` int(11) DEFAULT '0' COMMENT '回复数',
  `create_time` int(11) NOT NULL,
  `update_time` int(11) NOT NULL,
  `status` tinyint(3) DEFAULT NULL COMMENT '状态',
  `photos_count` int(11) DEFAULT '0' COMMENT '照片数量',
  `sort` int(11) DEFAULT NULL COMMENT '排序',
  `url` varchar(200) NOT NULL DEFAULT ''
) ENGINE=MyISAM AUTO_INCREMENT=11 DEFAULT CHARSET=utf8 COMMENT='相册内容表';

--
-- 转存表中的数据 `ocenter_album`
--

INSERT INTO `ocenter_album` (`id`, `title`, `type_idtop`, `type_id`, `intro`, `uid`, `cover_id`, `view_count`, `reply_count`, `create_time`, `update_time`, `status`, `photos_count`, `sort`, `url`) VALUES
(2, 'g', 1, 2, 'ddgd', 1, 38, 0, 0, 1557731945, 1557731945, 1, 2, 1, ''),
(3, '11', 1, 2, 'www', 1, 15, 0, 0, 1557739010, 1557739010, 1, 0, 1, ''),
(4, '新闻资讯', 1, 2, 'http://192.168.1.210/weibo', 101, 17, 0, 0, 1557739664, 1557739664, 1, 1, 1, ''),
(9, '幸福的生活在路上', 1, 2, '幸福的生活在路上', 107, 40, 0, 0, 1558078267, 1558078267, 1, 1, 1, ''),
(7, '哦我去翁群无', 1, 2, '王企鹅额', 101, 15, 0, 0, 1557901358, 1557901358, 1, 2, 1, ''),
(8, '军旅生活', 1, 2, '记录生活中的点点滴滴', 101, 34, 0, 0, 1557997612, 1557997612, 1, 4, 1, ''),
(10, '新闻资讯', 0, 0, '新闻资讯', 106, 53, 0, 0, 1558166466, 1558166466, 1, 4, 1, '');

-- --------------------------------------------------------

--
-- 表的结构 `ocenter_album_photos`
--

CREATE TABLE IF NOT EXISTS `ocenter_album_photos` (
  `id` int(11) NOT NULL,
  `title` varchar(255) NOT NULL DEFAULT '',
  `size` int(11) DEFAULT NULL COMMENT '图片大小',
  `uid` int(11) DEFAULT NULL,
  `create_time` int(11) DEFAULT NULL,
  `update_time` int(11) DEFAULT NULL,
  `status` tinyint(3) DEFAULT NULL COMMENT '状态',
  `photo_id` int(11) DEFAULT NULL COMMENT '照片id',
  `album_id` varchar(11) DEFAULT NULL COMMENT '所在相册id',
  `reply_count` int(11) DEFAULT '0' COMMENT '回复数',
  `view_count` int(11) DEFAULT '0' COMMENT '阅读数',
  `label` varchar(255) DEFAULT NULL COMMENT '标签'
) ENGINE=MyISAM AUTO_INCREMENT=27 DEFAULT CHARSET=utf8;

--
-- 转存表中的数据 `ocenter_album_photos`
--

INSERT INTO `ocenter_album_photos` (`id`, `title`, `size`, `uid`, `create_time`, `update_time`, `status`, `photo_id`, `album_id`, `reply_count`, `view_count`, `label`) VALUES
(4, '', 0, 1, 1557739021, 1557739021, 0, 15, '3', 0, 0, NULL),
(5, '', 0, 101, 1557739674, 1557739674, 0, 17, '4', 0, 0, NULL),
(6, '', 0, 1, 1557739911, 1557739911, 0, 17, '', 0, 0, NULL),
(7, '', 0, 101, 1557740222, 1557740222, 0, 15, '5', 0, 0, NULL),
(8, '', 0, 101, 1557901368, 1557901368, 0, 15, '7', 0, 0, NULL),
(9, '', 0, 101, 1557901631, 1557901631, 0, 18, '7', 0, 0, NULL),
(10, '', 0, 1, 1557997017, 1557997017, 1, 37, '', 0, 0, NULL),
(11, '', 0, 101, 1557997113, 1557997113, 1, 37, '', 0, 0, NULL),
(12, '', 0, 101, 1557997637, 1557997637, 0, 34, '8', 0, 0, NULL),
(13, '', 0, 101, 1557997657, 1557997657, 1, 37, '8', 0, 0, NULL),
(14, '', 0, 101, 1557997672, 1557997672, 1, 28, '8', 0, 0, NULL),
(15, '', 0, 1, 1558075424, 1558075424, 1, 38, '2', 0, 0, NULL),
(16, '', 0, 1, 1558075432, 1558075432, 1, 40, '2', 0, 0, NULL),
(17, '', 0, 101, 1558075475, 1558075475, 1, 40, '7', 0, 0, NULL),
(18, '', 0, 101, 1558075524, 1558075524, 1, 39, '7', 0, 0, NULL),
(19, '', 0, 101, 1558075546, 1558075546, 1, 39, '4', 0, 0, NULL),
(20, '', 0, 101, 1558076321, 1558076321, 1, 38, '8', 0, 0, NULL),
(21, '', 0, 101, 1558076331, 1558076331, 1, 40, '8', 0, 0, NULL),
(22, '', 0, 107, 1558078276, 1558078276, 1, 40, '9', 0, 0, NULL),
(23, '', 0, 106, 1558166451, 1558166451, 1, 53, '10', 0, 0, NULL),
(24, '', 0, 106, 1558166451, 1558166451, 1, 54, '10', 0, 0, NULL),
(25, '', 0, 106, 1558166451, 1558166451, 1, 55, '10', 0, 0, NULL),
(26, '', 0, 106, 1558166451, 1558166451, 1, 56, '10', 0, 0, NULL);

-- --------------------------------------------------------

--
-- 表的结构 `ocenter_album_square`
--

CREATE TABLE IF NOT EXISTS `ocenter_album_square` (
  `id` int(11) NOT NULL,
  `picture_id` int(11) NOT NULL,
  `uid` int(11) NOT NULL,
  `status` tinyint(4) NOT NULL,
  `create_time` int(11) NOT NULL
) ENGINE=MyISAM DEFAULT CHARSET=utf8;

-- --------------------------------------------------------

--
-- 表的结构 `ocenter_album_type`
--

CREATE TABLE IF NOT EXISTS `ocenter_album_type` (
  `id` int(11) NOT NULL,
  `title` varchar(40) NOT NULL,
  `create_time` int(11) NOT NULL,
  `update_time` int(11) NOT NULL,
  `status` tinyint(3) DEFAULT NULL COMMENT '状态',
  `allow_post` tinyint(4) NOT NULL,
  `pid` int(11) NOT NULL,
  `sort` int(11) NOT NULL
) ENGINE=MyISAM AUTO_INCREMENT=3 DEFAULT CHARSET=utf8;

--
-- 转存表中的数据 `ocenter_album_type`
--

INSERT INTO `ocenter_album_type` (`id`, `title`, `create_time`, `update_time`, `status`, `allow_post`, `pid`, `sort`) VALUES
(1, '默认', 1482472652, 1482472652, 1, 0, 0, 0),
(2, '默认', 1482472665, 1482472665, 1, 0, 1, 0);

-- --------------------------------------------------------

--
-- 表的结构 `ocenter_announce`
--

CREATE TABLE IF NOT EXISTS `ocenter_announce` (
  `id` int(11) NOT NULL,
  `title` varchar(50) NOT NULL,
  `is_force` tinyint(4) NOT NULL COMMENT '是否强制推送',
  `content` text NOT NULL,
  `link` varchar(200) NOT NULL,
  `status` tinyint(4) NOT NULL,
  `create_time` int(11) NOT NULL,
  `end_time` int(11) NOT NULL,
  `sort` int(11) NOT NULL,
  `arrive` int(11) NOT NULL DEFAULT '0'
) ENGINE=MyISAM DEFAULT CHARSET=utf8 COMMENT='公告表';

-- --------------------------------------------------------

--
-- 表的结构 `ocenter_announce_arrive`
--

CREATE TABLE IF NOT EXISTS `ocenter_announce_arrive` (
  `id` int(11) NOT NULL,
  `uid` int(11) NOT NULL,
  `announce_id` int(11) NOT NULL,
  `create_time` int(11) NOT NULL
) ENGINE=MyISAM DEFAULT CHARSET=utf8 COMMENT='公告确认记录';

-- --------------------------------------------------------

--
-- 表的结构 `ocenter_app_nav`
--

CREATE TABLE IF NOT EXISTS `ocenter_app_nav` (
  `id` int(10) unsigned NOT NULL COMMENT 'ID',
  `name` char(30) NOT NULL COMMENT '系统模块名,如weibo',
  `title` char(30) NOT NULL COMMENT '文字标题,如微博',
  `url` char(100) NOT NULL COMMENT '导航连接',
  `type` char(12) NOT NULL DEFAULT '0' COMMENT '导航类型(自定义或者系统)',
  `sort` int(10) unsigned NOT NULL DEFAULT '0' COMMENT '导航排序',
  `create_time` int(10) unsigned NOT NULL DEFAULT '0' COMMENT '创建时间',
  `update_time` int(10) unsigned NOT NULL DEFAULT '0' COMMENT '更新时间',
  `status` tinyint(4) NOT NULL DEFAULT '0' COMMENT '状态',
  `target` tinyint(2) unsigned NOT NULL DEFAULT '0' COMMENT '是否新窗口打开',
  `icon` varchar(20) NOT NULL,
  `title_color` varchar(30) NOT NULL,
  `icon_color` varchar(30) NOT NULL,
  `remark` text NOT NULL COMMENT '备注信息'
) ENGINE=MyISAM AUTO_INCREMENT=4 DEFAULT CHARSET=utf8;

--
-- 转存表中的数据 `ocenter_app_nav`
--

INSERT INTO `ocenter_app_nav` (`id`, `name`, `title`, `url`, `type`, `sort`, `create_time`, `update_time`, `status`, `target`, `icon`, `title_color`, `icon_color`, `remark`) VALUES
(1, 'Weibo', '微博', 'Weibo/index/index', 'module', 0, 1556000425, 1556000425, 1, 0, '', '', '', '动态模块，用户可以发布动态'),
(2, 'Forum', '论坛Pro', 'Forum/index/index', 'module', 0, 1556000425, 1556000425, 1, 0, '', '', '', '论坛模块，轻便强大的论坛模块'),
(3, 'People', '会员展示', 'People/index/index', 'module', 0, 1556000425, 1556000425, 1, 0, '', '', '', '会员展示模块，可以用于会员的查找');

-- --------------------------------------------------------

--
-- 表的结构 `ocenter_attachment`
--

CREATE TABLE IF NOT EXISTS `ocenter_attachment` (
  `id` int(10) unsigned NOT NULL,
  `uid` int(10) unsigned NOT NULL DEFAULT '0' COMMENT '用户ID',
  `title` char(30) NOT NULL DEFAULT '' COMMENT '附件显示名',
  `type` tinyint(3) unsigned NOT NULL DEFAULT '0' COMMENT '附件类型',
  `source` int(10) unsigned NOT NULL DEFAULT '0' COMMENT '资源ID',
  `record_id` int(10) unsigned NOT NULL DEFAULT '0' COMMENT '关联记录ID',
  `download` int(10) unsigned NOT NULL DEFAULT '0' COMMENT '下载次数',
  `size` bigint(20) unsigned NOT NULL DEFAULT '0' COMMENT '附件大小',
  `dir` int(12) unsigned NOT NULL DEFAULT '0' COMMENT '上级目录ID',
  `sort` int(8) unsigned NOT NULL DEFAULT '0' COMMENT '排序',
  `create_time` int(10) unsigned NOT NULL DEFAULT '0' COMMENT '创建时间',
  `update_time` int(11) unsigned NOT NULL DEFAULT '0' COMMENT '更新时间',
  `status` tinyint(1) NOT NULL DEFAULT '0' COMMENT '状态'
) ENGINE=MyISAM DEFAULT CHARSET=utf8 COMMENT='附件表';

-- --------------------------------------------------------

--
-- 表的结构 `ocenter_attest`
--

CREATE TABLE IF NOT EXISTS `ocenter_attest` (
  `id` int(11) NOT NULL,
  `uid` int(11) NOT NULL,
  `attest_type_id` int(11) NOT NULL COMMENT '认证类型id',
  `child_type` varchar(25) NOT NULL COMMENT '认证称号',
  `company_name` varchar(250) NOT NULL COMMENT '公司名',
  `name` varchar(50) NOT NULL COMMENT '真实姓名',
  `id_num` varchar(25) NOT NULL COMMENT '身份证号码',
  `phone` varchar(25) NOT NULL COMMENT '联系方式',
  `image_type` varchar(50) NOT NULL COMMENT '证件类型',
  `prove_image` varchar(100) NOT NULL COMMENT '企业证明、组织证明材料图片ids',
  `image` varchar(100) NOT NULL COMMENT '身份证正反面照ids',
  `other_image` varchar(100) NOT NULL COMMENT '手持身份证或其他证明材料',
  `info` text NOT NULL COMMENT '认证补充',
  `reason` varchar(200) NOT NULL COMMENT '认证失败原因',
  `status` tinyint(4) NOT NULL COMMENT '认证状态',
  `create_time` int(11) NOT NULL COMMENT '发起认证时间',
  `update_time` int(11) NOT NULL COMMENT '更新时间'
) ENGINE=MyISAM AUTO_INCREMENT=3 DEFAULT CHARSET=utf8 COMMENT='认证表';

--
-- 转存表中的数据 `ocenter_attest`
--

INSERT INTO `ocenter_attest` (`id`, `uid`, `attest_type_id`, `child_type`, `company_name`, `name`, `id_num`, `phone`, `image_type`, `prove_image`, `image`, `other_image`, `info`, `reason`, `status`, `create_time`, `update_time`) VALUES
(1, 106, 1, '优秀二次开发者', '', 'lina ', '610202198803042428', '13279203661', '身份证', '', '59', '60', 'ceshi', '', 1, 1558332799, 1558332799),
(2, 101, 1, '优秀二次开发者', '', '李娜', '610202199505082428', '13279203661', '身份证', '', '59,61', '62', '申请认证', '', 2, 1558342952, 1558342952);

-- --------------------------------------------------------

--
-- 表的结构 `ocenter_attest_type`
--

CREATE TABLE IF NOT EXISTS `ocenter_attest_type` (
  `id` int(11) NOT NULL,
  `name` varchar(25) NOT NULL COMMENT '认证类型标识',
  `title` varchar(25) NOT NULL COMMENT '标题',
  `logo` int(11) NOT NULL COMMENT '图标',
  `privilege` varchar(25) NOT NULL COMMENT '特权标识，1：专属认证图标；2：优先推荐；3：各类特权',
  `conditions` varchar(200) NOT NULL COMMENT '条件，avatar：1；phone：1；follow：30；fans：30；friends：2',
  `fields` text NOT NULL COMMENT '字段配置',
  `status` tinyint(4) NOT NULL DEFAULT '1' COMMENT '状态',
  `description` text NOT NULL COMMENT '认证说明',
  `tips` varchar(200) NOT NULL COMMENT '认证小提示'
) ENGINE=MyISAM AUTO_INCREMENT=4 DEFAULT CHARSET=utf8 COMMENT='认证类型';

--
-- 转存表中的数据 `ocenter_attest_type`
--

INSERT INTO `ocenter_attest_type` (`id`, `name`, `title`, `logo`, `privilege`, `conditions`, `fields`, `status`, `description`, `tips`) VALUES
(1, 'personal', '个人认证', 0, '1,2,3', 'avatar:1|phone:0|follow:0|fans:0|friends:0', 'child_type:1|child_type_option:优秀二次开发者,网红，优秀站长，主播|company_name:0|name:1|id_num:1|phone:1|image_type:1|image_type_option:身份证，驾驶证|prove_image:0|image:1|other_image:2|other_image_tip:请上传手持身份证高清正面照|info:2', 1, '<p><span style="color: rgb(255, 0, 0);line-height:30px;">请详细阅读本说明</span></p><p>1.信息必须真实</p><p>2.证件必须清晰可见</p><p>3.信息必须真实</p><p>4.信息必须真实</p><p>5.信息必须真实</p>', '真实身份，易于被辨识 更加权威，提高可信度'),
(2, 'organization', '组织机构认证', 0, '1,2,3', 'avatar:1|phone:1|follow:30|fans:30|friends:2', 'child_type:1|child_type_option:盈利机构，公益机构|company_name:1|name:2|id_num:2|phone:1|image_type:1|image_type_option:组织机构代码证|prove_image:1|image:0|other_image:2|other_image_tip:请上传代表人的个人身份证、手持身份证高清正面照和其他证明材料|info:2', 1, '<p style="white-space: normal;"><span style="color: rgb(255, 0, 0); line-height: 30px;">请详细阅读本说明</span></p><p style="white-space: normal;">1.信息必须真实</p><p style="white-space: normal;">2.证件必须清晰可见</p><p style="white-space: normal;">3.信息必须真实</p><p style="white-space: normal;">4.信息必须真实</p><p style="white-space: normal;">5.信息必须真实</p><p><br/></p>', '真实身份，易于被辨识 更加权威，提高可信度'),
(3, 'company', '企业认证', 0, '1,2,3', 'avatar:1|phone:1|follow:50|fans:30|friends:5', 'child_type:1|child_type_option:大型企业，中型企业，小型企业，微型企业|company_name:1|name:2|id_num:2|phone:1|image_type:1|image_type_option:组织机构代码证|prove_image:1|image:0|other_image:2|other_image_tip:请上传其他证明材料|info:2', 1, '<p style="white-space: normal;"><span style="color: rgb(255, 0, 0); line-height: 30px;">请详细阅读本说明</span></p><p style="white-space: normal;">1.信息必须真实</p><p style="white-space: normal;">2.证件必须清晰可见</p><p style="white-space: normal;">3.信息必须真实</p><p style="white-space: normal;">4.信息必须真实</p><p style="white-space: normal;">5.信息必须真实</p><p><br/></p>', '真实身份，易于被辨识 更加权威，提高可信度');

-- --------------------------------------------------------

--
-- 表的结构 `ocenter_auth_extend`
--

CREATE TABLE IF NOT EXISTS `ocenter_auth_extend` (
  `group_id` mediumint(10) unsigned NOT NULL COMMENT '用户id',
  `extend_id` mediumint(8) unsigned NOT NULL COMMENT '扩展表中数据的id',
  `type` tinyint(1) unsigned NOT NULL COMMENT '扩展类型标识 1:栏目分类权限;2:模型权限'
) ENGINE=MyISAM DEFAULT CHARSET=utf8 COMMENT='权限组与分类的对应关系表';

--
-- 转存表中的数据 `ocenter_auth_extend`
--

INSERT INTO `ocenter_auth_extend` (`group_id`, `extend_id`, `type`) VALUES
(1, 1, 1),
(1, 1, 2),
(1, 2, 1),
(1, 2, 2),
(1, 3, 1),
(1, 3, 2),
(1, 4, 1),
(1, 37, 1);

-- --------------------------------------------------------

--
-- 表的结构 `ocenter_auth_group`
--

CREATE TABLE IF NOT EXISTS `ocenter_auth_group` (
  `id` mediumint(8) unsigned NOT NULL COMMENT '权限组id,自增主键',
  `module` varchar(20) NOT NULL COMMENT '权限组所属模块',
  `type` tinyint(4) NOT NULL COMMENT '组类型',
  `title` char(20) NOT NULL DEFAULT '' COMMENT '权限组中文名称',
  `description` varchar(80) NOT NULL DEFAULT '' COMMENT '描述信息',
  `status` tinyint(1) NOT NULL DEFAULT '1' COMMENT '权限组状态：为1正常，为0禁用,-1为删除',
  `rules` text NOT NULL COMMENT '权限组拥有的规则id，多个规则 , 隔开',
  `end_time` int(11) NOT NULL DEFAULT '2000000000' COMMENT '有效期'
) ENGINE=MyISAM AUTO_INCREMENT=3 DEFAULT CHARSET=utf8;

--
-- 转存表中的数据 `ocenter_auth_group`
--

INSERT INTO `ocenter_auth_group` (`id`, `module`, `type`, `title`, `description`, `status`, `rules`, `end_time`) VALUES
(1, 'admin', 1, '普通用户', '', 1, ',338,340,341,344,10179,432,10001,10002,10004,10016,10014,10013,10010,10018,10180,10025,10026,10028,10029', 2000000000),
(2, 'admin', 1, 'VIP', '', 1, ',338,340,341,344,10179,432,10001,10002,10004,10016,10014,10013,10010,10018,10180,10025,10026,10028,10029', 2000000000);

-- --------------------------------------------------------

--
-- 表的结构 `ocenter_auth_group_access`
--

CREATE TABLE IF NOT EXISTS `ocenter_auth_group_access` (
  `uid` int(10) unsigned NOT NULL COMMENT '用户id',
  `group_id` mediumint(8) unsigned NOT NULL COMMENT '权限组id'
) ENGINE=MyISAM DEFAULT CHARSET=utf8;

--
-- 转存表中的数据 `ocenter_auth_group_access`
--

INSERT INTO `ocenter_auth_group_access` (`uid`, `group_id`) VALUES
(1, 1),
(100, 1),
(101, 1),
(102, 1),
(103, 1),
(104, 1),
(105, 1),
(106, 1),
(106, 2),
(107, 1),
(108, 1);

-- --------------------------------------------------------

--
-- 表的结构 `ocenter_auth_rule`
--

CREATE TABLE IF NOT EXISTS `ocenter_auth_rule` (
  `id` mediumint(8) unsigned NOT NULL COMMENT '规则id,自增主键',
  `module` varchar(20) NOT NULL COMMENT '规则所属module',
  `type` tinyint(2) NOT NULL DEFAULT '1' COMMENT '1-url;2-主菜单',
  `name` char(80) NOT NULL DEFAULT '' COMMENT '规则唯一英文标识',
  `title` char(20) NOT NULL DEFAULT '' COMMENT '规则中文描述',
  `status` tinyint(1) NOT NULL DEFAULT '1' COMMENT '是否有效(0:无效,1:有效)',
  `condition` varchar(300) NOT NULL DEFAULT '' COMMENT '规则附加条件'
) ENGINE=MyISAM AUTO_INCREMENT=10181 DEFAULT CHARSET=utf8;

--
-- 转存表中的数据 `ocenter_auth_rule`
--

INSERT INTO `ocenter_auth_rule` (`id`, `module`, `type`, `name`, `title`, `status`, `condition`) VALUES
(1, 'admin', 2, 'Admin/Index/index', '首页', 1, ''),
(2, 'admin', 2, 'Admin/Article/mydocument', '资讯', -1, ''),
(3, 'admin', 2, 'Admin/User/index', '用户与身份', 1, ''),
(4, 'admin', 2, 'Admin/Addons/index', '插件', -1, ''),
(5, 'admin', 2, 'Admin/Config/group', '系统', 1, ''),
(7, 'admin', 1, 'Admin/article/add', '新增', -1, ''),
(8, 'admin', 1, 'Admin/article/edit', '编辑', -1, ''),
(9, 'admin', 1, 'Admin/article/setStatus', '改变状态', -1, ''),
(10, 'admin', 1, 'Admin/article/update', '保存', -1, ''),
(11, 'admin', 1, 'Admin/article/autoSave', '保存草稿', -1, ''),
(12, 'admin', 1, 'Admin/article/move', '移动', -1, ''),
(13, 'admin', 1, 'Admin/article/copy', '复制', -1, ''),
(14, 'admin', 1, 'Admin/article/paste', '粘贴', -1, ''),
(15, 'admin', 1, 'Admin/article/permit', '还原', -1, ''),
(16, 'admin', 1, 'Admin/article/clear', '清空', -1, ''),
(17, 'admin', 1, 'Admin/article/index', '文档列表', -1, ''),
(18, 'admin', 1, 'Admin/article/recycle', '回收站', -1, ''),
(19, 'admin', 1, 'Admin/User/addaction', '新增用户行为', 1, ''),
(20, 'admin', 1, 'Admin/User/editaction', '编辑用户行为', 1, ''),
(21, 'admin', 1, 'Admin/User/saveAction', '保存用户行为', 1, ''),
(22, 'admin', 1, 'Admin/User/setStatus', '变更行为状态', 1, ''),
(23, 'admin', 1, 'Admin/User/changeStatus?method=forbidUser', '禁用会员', 1, ''),
(24, 'admin', 1, 'Admin/User/changeStatus?method=resumeUser', '启用会员', 1, ''),
(25, 'admin', 1, 'Admin/User/changeStatus?method=deleteUser', '删除会员', 1, ''),
(26, 'admin', 1, 'Admin/User/index', '用户信息', 1, ''),
(27, 'admin', 1, 'Admin/User/action', '积分规则', 1, ''),
(28, 'admin', 1, 'Admin/AuthManager/changeStatus?method=deleteGroup', '删除', 1, ''),
(29, 'admin', 1, 'Admin/AuthManager/changeStatus?method=forbidGroup', '禁用', 1, ''),
(30, 'admin', 1, 'Admin/AuthManager/changeStatus?method=resumeGroup', '恢复', 1, ''),
(31, 'admin', 1, 'Admin/AuthManager/createGroup', '新增', 1, ''),
(32, 'admin', 1, 'Admin/AuthManager/editGroup', '编辑', 1, ''),
(33, 'admin', 1, 'Admin/AuthManager/writeGroup', '保存权限组', 1, ''),
(34, 'admin', 1, 'Admin/AuthManager/group', '授权', 1, ''),
(35, 'admin', 1, 'Admin/AuthManager/access', '访问授权', 1, ''),
(36, 'admin', 1, 'Admin/AuthManager/user', '成员授权', 1, ''),
(37, 'admin', 1, 'Admin/AuthManager/removeFromGroup', '解除授权', 1, ''),
(38, 'admin', 1, 'Admin/AuthManager/addToGroup', '保存成员授权', 1, ''),
(39, 'admin', 1, 'Admin/AuthManager/category', '分类授权', 1, ''),
(40, 'admin', 1, 'Admin/AuthManager/addToCategory', '保存分类授权', 1, ''),
(41, 'admin', 1, 'Admin/AuthManager/index', '权限组管理', 1, ''),
(42, 'admin', 1, 'Admin/Addons/create', '创建', 1, ''),
(43, 'admin', 1, 'Admin/Addons/checkForm', '检测创建', 1, ''),
(44, 'admin', 1, 'Admin/Addons/preview', '预览', 1, ''),
(45, 'admin', 1, 'Admin/Addons/build', '快速生成插件', 1, ''),
(46, 'admin', 1, 'Admin/Addons/config', '设置', 1, ''),
(47, 'admin', 1, 'Admin/Addons/disable', '禁用', 1, ''),
(48, 'admin', 1, 'Admin/Addons/enable', '启用', 1, ''),
(49, 'admin', 1, 'Admin/Addons/install', '安装', 1, ''),
(50, 'admin', 1, 'Admin/Addons/uninstall', '卸载', 1, ''),
(51, 'admin', 1, 'Admin/Addons/saveconfig', '更新配置', 1, ''),
(52, 'admin', 1, 'Admin/Addons/adminList', '插件后台列表', 1, ''),
(53, 'admin', 1, 'Admin/Addons/execute', 'URL方式访问插件', 1, ''),
(54, 'admin', 1, 'Admin/Addons/index', '插件管理', 1, ''),
(55, 'admin', 1, 'Admin/Addons/hooks', '钩子管理', 1, ''),
(56, 'admin', 1, 'Admin/model/add', '新增', -1, ''),
(57, 'admin', 1, 'Admin/model/edit', '编辑', -1, ''),
(58, 'admin', 1, 'Admin/model/setStatus', '改变状态', -1, ''),
(59, 'admin', 1, 'Admin/model/update', '保存数据', -1, ''),
(60, 'admin', 1, 'Admin/Model/index', '模型管理', -1, ''),
(61, 'admin', 1, 'Admin/Config/edit', '编辑', 1, ''),
(62, 'admin', 1, 'Admin/Config/del', '删除', 1, ''),
(63, 'admin', 1, 'Admin/Config/add', '新增', 1, ''),
(64, 'admin', 1, 'Admin/Config/save', '保存', 1, ''),
(65, 'admin', 1, 'Admin/Config/group', '网站设置', 1, ''),
(66, 'admin', 1, 'Admin/Config/index', '配置管理', 1, ''),
(67, 'admin', 1, 'Admin/Channel/add', '新增', 1, ''),
(68, 'admin', 1, 'Admin/Channel/edit', '编辑', 1, ''),
(69, 'admin', 1, 'Admin/Channel/del', '删除', 1, ''),
(70, 'admin', 1, 'Admin/Channel/index', '顶部导航', 1, ''),
(71, 'admin', 1, 'Admin/Category/edit', '编辑', -1, ''),
(72, 'admin', 1, 'Admin/Category/add', '新增', -1, ''),
(73, 'admin', 1, 'Admin/Category/remove', '删除', -1, ''),
(74, 'admin', 1, 'Admin/Category/index', '分类管理', -1, ''),
(75, 'admin', 1, 'Admin/file/upload', '上传控件', -1, ''),
(76, 'admin', 1, 'Admin/file/uploadPicture', '上传图片', -1, ''),
(77, 'admin', 1, 'Admin/file/download', '下载', -1, ''),
(94, 'admin', 1, 'Admin/AuthManager/modelauth', '模型授权', 1, ''),
(79, 'admin', 1, 'Admin/article/batchOperate', '导入', -1, ''),
(80, 'admin', 1, 'Admin/Database/index?type=export', '备份数据库', 1, ''),
(81, 'admin', 1, 'Admin/Database/index?type=import', '还原数据库', 1, ''),
(82, 'admin', 1, 'Admin/Database/export', '备份', 1, ''),
(83, 'admin', 1, 'Admin/Database/optimize', '优化表', 1, ''),
(84, 'admin', 1, 'Admin/Database/repair', '修复表', 1, ''),
(86, 'admin', 1, 'Admin/Database/import', '恢复', 1, ''),
(87, 'admin', 1, 'Admin/Database/del', '删除', 1, ''),
(88, 'admin', 1, 'Admin/User/add', '新增用户', -1, ''),
(89, 'admin', 1, 'Admin/Attribute/index', '属性管理', -1, ''),
(90, 'admin', 1, 'Admin/Attribute/add', '新增', -1, ''),
(91, 'admin', 1, 'Admin/Attribute/edit', '编辑', -1, ''),
(92, 'admin', 1, 'Admin/Attribute/setStatus', '改变状态', -1, ''),
(93, 'admin', 1, 'Admin/Attribute/update', '保存数据', -1, ''),
(95, 'admin', 1, 'Admin/AuthManager/addToModel', '保存模型授权', 1, ''),
(96, 'admin', 1, 'Admin/Category/move', '移动', -1, ''),
(97, 'admin', 1, 'Admin/Category/merge', '合并', -1, ''),
(98, 'admin', 1, 'Admin/Config/menu', '后台菜单管理', -1, ''),
(99, 'admin', 1, 'Admin/Article/mydocument', '内容', -1, ''),
(100, 'admin', 1, 'Admin/Menu/index', '后台菜单管理', 1, ''),
(101, 'admin', 1, 'Admin/other', '其他', -1, ''),
(102, 'admin', 1, 'Admin/Menu/add', '新增', 1, ''),
(103, 'admin', 1, 'Admin/Menu/edit', '编辑', 1, ''),
(104, 'admin', 1, 'Admin/Think/lists?model=article', '文章管理', -1, ''),
(105, 'admin', 1, 'Admin/Think/lists?model=download', '下载管理', -1, ''),
(106, 'admin', 1, 'Admin/Think/lists?model=config', '配置管理', -1, ''),
(107, 'admin', 1, 'Admin/Action/actionlog', '行为日志', 1, ''),
(108, 'admin', 1, 'Admin/User/updatePassword', '修改密码', 1, ''),
(109, 'admin', 1, 'Admin/User/updateNickname', '修改昵称', 1, ''),
(110, 'admin', 1, 'Admin/action/edit', '查看行为日志', 1, ''),
(205, 'admin', 1, 'Admin/think/add', '新增数据', -1, ''),
(111, 'admin', 2, 'Admin/article/index', '文档列表', -1, ''),
(112, 'admin', 2, 'Admin/article/add', '新增', -1, ''),
(113, 'admin', 2, 'Admin/article/edit', '编辑', -1, ''),
(114, 'admin', 2, 'Admin/article/setStatus', '改变状态', -1, ''),
(115, 'admin', 2, 'Admin/article/update', '保存', -1, ''),
(116, 'admin', 2, 'Admin/article/autoSave', '保存草稿', -1, ''),
(117, 'admin', 2, 'Admin/article/move', '移动', -1, ''),
(118, 'admin', 2, 'Admin/article/copy', '复制', -1, ''),
(119, 'admin', 2, 'Admin/article/paste', '粘贴', -1, ''),
(120, 'admin', 2, 'Admin/article/batchOperate', '导入', -1, ''),
(121, 'admin', 2, 'Admin/article/recycle', '回收站', -1, ''),
(122, 'admin', 2, 'Admin/article/permit', '还原', -1, ''),
(123, 'admin', 2, 'Admin/article/clear', '清空', -1, ''),
(124, 'admin', 2, 'Admin/User/add', '新增用户', -1, ''),
(125, 'admin', 2, 'Admin/User/action', '用户行为', -1, ''),
(126, 'admin', 2, 'Admin/User/addAction', '新增用户行为', -1, ''),
(127, 'admin', 2, 'Admin/User/editAction', '编辑用户行为', -1, ''),
(128, 'admin', 2, 'Admin/User/saveAction', '保存用户行为', -1, ''),
(129, 'admin', 2, 'Admin/User/setStatus', '变更行为状态', -1, ''),
(130, 'admin', 2, 'Admin/User/changeStatus?method=forbidUser', '禁用会员', -1, ''),
(131, 'admin', 2, 'Admin/User/changeStatus?method=resumeUser', '启用会员', -1, ''),
(132, 'admin', 2, 'Admin/User/changeStatus?method=deleteUser', '删除会员', -1, ''),
(133, 'admin', 2, 'Admin/AuthManager/index', '权限管理', -1, ''),
(134, 'admin', 2, 'Admin/AuthManager/changeStatus?method=deleteGroup', '删除', -1, ''),
(135, 'admin', 2, 'Admin/AuthManager/changeStatus?method=forbidGroup', '禁用', -1, ''),
(136, 'admin', 2, 'Admin/AuthManager/changeStatus?method=resumeGroup', '恢复', -1, ''),
(137, 'admin', 2, 'Admin/AuthManager/createGroup', '新增', -1, ''),
(138, 'admin', 2, 'Admin/AuthManager/editGroup', '编辑', -1, ''),
(139, 'admin', 2, 'Admin/AuthManager/writeGroup', '保存权限组', -1, ''),
(140, 'admin', 2, 'Admin/AuthManager/group', '授权', -1, ''),
(141, 'admin', 2, 'Admin/AuthManager/access', '访问授权', -1, ''),
(142, 'admin', 2, 'Admin/AuthManager/user', '成员授权', -1, ''),
(143, 'admin', 2, 'Admin/AuthManager/removeFromGroup', '解除授权', -1, ''),
(144, 'admin', 2, 'Admin/AuthManager/addToGroup', '保存成员授权', -1, ''),
(145, 'admin', 2, 'Admin/AuthManager/category', '分类授权', -1, ''),
(146, 'admin', 2, 'Admin/AuthManager/addToCategory', '保存分类授权', -1, ''),
(147, 'admin', 2, 'Admin/AuthManager/modelauth', '模型授权', -1, ''),
(148, 'admin', 2, 'Admin/AuthManager/addToModel', '保存模型授权', -1, ''),
(149, 'admin', 2, 'Admin/Addons/create', '创建', -1, ''),
(150, 'admin', 2, 'Admin/Addons/checkForm', '检测创建', -1, ''),
(151, 'admin', 2, 'Admin/Addons/preview', '预览', -1, ''),
(152, 'admin', 2, 'Admin/Addons/build', '快速生成插件', -1, ''),
(153, 'admin', 2, 'Admin/Addons/config', '设置', -1, ''),
(154, 'admin', 2, 'Admin/Addons/disable', '禁用', -1, ''),
(155, 'admin', 2, 'Admin/Addons/enable', '启用', -1, ''),
(156, 'admin', 2, 'Admin/Addons/install', '安装', -1, ''),
(157, 'admin', 2, 'Admin/Addons/uninstall', '卸载', -1, ''),
(158, 'admin', 2, 'Admin/Addons/saveconfig', '更新配置', -1, ''),
(159, 'admin', 2, 'Admin/Addons/adminList', '插件后台列表', -1, ''),
(160, 'admin', 2, 'Admin/Addons/execute', 'URL方式访问插件', -1, ''),
(161, 'admin', 2, 'Admin/Addons/hooks', '钩子管理', -1, ''),
(162, 'admin', 2, 'Admin/Model/index', '模型管理', -1, ''),
(163, 'admin', 2, 'Admin/model/add', '新增', -1, ''),
(164, 'admin', 2, 'Admin/model/edit', '编辑', -1, ''),
(165, 'admin', 2, 'Admin/model/setStatus', '改变状态', -1, ''),
(166, 'admin', 2, 'Admin/model/update', '保存数据', -1, ''),
(167, 'admin', 2, 'Admin/Attribute/index', '属性管理', -1, ''),
(168, 'admin', 2, 'Admin/Attribute/add', '新增', -1, ''),
(169, 'admin', 2, 'Admin/Attribute/edit', '编辑', -1, ''),
(170, 'admin', 2, 'Admin/Attribute/setStatus', '改变状态', -1, ''),
(171, 'admin', 2, 'Admin/Attribute/update', '保存数据', -1, ''),
(172, 'admin', 2, 'Admin/Config/index', '配置管理', -1, ''),
(173, 'admin', 2, 'Admin/Config/edit', '编辑', -1, ''),
(174, 'admin', 2, 'Admin/Config/del', '删除', -1, ''),
(175, 'admin', 2, 'Admin/Config/add', '新增', -1, ''),
(176, 'admin', 2, 'Admin/Config/save', '保存', -1, ''),
(177, 'admin', 2, 'Admin/Menu/index', '菜单管理', -1, ''),
(178, 'admin', 2, 'Admin/Channel/index', '导航管理', -1, ''),
(179, 'admin', 2, 'Admin/Channel/add', '新增', -1, ''),
(180, 'admin', 2, 'Admin/Channel/edit', '编辑', -1, ''),
(181, 'admin', 2, 'Admin/Channel/del', '删除', -1, ''),
(182, 'admin', 2, 'Admin/Category/index', '分类管理', -1, ''),
(183, 'admin', 2, 'Admin/Category/edit', '编辑', -1, ''),
(184, 'admin', 2, 'Admin/Category/add', '新增', -1, ''),
(185, 'admin', 2, 'Admin/Category/remove', '删除', -1, ''),
(186, 'admin', 2, 'Admin/Category/move', '移动', -1, ''),
(187, 'admin', 2, 'Admin/Category/merge', '合并', -1, ''),
(188, 'admin', 2, 'Admin/Database/index?type=export', '备份数据库', -1, ''),
(189, 'admin', 2, 'Admin/Database/export', '备份', -1, ''),
(190, 'admin', 2, 'Admin/Database/optimize', '优化表', -1, ''),
(191, 'admin', 2, 'Admin/Database/repair', '修复表', -1, ''),
(192, 'admin', 2, 'Admin/Database/index?type=import', '还原数据库', -1, ''),
(193, 'admin', 2, 'Admin/Database/import', '恢复', -1, ''),
(194, 'admin', 2, 'Admin/Database/del', '删除', -1, ''),
(195, 'admin', 2, 'Admin/other', '其他', -1, ''),
(196, 'admin', 2, 'Admin/Menu/add', '新增', -1, ''),
(197, 'admin', 2, 'Admin/Menu/edit', '编辑', -1, ''),
(198, 'admin', 2, 'Admin/Think/lists?model=article', '应用', -1, ''),
(199, 'admin', 2, 'Admin/Think/lists?model=download', '下载管理', -1, ''),
(200, 'admin', 2, 'Admin/Think/lists?model=config', '应用', -1, ''),
(201, 'admin', 2, 'Admin/Action/actionlog', '行为日志', -1, ''),
(202, 'admin', 2, 'Admin/User/updatePassword', '修改密码', -1, ''),
(203, 'admin', 2, 'Admin/User/updateNickname', '修改昵称', -1, ''),
(204, 'admin', 2, 'Admin/action/edit', '查看行为日志', -1, ''),
(206, 'admin', 1, 'Admin/think/edit', '编辑数据', -1, ''),
(207, 'admin', 1, 'Admin/Menu/import', '导入', 1, ''),
(208, 'admin', 1, 'Admin/Model/generate', '生成', -1, ''),
(209, 'admin', 1, 'Admin/Addons/addHook', '新增钩子', 1, ''),
(210, 'admin', 1, 'Admin/Addons/edithook', '编辑钩子', 1, ''),
(211, 'admin', 1, 'Admin/Article/sort', '文档排序', -1, ''),
(212, 'admin', 1, 'Admin/Config/sort', '排序', 1, ''),
(213, 'admin', 1, 'Admin/Menu/sort', '排序', 1, ''),
(214, 'admin', 1, 'Admin/Channel/sort', '排序', 1, ''),
(215, 'admin', 1, 'Admin/Category/operate/type/move', '移动', -1, ''),
(216, 'admin', 1, 'Admin/Category/operate/type/merge', '合并', -1, ''),
(217, 'admin', 1, 'Admin/Forum/forum', '板块管理', 1, ''),
(218, 'admin', 1, 'Admin/Forum/post', '帖子管理', 1, ''),
(219, 'admin', 1, 'Admin/Forum/editForum', '编辑／创建板块', 1, ''),
(220, 'admin', 1, 'Admin/Forum/editPost', '编辑帖子', 1, ''),
(221, 'admin', 2, 'Admin//Admin/Forum/index', '讨论区', -1, ''),
(222, 'admin', 2, 'Admin//Admin/Weibo/index', '微博', -1, ''),
(223, 'admin', 1, 'Admin/Forum/sortForum', '排序', 1, ''),
(224, 'admin', 1, 'Admin/SEO/editRule', '新增、编辑', 1, ''),
(225, 'admin', 1, 'Admin/SEO/sortRule', '排序', 1, ''),
(226, 'admin', 1, 'Admin/SEO/index', 'SEO规则管理', 1, ''),
(227, 'admin', 1, 'Admin/Forum/editReply', '新增/编辑回复', 1, ''),
(228, 'admin', 1, 'Admin/Weibo/editComment', '编辑回复', 1, ''),
(229, 'admin', 1, 'Admin/Weibo/editWeibo', '编辑微博', 1, ''),
(230, 'admin', 1, 'Admin/SEO/ruleTrash', 'SEO规则回收站', 1, ''),
(231, 'admin', 1, 'Admin/Rank/userList', '查看用户', 1, ''),
(232, 'admin', 1, 'Admin/Rank/userRankList', '用户头衔列表', 1, ''),
(233, 'admin', 1, 'Admin/Rank/userAddRank', '关联新头衔', 1, ''),
(234, 'admin', 1, 'Admin/Rank/userChangeRank', '编辑头衔关联', 1, ''),
(235, 'admin', 1, 'Admin/Issue/add', '编辑专辑', -1, ''),
(236, 'admin', 1, 'Admin/Issue/issue', '专辑管理', -1, ''),
(237, 'admin', 1, 'Admin/Issue/operate', '专辑操作', -1, ''),
(238, 'admin', 1, 'Admin/Weibo/weibo', '微博管理', 1, ''),
(239, 'admin', 1, 'Admin/Rank/index', '头衔列表', 1, ''),
(240, 'admin', 1, 'Admin/Forum/forumTrash', '板块回收站', 1, ''),
(241, 'admin', 1, 'Admin/Weibo/weiboTrash', '微博回收站', 1, ''),
(242, 'admin', 1, 'Admin/Rank/editRank', '添加头衔', 1, ''),
(243, 'admin', 1, 'Admin/Weibo/comment', '回复管理', 1, ''),
(244, 'admin', 1, 'Admin/Forum/postTrash', '帖子回收站', 1, ''),
(245, 'admin', 1, 'Admin/Weibo/commentTrash', '回复回收站', 1, ''),
(246, 'admin', 1, 'Admin/Issue/issueTrash', '专辑回收站', -1, ''),
(247, 'admin', 1, 'Admin//Admin/Forum/reply', '回复管理', -1, ''),
(248, 'admin', 1, 'Admin/Forum/replyTrash', '回复回收站', 1, ''),
(249, 'admin', 2, 'Admin/Forum/index', '论坛', 1, ''),
(250, 'admin', 2, 'Admin/Weibo/weibo', '微博', 1, ''),
(251, 'admin', 2, 'Admin/SEO/index', 'SEO', -1, ''),
(252, 'admin', 2, 'Admin/Rank/index', '头衔', -1, ''),
(253, 'admin', 2, 'Admin/Issue/issue', '专辑', -1, ''),
(254, 'admin', 1, 'Admin/Issue/contents', '内容管理', -1, ''),
(255, 'admin', 1, 'Admin/User/profile', '扩展资料', 1, ''),
(256, 'admin', 1, 'Admin/User/editProfile', '添加、编辑分组', 1, ''),
(257, 'admin', 1, 'Admin/User/sortProfile', '分组排序', 1, ''),
(258, 'admin', 1, 'Admin/User/field', '字段列表', 1, ''),
(259, 'admin', 1, 'Admin/User/editFieldSetting', '添加、编辑字段', 1, ''),
(260, 'admin', 1, 'Admin/User/sortField', '字段排序', 1, ''),
(261, 'admin', 1, 'Admin/Update/quick', '全部补丁', 1, ''),
(262, 'admin', 1, 'Admin/Update/addpack', '新增补丁', 1, ''),
(263, 'admin', 1, 'Admin/User/expandinfo_select', '用户扩展资料列表', 1, ''),
(264, 'admin', 1, 'Admin/User/expandinfo_details', '扩展资料详情', 1, ''),
(265, 'admin', 1, 'Admin/Shop/shopLog', '商城信息记录', -1, ''),
(266, 'admin', 1, 'Admin/Shop/setStatus', '商品分类状态设置', -1, ''),
(267, 'admin', 1, 'Admin/Shop/setGoodsStatus', '商品状态设置', -1, ''),
(268, 'admin', 1, 'Admin/Shop/operate', '商品分类操作', -1, ''),
(269, 'admin', 1, 'Admin/Shop/add', '商品分类添加', -1, ''),
(270, 'admin', 1, 'Admin/Shop/goodsEdit', '添加、编辑商品', -1, ''),
(271, 'admin', 1, 'Admin/Shop/hotSellConfig', '热销商品阀值配置', -1, ''),
(272, 'admin', 1, 'Admin/Shop/setNew', '设置新品', -1, ''),
(273, 'admin', 1, 'Admin/EventType/index', '活动分类管理', -1, ''),
(274, 'admin', 1, 'Admin/Event/event', '内容管理', -1, ''),
(275, 'admin', 1, 'Admin/EventType/eventTypeTrash', '活动分类回收站', -1, ''),
(276, 'admin', 1, 'Admin/Event/verify', '内容审核', -1, ''),
(277, 'admin', 1, 'Admin/Event/contentTrash', '内容回收站', -1, ''),
(278, 'admin', 1, 'Admin/Rank/rankVerify', '待审核用户头衔', 1, ''),
(279, 'admin', 1, 'Admin/Rank/rankVerifyFailure', '被驳回的头衔申请', 1, ''),
(280, 'admin', 1, 'Admin/Weibo/config', '微博设置', 1, ''),
(281, 'admin', 1, 'Admin/Issue/verify', '内容审核', -1, ''),
(282, 'admin', 1, 'Admin/Shop/goodsList', '商品列表', -1, ''),
(283, 'admin', 1, 'Admin/Shop/shopCategory', '商品分类配置', -1, ''),
(284, 'admin', 1, 'Admin/Shop/categoryTrash', '商品分类回收站', -1, ''),
(285, 'admin', 1, 'Admin/Shop/verify', '待发货交易', -1, ''),
(286, 'admin', 1, 'Admin/Issue/contentTrash', '内容回收站', -1, ''),
(287, 'admin', 1, 'Admin/Shop/goodsBuySuccess', '交易成功记录', -1, ''),
(288, 'admin', 1, 'Admin/Shop/goodsTrash', '商品回收站', -1, ''),
(289, 'admin', 1, 'Admin/Shop/toxMoneyConfig', '货币配置', -1, ''),
(290, 'admin', 2, 'Admin/Shop/shopCategory', '商城', -1, ''),
(291, 'admin', 2, 'Admin/EventType/index', '活动', -1, ''),
(10017, 'Weibo', 1, 'Weibo/Topic/editTopic', '管理话题(管理)', 1, ''),
(297, 'Home', 1, 'deleteLocalComment', '删除本地评论', 1, ''),
(306, 'Issue', 1, 'addIssueContent', '专辑投稿权限', 1, ''),
(307, 'Issue', 1, 'editIssueContent', '编辑专辑内容（管理）', 1, ''),
(10016, 'Weibo', 1, 'Weibo/Index/doSendRepost', '转发微博', 1, ''),
(313, 'admin', 1, 'Admin/module/install', '模块安装', 1, ''),
(315, 'admin', 1, 'Admin/module/lists', '模块管理', 1, ''),
(316, 'admin', 1, 'Admin/module/uninstall', '卸载模块', 1, ''),
(317, 'admin', 1, 'Admin/AuthManager/addNode', '新增权限节点', 1, ''),
(318, 'admin', 1, 'Admin/AuthManager/accessUser', '前台权限管理', 1, ''),
(319, 'admin', 1, 'Admin/User/changeGroup', '转移权限组', 1, ''),
(320, 'admin', 1, 'Admin/AuthManager/deleteNode', '删除权限节点', 1, ''),
(321, 'admin', 1, 'Admin/Issue/config', '专辑设置', -1, ''),
(322, 'admin', 2, 'Admin/module/lists', '云平台', -1, ''),
(10015, 'Weibo', 1, 'Weibo/Index/doDelWeibo', '删除微博(管理)', 1, ''),
(10014, 'Weibo', 1, 'Weibo/Index/doSend', '发微博', 1, ''),
(10013, 'Weibo', 1, 'Weibo/Index/doComment', '评论微博', 1, ''),
(10012, 'Weibo', 1, 'Weibo/Index/doDelComment', '删除评论微博(管理)', 1, ''),
(346, 'admin', 1, 'Admin/UserConfig/index', '基础配置', 1, ''),
(347, 'admin', 1, 'Admin/User/scoreList', '积分类型', 1, ''),
(348, 'admin', 1, 'Admin/User/editScoreType', '新增/编辑类型', 1, ''),
(349, 'admin', 1, 'Admin/User/recharge', '充值积分', 1, ''),
(350, 'admin', 1, 'Admin/Authorize/ssoSetting', '单点登录配置', 1, ''),
(351, 'admin', 1, 'Admin/Authorize/ssolist', '应用列表', 1, ''),
(352, 'admin', 1, 'Admin/authorize/editssoapp', '新增/编辑应用', 1, ''),
(353, 'admin', 1, 'Admin/ActionLimit/limitList', '用户行为', 1, ''),
(354, 'admin', 1, 'Admin/ActionLimit/editLimit', '新增/编辑行为限制', 1, ''),
(355, 'admin', 1, 'Admin/Role/index', '身份列表', 1, ''),
(356, 'admin', 1, 'Admin/Role/editRole', '编辑身份', 1, ''),
(357, 'admin', 1, 'Admin/Role/setStatus', '启用、禁用、删除身份', 1, ''),
(358, 'admin', 1, 'Admin/Role/sort', '身份排序', 1, ''),
(359, 'admin', 1, 'Admin/Role/configScore', '默认积分配置', 1, ''),
(360, 'admin', 1, 'Admin/Role/configAuth', '默认权限配置', 1, ''),
(361, 'admin', 1, 'Admin/Role/configAvatar', '默认头像配置', 1, ''),
(362, 'admin', 1, 'Admin/Role/configRank', '默认头衔配置', 1, ''),
(363, 'admin', 1, 'Admin/Role/configField', '默认字段管理', 1, ''),
(364, 'admin', 1, 'Admin/Role/group', '身份分组', 1, ''),
(365, 'admin', 1, 'Admin/Role/editGroup', '编辑分组', 1, ''),
(366, 'admin', 1, 'Admin/Role/deleteGroup', '删除分组', 1, ''),
(367, 'admin', 1, 'Admin/Role/config', '身份基本信息配置', 1, ''),
(368, 'admin', 1, 'Admin/Role/userList', '用户身份归属列表', 1, ''),
(369, 'admin', 1, 'Admin/Role/setUserStatus', '设置用户状态', 1, ''),
(370, 'admin', 1, 'Admin/Role/setUserAudit', '审核用户', 1, ''),
(371, 'admin', 1, 'Admin/Role/changeRole', '迁移用户', 1, ''),
(372, 'admin', 1, 'Admin/Role/uploadPicture', '上传默认头像', 1, ''),
(373, 'admin', 1, 'Admin/Invite/index', '邀请码类型', 1, ''),
(374, 'admin', 1, 'Admin/Invite/invite', '邀请码管理', 1, ''),
(375, 'admin', 1, 'Admin/Invite/config', '基础配置', -1, ''),
(376, 'admin', 1, 'Admin/Invite/buyLog', '兑换记录', 1, ''),
(377, 'admin', 1, 'Admin/Invite/inviteLog', '用户邀请记录', 1, ''),
(378, 'admin', 1, 'Admin/Invite/userInfo', '邀请码列表', 1, ''),
(379, 'admin', 1, 'Admin/Invite/edit', '编辑邀请注册类型', 1, ''),
(380, 'admin', 1, 'Admin/Invite/setStatus', '删除邀请', 1, ''),
(381, 'admin', 1, 'Admin/Invite/delete', '删除邀请码', 1, ''),
(382, 'admin', 1, 'Admin/Invite/createCode', '生成邀请码', 1, ''),
(383, 'admin', 1, 'Admin/Invite/deleteTrue', '删除无用邀请码', 1, ''),
(384, 'admin', 1, 'Admin/Invite/cvs', '导出cvs', 1, ''),
(385, 'admin', 1, 'Admin/Invite/editUserInfo', '用户信息编辑', 1, ''),
(386, 'admin', 1, 'Admin/Action/remove', '删除日志', 1, ''),
(387, 'admin', 1, 'Admin/Action/clear', '清空日志', 1, ''),
(388, 'admin', 1, 'Admin/User/setTypeStatus', '设置积分状态', 1, ''),
(389, 'admin', 1, 'Admin/User/delType', '删除积分类型', 1, ''),
(390, 'admin', 1, 'Admin/User/getNickname', '充值积分-获取用户昵称', 1, ''),
(391, 'admin', 1, 'Admin/Menu/del', '删除菜单', 1, ''),
(392, 'admin', 1, 'Admin/Menu/toogleDev', '设置开发者模式可见', 1, ''),
(393, 'admin', 1, 'Admin/Menu/toogleHide', '设置显示隐藏', 1, ''),
(394, 'admin', 1, 'Admin/ActionLimit/setLimitStatus', '行为限制启用、禁用、删除', 1, ''),
(395, 'admin', 1, 'Admin/SEO/setRuleStatus', '启用、禁用、删除、回收站还原', 1, ''),
(396, 'admin', 1, 'Admin/SEO/doClear', '回收站彻底删除', 1, ''),
(397, 'admin', 1, 'Admin/Role/initUnhaveUser', '初始化无角色用户', 1, ''),
(398, 'admin', 1, 'Admin/Addons/delHook', '删除钩子', 1, ''),
(399, 'admin', 1, 'Admin/Update/usePack', '使用补丁', 1, ''),
(400, 'admin', 1, 'Admin/Update/view', '查看补丁', 1, ''),
(401, 'admin', 1, 'Admin/Update/delPack', '删除补丁', 1, ''),
(402, 'admin', 1, 'Admin/UserTag/userTag', '用户标签列表', 1, ''),
(403, 'admin', 1, 'Admin/UserTag/add', '添加分类、标签', 1, ''),
(404, 'admin', 1, 'Admin/UserTag/setStatus', '设置分类、标签状态', 1, ''),
(405, 'admin', 1, 'Admin/UserTag/tagTrash', '分类、标签回收站', 1, ''),
(406, 'admin', 1, 'Admin/UserTag/userTagClear', '测底删除回收站内容', 1, ''),
(407, 'admin', 1, 'Admin/role/configusertag', '可拥有标签配置', 1, ''),
(408, 'admin', 1, 'Admin/Module/edit', '编辑模块', 1, ''),
(409, 'admin', 1, 'Admin/Config/website', '网站信息', 1, ''),
(410, 'admin', 1, 'Admin/Theme/setTheme', '使用主题', 1, ''),
(411, 'admin', 1, 'Admin/Theme/lookTheme', '查看主题', 1, ''),
(412, 'admin', 1, 'Admin/Theme/packageDownload', '主题打包下载', 1, ''),
(413, 'admin', 1, 'Admin/Theme/delete', '卸载删除主题', 1, ''),
(414, 'admin', 1, 'Admin/Theme/add', '上传安装主题', 1, ''),
(415, 'admin', 2, 'Admin/Home/config', '网站主页', 1, ''),
(416, 'admin', 1, 'Admin/Home/config', '基本设置', 1, ''),
(417, 'admin', 1, 'Admin/Weibo/topic', '话题管理', 1, ''),
(418, 'admin', 1, 'Admin/Weibo/setWeiboTop', '置顶微博', 1, ''),
(419, 'admin', 1, 'Admin/Weibo/setWeiboStatus', '设置微博状态', 1, ''),
(420, 'admin', 1, 'Admin/Weibo/setCommentStatus', '设置微博评论状态', 1, ''),
(421, 'admin', 1, 'Admin/Weibo/setTopicTop', '设置置顶话题', 1, ''),
(422, 'admin', 1, 'Admin/Weibo/delTopic', '删除话题', 1, ''),
(423, 'admin', 1, 'Admin/People/config', '基本设置', 1, ''),
(424, 'admin', 1, 'Admin/Cloud/index', '云市场', 1, ''),
(425, 'admin', 2, 'Admin/authorize/ssoSetting', '授权', 1, ''),
(426, 'admin', 2, 'Admin/Role/index', '角色', -1, ''),
(427, 'admin', 1, 'Admin/Theme/tpls', '主题管理', 1, ''),
(428, 'admin', 2, 'Admin/ActionLimit/limitList', '安全', -1, ''),
(429, 'admin', 2, 'Admin/Cloud/index', '扩展', 1, ''),
(430, 'admin', 2, 'Admin/People/config', '会员展示', 1, ''),
(431, 'admin', 1, 'Admin/Index/index', '仪表盘', 1, ''),
(432, 'Ucenter', 1, 'Ucenter/Attest/apply', '申请认证', 1, ''),
(10000, 'Forum', 1, 'Forum/Index/editPost', '论坛编辑帖子（编辑）', 1, ''),
(10001, 'Forum', 1, 'Forum/Index/addPost', '论坛添加贴子', 1, ''),
(10002, 'Forum', 1, 'Forum/Index/doReply', '论坛帖子评论', 1, ''),
(10003, 'Forum', 1, 'Forum/Lzl/delLZLReply', '论坛删除楼中楼回复（管理）', 1, ''),
(10004, 'Forum', 1, 'Forum/Lzl/doSendLZLReply', '论坛回复评论权限', 1, ''),
(10005, 'Forum', 1, 'Forum/Index/doReplyEdit', '论坛编辑评论（管理）', 1, ''),
(10006, 'Forum', 1, 'Forum/Index/delPostReply', '论坛删除评论（管理）', 1, ''),
(10007, 'Forum', 1, 'Forum/Index/delPost', '论坛删除贴子（编辑）', 1, ''),
(10011, 'Weibo', 1, 'Weibo/Index/setTop', '微博置顶(管理)', 1, ''),
(10010, 'Weibo', 1, 'Weibo/Topic/beAdmin', '抢先成为话题主持人', 1, ''),
(10018, 'Weibo', 1, 'Weibo/Index/editWeibo', '编辑微博', 1, ''),
(10019, 'Weibo', 1, 'Weibo/Index/editWeibo', '编辑微博(管理)', 1, ''),
(10020, 'Weibo', 1, 'Weibo/Index/transferCrowd', '编辑微博(管理)', 1, ''),
(10021, 'Weibo', 1, 'Weibo/Index/setStamp', '编辑微博(管理)', 1, ''),
(10022, 'Weibo', 1, 'Weibo/Index/editWeibo', '编辑微博(管理)', 1, ''),
(10023, 'Weibo', 1, 'Weibo/Index/transferCrowd', '编辑微博(管理)', 1, ''),
(10024, 'Weibo', 1, 'Weibo/Index/setStamp', '编辑微博(管理)', 1, ''),
(10025, 'Album', 1, 'deleteAlbum', '删除相册', 1, ''),
(10026, 'Album', 1, 'deletePhoto', '删除照片', 1, ''),
(10027, 'Question', 1, 'Question/Answer/setBest', '设为最佳答案（管理）', 1, ''),
(10028, 'Question', 1, 'Question/Answer/add', '回答', 1, ''),
(10029, 'Question', 1, 'Question/Index/add', '提问', 1, ''),
(10030, 'Question', 1, 'Question/Index/edit', '编辑问题（管理）', 1, ''),
(10031, 'Question', 1, 'Question/Answer/edit', '编辑答案（管理）', 1, ''),
(10032, 'admin', 1, 'Admin/Cloud/install', '在线安装', 1, ''),
(10033, 'admin', 1, 'Admin/User/initpass', '重置用户密码', 1, ''),
(10034, 'admin', 1, 'Admin/Cloud/version', '获取版本信息', 1, ''),
(10035, 'admin', 1, 'Admin/Cloud/getFileList', '获取文件列表', 1, ''),
(10036, 'admin', 1, 'Admin/Cloud/compare', '比较本地文件', 1, ''),
(10037, 'admin', 1, 'Admin/Cloud/cover', '覆盖文件', 1, ''),
(10038, 'admin', 1, 'Admin/Cloud/updb', '更新数据库', 1, ''),
(10039, 'admin', 1, 'Admin/Cloud/finish', '更新完成', 1, ''),
(10040, 'admin', 1, 'Admin/Cloud/getVersionList', '获取扩展升级列表', 1, ''),
(10041, 'admin', 1, 'Admin/Cloud/updateGoods', '自动升级', 1, ''),
(10042, 'admin', 1, 'Admin/Cloud/Updating1', '自动升级1-获取文件列表', 1, ''),
(10043, 'admin', 1, 'Admin/Cloud/Updating2', '自动升级2-比较文件', 1, ''),
(10044, 'admin', 1, 'Admin/Cloud/updating3', '自动升级3-升级代码', 1, ''),
(10045, 'admin', 1, 'Admin/Cloud/updating4', '自动升级4-导入数据库', 1, ''),
(10046, 'admin', 1, 'Admin/Cloud/updating5', '自动升级5-重置版本号', 1, ''),
(10047, 'admin', 1, 'Admin/Adv/pos', '广告位', 1, ''),
(10048, 'admin', 1, 'Admin/Adv/adv', '广告管理', 1, ''),
(10049, 'admin', 1, 'Admin/Adv/editAdv', '新增广告', 1, ''),
(10050, 'admin', 1, 'Admin/Adv/editPos', '编辑广告位', 1, ''),
(10051, 'admin', 1, 'Admin/Adv/setPosStatus', '设置广告位状态', 1, ''),
(10052, 'admin', 1, 'Admin/Adv/schedule', '广告排期', 1, ''),
(10053, 'admin', 1, 'Admin/Channel/user', '用户导航', 1, ''),
(10054, 'admin', 1, 'Admin/Action/scoreLog', '积分日志', 1, ''),
(10055, 'admin', 1, 'Admin/Announce/announceList', '公告列表', 1, ''),
(10056, 'admin', 1, 'Admin/Announce/add', '发布公告', 1, ''),
(10057, 'admin', 1, 'Admin/Announce/setStatus', '设置公告状态', 1, ''),
(10058, 'admin', 1, 'Admin/Announce/arrive', '公告送达情况', 1, ''),
(10059, 'admin', 1, 'Admin/Message/messageSessionList', '会话列表', 1, ''),
(10060, 'admin', 1, 'Admin/Message/messageTplList', '会话模板', 1, ''),
(10061, 'admin', 1, 'Admin/Message/sessionRefresh', '刷新会话列表', 1, ''),
(10062, 'admin', 1, 'Admin/Message/tplRefresh', '刷新会话模板列表', 1, ''),
(10063, 'admin', 1, 'Admin/Schedule/editSchedule', '新增/编辑计划任务', 1, ''),
(10064, 'admin', 1, 'admin/schedule/run', '运行/停止计划任务', 1, ''),
(10065, 'admin', 1, 'Admin/Schedule/showLog', '查看日志', 1, ''),
(10066, 'admin', 1, 'admin/schedule/clearLog', '清空日志', 1, ''),
(10067, 'admin', 1, 'Admin/Schedule/reRun', '重启计划任务', 1, ''),
(10068, 'admin', 1, 'Admin/Schedule/setScheduleStatus', '设置计划任务状态', 1, ''),
(10069, 'admin', 1, 'Admin/Count/setActiveAction', '设置活跃度绑定的行为', 1, ''),
(10070, 'admin', 1, 'Admin/Count/downUser', '下线在线用户', 1, ''),
(10071, 'admin', 1, 'Admin/Message/config', '会话设置', 1, ''),
(10072, 'admin', 1, 'Admin/Channel/customEdit', '频道编辑', 1, ''),
(10073, 'admin', 1, 'Admin/Index/addTo', '添加', 1, ''),
(10074, 'admin', 1, 'Admin/Index/delTile', '删除', 1, ''),
(10075, 'admin', 1, 'Admin/Index/setTile', '修改', 1, ''),
(10076, 'admin', 1, 'Admin/SuperLinks/index', '友情链接', 1, ''),
(10077, 'admin', 1, 'Admin/Picture/config', '图片水印设置', 1, ''),
(10078, 'admin', 1, 'Admin/Picture/uploadWater', '上传水印图片', 1, ''),
(10079, 'admin', 1, 'Admin/Picture/pictureList', '图片列表', 1, ''),
(10080, 'admin', 1, 'Admin/Picture/setStatus', '设置图片状态、删除图片', 1, ''),
(10081, 'admin', 1, 'Admin/Sensitive/index', '敏感词列表', 1, ''),
(10082, 'admin', 1, 'Admin/Sensitive/config', '敏感词设置', 1, ''),
(10083, 'admin', 1, 'Admin/Sensitive/addMore', '批量添加', 1, ''),
(10084, 'admin', 1, 'Admin/Sensitive/edit', '新增、编辑敏感词', 1, ''),
(10085, 'admin', 1, 'Admin/Sensitive/setStatus', '设置敏感词状态', 1, ''),
(10086, 'admin', 1, 'Admin/Expression/iexpressionList', '自定义表情列表', 1, ''),
(10087, 'admin', 1, 'Admin/Role/moduleRole', '允许身份访问', 1, ''),
(10088, 'admin', 1, 'Admin/Attest/attestTypes', '认证类型', 1, ''),
(10089, 'admin', 1, 'Admin/Attest/setCondition', '认证条件设置', 1, ''),
(10090, 'admin', 1, 'Admin/Attest/setFields', '认证字段管理', 1, ''),
(10091, 'admin', 1, 'Admin/Attest/editType', '编辑认证类型', 1, ''),
(10092, 'admin', 1, 'Admin/Attest/attestList', '认证用户列表', 1, ''),
(10093, 'admin', 1, 'Admin/Attest/setAttestStatus', '设置认证状态', 1, ''),
(10094, 'admin', 1, 'Admin/User/bindwechat', '微信绑定', 1, ''),
(10095, 'admin', 1, 'Admin/Message/listMessageEvent', '消息模板', 1, ''),
(10096, 'admin', 1, 'Admin/Weibo/setcrowdtypestatus', '设置圈子类型状态', 1, ''),
(10097, 'admin', 1, 'Admin/Weibo/crowdType', '圈子类型', 1, ''),
(10098, 'admin', 1, 'Admin/Weibo/crowdConfig', '圈子配置', 1, ''),
(10099, 'admin', 1, 'Admin/weibo/cleanWeiboHtmlCache', '清除微博html缓存', 1, ''),
(10100, 'admin', 1, 'Admin/Forum/setForumStatus', '设置版块状态', 1, ''),
(10101, 'admin', 1, 'Admin/Forum/doSortForum', '设置版块排序', 1, ''),
(10102, 'admin', 1, 'Admin/Forum/setPostStatus', '设置帖子状态', 1, ''),
(10103, 'admin', 1, 'Admin/Forum/setReplyStatus', '设置回复状态', 1, ''),
(10104, 'admin', 1, 'Admin/Forum/type', '分类管理', 1, ''),
(10105, 'admin', 1, 'Admin/Forum/addType', '新增/编辑分类', 1, ''),
(10106, 'admin', 1, 'Admin/Forum/setTypeStatus', '设置分类状态', 1, ''),
(10107, 'admin', 2, 'Admin/Api/index', 'APi', 1, ''),
(10108, 'admin', 1, 'Admin/Api/editCat', '设置分类信息图标', 1, ''),
(10109, 'admin', 1, 'Admin/Api/config', '基本配置', 1, ''),
(10110, 'admin', 1, 'Admin/Api/versionCtrl', '版本控制', 1, ''),
(10111, 'admin', 1, 'Admin/Api/navCtrl', '导航管理', 1, ''),
(10112, 'admin', 1, 'Admin/Weibo/crowd', '圈子列表', 1, ''),
(10113, 'admin', 1, 'Admin/Weibo/setcrowdstatus', '设置圈子状态', 1, ''),
(10114, 'admin', 1, 'Admin/Weibo/editCrowd', '编辑圈子', 1, ''),
(10115, 'admin', 1, 'Admin/Weibo/doCrowdAllowPost', '圈子是否可发送微博', 1, ''),
(10116, 'admin', 1, 'Admin/Weibo/followCrowd', '执行默认关注', 1, ''),
(10117, 'admin', 1, 'Admin/Weibo/repaircrowdfollow', '修复关注数脚本', 1, ''),
(10118, 'admin', 1, 'Admin/Weibo/stampList', '图章列表', 1, ''),
(10119, 'admin', 1, 'Admin/Weibo/editStamp', '编辑图章', 1, ''),
(10120, 'admin', 1, 'Admin/Video/video', '分类管理', 1, ''),
(10121, 'admin', 1, 'Admin/Video/verify', '内容审核', 1, ''),
(10122, 'admin', 1, 'Admin/video/add', '添加', 1, ''),
(10123, 'admin', 1, 'Admin/video/contentTrash', '内容回收站', 1, ''),
(10124, 'admin', 2, 'Admin/VIdeo/contents', '视频', 1, ''),
(10125, 'admin', 1, 'Admin/Video/config', '配置', 1, ''),
(10126, 'admin', 1, 'Admin/Video/contents', '内容详情', 1, ''),
(10127, 'admin', 1, 'Admin/Album/photo', '照片管理', 1, ''),
(10128, 'admin', 1, 'Admin/Album/type', '分类管理', 1, ''),
(10129, 'admin', 1, 'Admin/Album/add', '添加编辑分类', 1, ''),
(10130, 'admin', 1, 'Admin/Album/contents', '相册管理', 1, ''),
(10131, 'admin', 1, 'Admin/Album/setAlbumStatus', '设置相册状态', 1, ''),
(10132, 'admin', 1, 'Admin/album/config', '相册设置', 1, ''),
(10133, 'admin', 1, 'Admin/Album/albumTrash', '相册回收站', 1, ''),
(10134, 'admin', 1, 'Admin/Question/editQuestionTopic', '编辑话题', 1, ''),
(10135, 'admin', 1, 'Admin/Question/topicSetting', '话题设置', 1, ''),
(10136, 'admin', 1, 'Admin/Question/presetQuestion', '问题预设', 1, ''),
(10137, 'admin', 1, 'Admin/Question/answer', '回答列表', 1, ''),
(10138, 'admin', 1, 'Admin/Question/setAnswerStatus', '设置回答状态（启用、禁用、删除）', 1, ''),
(10139, 'admin', 1, 'Admin/Question/topictrash', '话题回收站', 1, ''),
(10140, 'admin', 1, 'Admin/Question/index', '问题列表', 1, ''),
(10141, 'admin', 1, 'Admin/Question/setQuestionStatus', '设置问题状态（审核、启用、禁用、删除）', 1, ''),
(10142, 'admin', 1, 'Admin/Question/recommend', '推荐设置', 1, ''),
(10143, 'admin', 1, 'Admin/Question/config', '基础配置', 1, ''),
(10144, 'admin', 1, 'Admin/Question/category', '分类管理', 1, ''),
(10145, 'admin', 1, 'Admin/Question/add', '编辑、添加分类', 1, ''),
(10146, 'admin', 1, 'Admin/Question/setStatus', '设置分类状态', 1, ''),
(10147, 'admin', 1, 'Admin/Api/setCatIcon', '分类信息', 1, ''),
(10148, 'admin', 1, 'Admin/Cloud/update', '自动升级', 1, ''),
(10149, 'admin', 1, 'Admin/Rank/setVerifyStatus', '用户头衔审核', 1, ''),
(10150, 'admin', 1, 'Admin/Index/stats', '数据概览', 1, ''),
(10151, 'admin', 1, 'Admin/Api/IMConfig', 'IM服务', 1, ''),
(10152, 'admin', 1, 'Admin/Api/igtConfig', '个推服务', 1, ''),
(10153, 'admin', 1, 'Admin/Api/syncLoginConfig', '第三方登陆', 1, ''),
(10154, 'admin', 1, 'Admin/Count/index', '网站统计', 1, ''),
(10155, 'admin', 2, 'Admin/Super_links/index', '运营', 1, ''),
(10156, 'admin', 1, 'Admin/Expression/index', '表情设置', 1, ''),
(10157, 'admin', 1, 'Admin/Count/lost', '流失率统计', 1, ''),
(10158, 'admin', 1, 'Admin/Action/smslog', '短信日志', 1, ''),
(10159, 'admin', 1, 'Admin/message/sendMessage', '群发消息', 1, ''),
(10160, 'admin', 1, 'Admin/Expression/add', '添加表情包', 1, ''),
(10161, 'admin', 1, 'Admin/Count/remain', '留存率统计', 1, ''),
(10162, 'admin', 1, 'Admin/Expression/package', '表情包列表', 1, ''),
(10163, 'admin', 1, 'Admin/Count/consumption', '充值用户统计', 1, ''),
(10164, 'admin', 1, 'Admin/Forum/replyManager', '回复管理', 1, ''),
(10165, 'admin', 1, 'Admin/Expression/expressionList', '表情列表', 1, ''),
(10166, 'admin', 1, 'Admin/Count/active', '活跃用户统计', 1, ''),
(10167, 'admin', 1, 'Admin/EditorTool/config', '编辑器配置', 1, ''),
(10168, 'admin', 1, 'Admin/MarkDown/config', 'MarkDown配置', 1, ''),
(10169, 'admin', 1, 'Admin/Expression/delPackage', '删除表情包', 1, ''),
(10170, 'admin', 1, 'Admin/Count/nowUserList', '在线用户列表', 1, ''),
(10171, 'admin', 1, 'Admin/Expression/editPackage', '编辑表情包', 1, ''),
(10172, 'admin', 1, 'Admin/Expression/delExpression', '删除表情', 1, ''),
(10173, 'admin', 1, 'Admin/Forum/config', '论坛设置', 1, ''),
(10174, 'admin', 1, 'Admin/Expression/upload', '上传表情包', 1, ''),
(10175, 'admin', 2, 'Admin/Question/index', '问答', 1, ''),
(10176, 'admin', 1, 'Admin/message/userList', '群发消息用户列表', 1, ''),
(10177, 'admin', 1, 'admin/schedule/scheduleList', '计划任务列表', 1, ''),
(10178, 'admin', 2, 'Admin/Album/contnets', '相册', 1, ''),
(10180, 'Video', 1, 'addIssueContent', '发布视频', 1, '');

-- --------------------------------------------------------

--
-- 表的结构 `ocenter_avatar`
--

CREATE TABLE IF NOT EXISTS `ocenter_avatar` (
  `id` int(11) NOT NULL,
  `uid` int(11) NOT NULL,
  `path` varchar(200) NOT NULL,
  `driver` varchar(50) NOT NULL,
  `create_time` int(11) NOT NULL,
  `status` int(11) NOT NULL,
  `is_temp` int(11) NOT NULL
) ENGINE=MyISAM AUTO_INCREMENT=10 DEFAULT CHARSET=utf8;

--
-- 转存表中的数据 `ocenter_avatar`
--

INSERT INTO `ocenter_avatar` (`id`, `uid`, `path`, `driver`, `create_time`, `status`, `is_temp`) VALUES
(1, 1, '/1/5cc17260aec6b.jpeg', 'local', 1556181600, 1, 0),
(2, 101, '/101/5cdd26f9bf34c.jpg', 'local', 1557997309, 1, 0),
(3, 102, '/102/5cde5feb21844.jpg', 'local', 1558077422, 1, 0),
(4, 103, '/103/5cde60896f169.jpg', 'local', 1558077584, 1, 0),
(5, 104, '/104/5cde6103cb8bf.jpg', 'local', 1558077703, 1, 0),
(6, 105, '/105/5cde6162c442a.jpeg', 'local', 1558077799, 1, 0),
(7, 106, '/106/5cde624036282.png', 'local', 1558078021, 1, 0),
(8, 107, '/107/5cde6298d60db.png', 'local', 1558078112, 1, 0),
(9, 108, '/108/5ce241c83998a.jpg', 'local', 1558331850, 1, 0);

-- --------------------------------------------------------

--
-- 表的结构 `ocenter_channel`
--

CREATE TABLE IF NOT EXISTS `ocenter_channel` (
  `id` int(10) unsigned NOT NULL COMMENT '频道ID',
  `pid` int(10) unsigned NOT NULL DEFAULT '0' COMMENT '上级频道ID',
  `title` char(30) NOT NULL COMMENT '频道标题',
  `url` char(100) NOT NULL COMMENT '频道连接',
  `sort` int(10) unsigned NOT NULL DEFAULT '0' COMMENT '导航排序',
  `create_time` int(10) unsigned NOT NULL DEFAULT '0' COMMENT '创建时间',
  `update_time` int(10) unsigned NOT NULL DEFAULT '0' COMMENT '更新时间',
  `status` tinyint(4) NOT NULL DEFAULT '0' COMMENT '状态',
  `target` tinyint(2) unsigned NOT NULL DEFAULT '0' COMMENT '新窗口打开',
  `color` varchar(30) NOT NULL,
  `band_color` varchar(30) NOT NULL,
  `band_text` varchar(30) NOT NULL,
  `icon` varchar(20) NOT NULL,
  `image` int(11) NOT NULL,
  `remark` text NOT NULL
) ENGINE=MyISAM AUTO_INCREMENT=7 DEFAULT CHARSET=utf8;

--
-- 转存表中的数据 `ocenter_channel`
--

INSERT INTO `ocenter_channel` (`id`, `pid`, `title`, `url`, `sort`, `create_time`, `update_time`, `status`, `target`, `color`, `band_color`, `band_text`, `icon`, `image`, `remark`) VALUES
(1, 0, '首页', 'Home/Index/index', 0, 0, 0, 1, 0, '#000000', '#000000', '', 'home', 0, ''),
(2, 0, '动态', 'Weibo/index/index', 1, 0, 0, 1, 0, '#000000', '#000000', '', 'speech', 0, ''),
(3, 0, '论坛', 'Forum/index/index', 2, 0, 0, 1, 0, '#000000', '#000000', '', 'bubbles', 0, ''),
(4, 0, '问答', 'Question/index/index', 3, 0, 0, 1, 0, '#000000', '#000000', '', 'question', 0, ''),
(5, 0, '圈子', 'weibo/crowd/index', 4, 0, 0, 1, 0, '#000000', '#000000', '', 'support', 0, ''),
(6, 0, '找人', 'People/index/index', 5, 0, 0, 1, 0, '#000000', '#000000', '', 'users', 0, '');

-- --------------------------------------------------------

--
-- 表的结构 `ocenter_checkin`
--

CREATE TABLE IF NOT EXISTS `ocenter_checkin` (
  `id` int(11) NOT NULL,
  `uid` int(11) NOT NULL,
  `create_time` int(11) NOT NULL
) ENGINE=MyISAM AUTO_INCREMENT=6 DEFAULT CHARSET=utf8;

--
-- 转存表中的数据 `ocenter_checkin`
--

INSERT INTO `ocenter_checkin` (`id`, `uid`, `create_time`) VALUES
(1, 1, 1556181516),
(2, 101, 1557997421),
(3, 106, 1558171937),
(4, 1, 1558339109),
(5, 106, 1558339256);

-- --------------------------------------------------------

--
-- 表的结构 `ocenter_config`
--

CREATE TABLE IF NOT EXISTS `ocenter_config` (
  `id` int(10) unsigned NOT NULL COMMENT '配置ID',
  `name` varchar(100) NOT NULL DEFAULT '' COMMENT '配置名称',
  `type` tinyint(3) unsigned NOT NULL DEFAULT '0' COMMENT '配置类型',
  `title` varchar(50) NOT NULL DEFAULT '' COMMENT '配置说明',
  `group` tinyint(3) unsigned NOT NULL DEFAULT '0' COMMENT '配置分组',
  `extra` varchar(255) NOT NULL DEFAULT '' COMMENT '配置值',
  `remark` varchar(500) NOT NULL COMMENT '配置说明',
  `create_time` int(10) unsigned NOT NULL DEFAULT '0' COMMENT '创建时间',
  `update_time` int(10) unsigned NOT NULL DEFAULT '0' COMMENT '更新时间',
  `status` tinyint(4) NOT NULL DEFAULT '0' COMMENT '状态',
  `value` text NOT NULL COMMENT '配置值',
  `sort` smallint(3) unsigned NOT NULL DEFAULT '0' COMMENT '排序'
) ENGINE=MyISAM AUTO_INCREMENT=10179 DEFAULT CHARSET=utf8;

--
-- 转存表中的数据 `ocenter_config`
--

INSERT INTO `ocenter_config` (`id`, `name`, `type`, `title`, `group`, `extra`, `remark`, `create_time`, `update_time`, `status`, `value`, `sort`) VALUES
(100, 'WEB_SITE_CLOSE', 4, '关闭站点', 1, '0:关闭,1:开启', '站点关闭后其他用户不能访问，管理员可以正常访问', 1378898976, 1379235296, 1, '1', 11),
(101, 'CONFIG_TYPE_LIST', 3, '配置类型列表', 4, '', '主要用于数据解析和页面表单的生成', 1378898976, 1379235348, 1, '0:数字\r\n1:字符\r\n2:文本\r\n3:数组\r\n4:枚举\r\n8:多选框', 8),
(102, 'CONFIG_GROUP_LIST', 3, '配置分组', 4, '', '配置分组', 1379228036, 1384418383, 1, '1:基本\r\n2:内容\r\n3:用户\r\n4:系统\r\n5:邮件', 15),
(103, 'HOOKS_TYPE', 3, '钩子的类型', 4, '', '类型 1-用于扩展显示内容，2-用于扩展业务处理', 1379313397, 1379313407, 1, '1:视图\r\n2:控制器', 17),
(104, 'AUTH_CONFIG', 3, 'Auth配置', 4, '', '自定义Auth.class.php类配置', 1379409310, 1379409564, 1, 'AUTH_ON:1\r\nAUTH_TYPE:2', 20),
(105, 'LIST_ROWS', 0, '后台每页记录数', 2, '', '后台数据每页显示记录数', 1379503896, 1380427745, 1, '10', 24),
(107, 'CODEMIRROR_THEME', 4, '预览插件的CodeMirror主题', 4, '3024-day:3024 day\r\n3024-night:3024 night\r\nambiance:ambiance\r\nbase16-dark:base16 dark\r\nbase16-light:base16 light\r\nblackboard:blackboard\r\ncobalt:cobalt\r\neclipse:eclipse\r\nelegant:elegant\r\nerlang-dark:erlang-dark\r\nlesser-dark:lesser-dark\r\nmidnight:midnight', '详情见CodeMirror官网', 1379814385, 1384740813, 1, 'ambiance', 13),
(108, 'DATA_BACKUP_PATH', 1, '数据库备份根路径', 4, '', '路径必须以 / 结尾', 1381482411, 1381482411, 1, './Data/Backup', 16),
(109, 'DATA_BACKUP_PART_SIZE', 0, '数据库备份卷大小', 4, '', '该值用于限制压缩后的分卷最大长度。单位：B；建议设置20M', 1381482488, 1381729564, 1, '20971520', 18),
(110, 'DATA_BACKUP_COMPRESS', 4, '数据库备份文件是否启用压缩', 4, '0:不压缩\r\n1:启用压缩', '压缩备份文件需要PHP环境支持gzopen,gzwrite函数', 1381713345, 1381729544, 1, '1', 22),
(111, 'DATA_BACKUP_COMPRESS_LEVEL', 4, '数据库备份文件压缩级别', 4, '1:普通\r\n4:一般\r\n9:最高', '数据库备份文件的压缩级别，该配置在开启压缩时生效', 1381713408, 1381713408, 1, '9', 25),
(112, 'DEVELOP_MODE', 4, '开启开发者模式', 4, '0:关闭\r\n1:开启', '是否开启开发者模式，部分后台功能必须在开发者模式下才生效，重新设置后清空缓存生效', 1383105995, 1383291877, 1, '0', 26),
(113, 'ALLOW_VISIT', 3, '不受限控制器方法', 0, '', '', 1386644047, 1386644741, 1, '0:article/draftbox\r\n1:article/mydocument\r\n2:Category/tree\r\n3:Index/verify\r\n4:file/upload\r\n5:file/download\r\n6:user/updatePassword\r\n7:user/updateNickname\r\n8:user/submitPassword\r\n9:user/submitNickname\r\n10:file/uploadpicture', 2),
(114, 'DENY_VISIT', 3, '超管专限控制器方法', 0, '', '仅超级管理员可访问的控制器方法', 1386644141, 1386644659, 1, '0:Addons/addhook\r\n1:Addons/edithook\r\n2:Addons/delhook\r\n3:Addons/updateHook\r\n4:Admin/getMenus\r\n5:Admin/recordList\r\n6:AuthManager/updateRules\r\n7:AuthManager/tree', 3),
(115, 'ADMIN_ALLOW_IP', 2, '后台允许访问IP', 4, '', '多个用逗号分隔，如果不配置表示不限制IP访问', 1387165454, 1387165553, 1, '', 27),
(116, 'SHOW_PAGE_TRACE', 4, '是否显示页面Trace', 4, '0:关闭\r\n1:开启', '是否显示页面Trace信息', 1387165685, 1387165685, 1, '1', 7),
(117, 'MAIL_TYPE', 4, '邮件类型', 5, '1:SMTP 模块发送\r\n2:mail() 函数发送', '如果您选择了采用服务器内置的 Mail 服务，您不需要填写下面的内容', 1388332882, 1388931416, 1, '1', 0),
(118, 'MAIL_SMTP_HOST', 1, 'SMTP 服务器', 5, '', 'SMTP服务器', 1388332932, 1388332932, 1, 'smtp.qq.com', 0),
(119, 'MAIL_SMTP_PORT', 0, 'SMTP服务器端口', 5, '', '默认25', 1388332975, 1388332975, 1, '25', 0),
(120, 'MAIL_SMTP_USER', 1, 'SMTP服务器用户名', 5, '', '填写完整用户名', 1388333010, 1388333010, 1, '173066315@qq.com', 0),
(121, 'MAIL_SMTP_PASS', 6, 'SMTP服务器密码', 5, '', '填写您的密码', 1388333057, 1389187088, 1, 'shan891216', 0),
(122, 'MAIL_USER_PASS', 5, '密码找回模板', 0, '', '支持HTML代码', 1388583989, 1388672614, 1, '密码找回111223333555111', 0),
(123, 'PIC_FILE_PATH', 1, '图片文件保存根目录', 4, '', '图片文件保存根目录./目录/', 1388673255, 1388673255, 1, './Uploads/', 0),
(124, 'COUNT_DAY', 0, '后台首页统计用户增长天数', 0, '', '默认统计最近半个月的用户数增长情况', 1420791945, 1420876261, 1, '7', 0),
(126, 'USER_NAME_BAOLIU', 1, '保留用户名和昵称', 3, '', '禁止注册用户名和昵称，包含这些即无法注册,用" , "号隔开，用户只能是英文，下划线_，数字等', 1388845937, 1388845937, 1, '管理员,测试,admin,垃圾', 0),
(128, 'VERIFY_OPEN', 8, '验证码配置', 4, 'reg:注册显示\r\nlogin:登陆显示\r\nreset:密码重置', '验证码配置', 1388500332, 1405561711, 1, '', 0),
(129, 'VERIFY_TYPE', 4, '验证码类型', 4, '1:中文\r\n2:英文\r\n3:数字\r\n4:英文+数字', '验证码类型', 1388500873, 1405561731, 1, '4', 0),
(130, 'NO_BODY_TLE', 2, '空白说明', 2, '', '空白说明', 1392216444, 1392981305, 1, '呵呵，暂时没有内容哦！！', 0),
(131, 'USER_RESPASS', 5, '密码找回模板', 3, '', '密码找回文本', 1396191234, 1396191234, 1, '<span style="color:#009900;">请点击以下链接找回密码，如无反应，请将链接地址复制到浏览器中打开(下次登录前有效)</span>', 0),
(132, 'COUNT_CODE', 2, '统计代码', 1, '', '用于统计网站访问量的第三方代码，推荐CNZZ统计', 1403058890, 1403058890, 1, '', 12),
(134, 'URL_MODEL', 4, 'URL模式', 4, '2:REWRITE模式(开启伪静态)\r\n3:兼容模式', '选择Rewrite模式则开启伪静态，在开启伪静态之前需要先<a href="http://v2.opensns.cn/index.php?s=/news/index/detail/id/128.html" target="_blank">设置伪静态</a>或者阅读/Rewrite/readme.txt中的说明，默认建议开启兼容模式', 1421027546, 1421027676, 1, '2', 0),
(135, 'DEFUALT_HOME_URL', 1, '登录前首页Url', 1, '', '支持形如weibo/index/index的ThinkPhp路由写法，支持普通的url写法，不填则显示默认聚合首页', 1417509438, 1427340006, 1, '', 1),
(136, 'AUTO_UPDATE', 4, '自动更新提示', 1, '0:关闭,1:开启', '关闭后，后台将不显示更新提示', 1433731153, 1433731348, 1, '1', 2),
(137, 'WEB_SITE_CLOSE_HINT', 2, '关站提示文字', 1, '', '站点关闭后的提示文字。', 1433731248, 1433731287, 1, '网站正在更新维护，请稍候再试。', 4),
(138, 'SESSION_PREFIX', 1, '网站前台session前缀', 1, '', '当多个网站在同一个根域名下请保证每个网站的前缀不同', 1436923664, 1436923664, 1, 'opensns', 20),
(139, 'COOKIE_PREFIX', 1, '网站前台cookie前缀', 1, '', '当多个网站在同一个根域名下请保证每个网站的前缀不同', 1436923664, 1436923664, 1, 'opensns_', 21),
(141, 'LOST_LONG', 0, '用户流失标准（天）', 0, '', '', 1469414315, 1469414315, 1, '30', 0),
(142, 'MAIL_VERIFY_TYPE', 4, 'SMTP验证方式', 5, '1:无\r\n2:ssl\r\n3:tls', 'SMTP验证方式', 1388332882, 1388931416, 1, '1', 0),
(1000, '_USERCONFIG_REG_SWITCH', 0, '', 0, '', '', 1427094903, 1427094903, 1, 'email', 0),
(10158, '_CONFIG_WEB_SITE_NAME', 0, '', 0, '', '', 1558064749, 1558064749, 1, '社交SNS', 0),
(10159, '_CONFIG_ICP', 0, '', 0, '', '', 1558064749, 1558064749, 1, '', 0),
(10160, '_CONFIG_LOGO', 0, '', 0, '', '', 1558064749, 1558064749, 1, '', 0),
(1004, '_CONFIG_QRCODE', 0, '', 0, '', '', 1427339647, 1427339647, 1, '', 0),
(10157, '_CONFIG_ABOUT_US', 0, '', 0, '', '', 1558064740, 1558064740, 1, '', 0),
(1006, '_CONFIG_SUBSCRIB_US', 0, '', 0, '', '', 1427339647, 1427339647, 1, '<p>业务QQ：276905621</p><p>联系地址：浙江省桐乡市环城南路1号电子商务中心</p><p>联系电话：0573-88037510</p>', 0),
(10172, '_CONFIG_COPY_RIGHT', 0, '', 0, '', '', 1558064749, 1558064749, 1, '<p>Copyright ©2014-2017 <a href="http://www.ourstu.com" target="_blank">嘉兴想天信息科技有限公司</a></p>', 0),
(1008, '_HOME_LOGO', 0, '', 0, '', '', 1432791820, 1432791820, 1, '', 0),
(1009, '_HOME_ENTER_URL', 0, '', 0, '', '', 1432791820, 1432791820, 1, '', 0),
(10116, '_HOME_BLOCK', 0, '', 0, '', '', 1557390864, 1557390864, 1, '[{"data-id":"disable","title":"\\u7981\\u7528","items":[]},{"data-id":"enable","title":"\\u542f\\u7528","items":[{"data-id":"Forum","title":"\\u8bba\\u575bPro"},{"data-id":"slider","title":"\\u8f6e\\u64ad"},{"data-id":"Weibo","title":"\\u52a8\\u6001"},{"data-id":"People","title":"\\u627e\\u4eba"},{"data-id":"Video","title":"\\u89c6\\u9891"},{"data-id":"Question","title":"\\u95ee\\u7b54"}]}]', 0),
(1011, '_HOME_PIC1', 0, '', 0, '', '', 1432791820, 1432791820, 1, '', 0),
(1012, '_HOME_URL1', 0, '', 0, '', '', 1432791820, 1432791820, 1, '', 0),
(1013, '_HOME_TITLE1', 0, '', 0, '', '', 1432791820, 1432791820, 1, '', 0),
(1014, '_HOME_PIC2', 0, '', 0, '', '', 1432791820, 1432791820, 1, '', 0),
(1015, '_HOME_URL2', 0, '', 0, '', '', 1432791820, 1432791820, 1, '', 0),
(1016, '_HOME_TITLE2', 0, '', 0, '', '', 1432791820, 1432791820, 1, '', 0),
(1017, '_HOME_PIC3', 0, '', 0, '', '', 1432791820, 1432791820, 1, '', 0),
(1018, '_HOME_URL3', 0, '', 0, '', '', 1432791820, 1432791820, 1, '', 0),
(1019, '_HOME_TITLE3', 0, '', 0, '', '', 1432791820, 1432791820, 1, '', 0),
(10173, '_CONFIG_COMPANY', 0, '', 0, '', '', 1558064749, 1558064749, 1, '<p><a href="http://www.ourstu.com/joinus.html" target="_blank"></a></p><p><a href="http://www.ourstu.com/joinus.html" target="_blank"><em class="icon icon-user"></em>加入我们</a></p><p><br/></p><p><em class="icon icon-phone-sign"></em>400-0573-080</p><p><em class="icon icon-envelope-alt"></em>co@ourstu.com</p>', 0),
(10161, '_CONFIG_QRCODE_BOTTOM', 0, '', 0, '', '', 1558064749, 1558064749, 1, '', 0),
(1022, '_USERCONFIG_UCENTER_KANBAN', 0, '', 0, '', '', 1501048026, 1501048026, 1, '[{"data-id":"disable","title":"禁用","items":[{"id":"News","title":"资讯","data-id":"News"}]},{"data-id":"enable","title":"启用","items":[{"id":"Weibo","title":"微博","data-id":"Weibo"},{"id":"follow","title":"TA的关注/粉丝","data-id":"follow"},{"id":"info","title":"资料","data-id":"info"},{"id":"rank_title","title":"头衔","data-id":"rank_title"},{"id":"topic_list","title":"关注的话题","data-id":"topic_list"}]}]', 0),
(10178, '_CONFIG_FIRST_USER_RUN', 0, '', 0, '', '', 1558576235, 1558576235, 1, '2019-05-23', 0),
(10115, '_HOME_HOME_INDEX_TYPE', 0, '', 0, '', '', 1557390864, 1557390864, 1, 'static_home', 0),
(10117, '_HOME_SEARCH', 0, '', 0, '', '', 1557390864, 1557390864, 1, '[{"data-id":"disable","title":"\\u7981\\u7528","items":[]},{"data-id":"enable","title":"\\u542f\\u7528","items":[{"data-id":"People","title":"\\u627e\\u4eba"},{"data-id":"Weibo","title":"\\u52a8\\u6001"},{"data-id":"Forum","title":"\\u8bba\\u575bPro"}]}]', 0),
(10007, '_API_ACCESS_TOKEN', 0, '', 0, '', '', 1556000419, 1556000419, 1, '8d0a36c03bf8c08823c06a41d89bd714', 0),
(10008, '_API_IS_NEED_ADMIN', 0, '', 0, '', '', 1556000419, 1556000419, 1, '1', 0),
(10015, '_API_APP_NEW_VERSION', 0, '', 0, '', '', 1556003325, 1556003325, 1, '5.1.0', 0),
(10016, '_API_APP_PATCH_VERSION', 0, '', 0, '', '', 1556003325, 1556003325, 1, '', 0),
(10017, '_API_APP_MIN_VERSION', 0, '', 0, '', '', 1556003325, 1556003325, 1, '', 0),
(10018, '_API_APP_APK_FILE', 0, '', 0, '', '', 1556003325, 1556003325, 1, '', 0),
(10019, '_API_APP_PATCH_FILE', 0, '', 0, '', '', 1556003325, 1556003325, 1, '', 0),
(10020, '_API_APP_OUT_LINK', 0, '', 0, '', '', 1556003325, 1556003325, 1, '', 0),
(10073, '_FORUM_LIMIT_IMAGE', 0, '', 0, '', '', 1556181273, 1556181273, 1, '10', 0),
(10074, '_FORUM_CACHE_TIME', 0, '', 0, '', '', 1556181273, 1556181273, 1, '300', 0),
(10075, '_FORUM_SUGGESTION_POSTS', 0, '', 0, '', '', 1556181273, 1556181273, 1, '', 0),
(10076, '_FORUM_HOT_FORUM', 0, '', 0, '', '', 1556181273, 1556181273, 1, '1,2,3', 0),
(10077, '_FORUM_RECOMMAND_FORUM', 0, '', 0, '', '', 1556181273, 1556181273, 1, '1,2,3', 0),
(10078, '_FORUM_FORM_POST_SHOW_NUM_INDEX', 0, '', 0, '', '', 1556181273, 1556181273, 1, '5', 0),
(10079, '_FORUM_FORM_POST_SHOW_NUM_PAGE', 0, '', 0, '', '', 1556181273, 1556181273, 1, '10', 0),
(10080, '_FORUM_FORUM_SHOW_TITLE', 0, '', 0, '', '', 1556181273, 1556181273, 1, '论坛板块', 0),
(10081, '_FORUM_FORUM_SHOW', 0, '', 0, '', '', 1556181273, 1556181273, 1, '1|2|4|5', 0),
(10082, '_FORUM_FORUM_SHOW_CACHE_TIME', 0, '', 0, '', '', 1556181273, 1556181273, 1, '600', 0),
(10083, '_FORUM_FORUM_POST_SHOW_TITLE', 0, '', 0, '', '', 1556181273, 1556181273, 1, '热门贴子', 0),
(10084, '_FORUM_FORUM_POST_SHOW_NUM', 0, '', 0, '', '', 1556181273, 1556181273, 1, '5', 0),
(10085, '_FORUM_FORUM_POST_ORDER', 0, '', 0, '', '', 1556181273, 1556181273, 1, 'last_reply_time', 0),
(10086, '_FORUM_FORUM_POST_TYPE', 0, '', 0, '', '', 1556181273, 1556181273, 1, 'desc', 0),
(10162, '_CONFIG_JUMP_BACKGROUND', 0, '', 0, '', '', 1558064749, 1558064749, 1, '', 0),
(10163, '_CONFIG_SUCCESS_WAIT_TIME', 0, '', 0, '', '', 1558064749, 1558064749, 1, '2', 0),
(10164, '_CONFIG_ERROR_WAIT_TIME', 0, '', 0, '', '', 1558064749, 1558064749, 1, '5', 0),
(10165, '_CONFIG_OPEN_IM', 0, '', 0, '', '', 1558064749, 1558064749, 1, '1', 0),
(10166, '_CONFIG_GET_INFORMATION', 0, '', 0, '', '', 1558064749, 1558064749, 1, '1', 0),
(10167, '_CONFIG_GET_INFORMATION_INTERNAL', 0, '', 0, '', '', 1558064749, 1558064749, 1, '10', 0),
(10168, '_CONFIG_PICTURE_UPLOAD_DRIVER', 0, '', 0, '', '', 1558064749, 1558064749, 1, 'local', 0),
(10169, '_CONFIG_DOWNLOAD_UPLOAD_DRIVER', 0, '', 0, '', '', 1558064749, 1558064749, 1, 'local', 0),
(10170, '_CONFIG_WEBSOCKET_ADDRESS', 0, '', 0, '', '', 1558064749, 1558064749, 1, '192.168.1.210', 0),
(10171, '_CONFIG_WEBSOCKET_PORT', 0, '', 0, '', '', 1558064749, 1558064749, 1, '8000', 0);

-- --------------------------------------------------------

--
-- 表的结构 `ocenter_count_active`
--

CREATE TABLE IF NOT EXISTS `ocenter_count_active` (
  `id` int(11) NOT NULL,
  `type` varchar(10) NOT NULL COMMENT '类型:''day'',''week'',''month''',
  `date` int(11) NOT NULL,
  `num` int(11) NOT NULL COMMENT '活跃人数',
  `total` int(11) NOT NULL COMMENT '总人数'
) ENGINE=MyISAM AUTO_INCREMENT=27 DEFAULT CHARSET=utf8 COMMENT='活跃统计表';

--
-- 转存表中的数据 `ocenter_count_active`
--

INSERT INTO `ocenter_count_active` (`id`, `type`, `date`, `num`, `total`) VALUES
(1, 'day', 1555430400, 0, 0),
(2, 'day', 1555516800, 1, 0),
(3, 'day', 1555776000, 0, 0),
(4, 'day', 1555862400, 1, 0),
(5, 'day', 1556035200, 0, 0),
(6, 'day', 1556294400, 0, 0),
(7, 'week', 1555776007, 2, 0),
(8, 'day', 1556380800, 1, 0),
(9, 'day', 1556467200, 1, 0),
(10, 'day', 1556899200, 0, 0),
(11, 'week', 1556380807, 1, 0),
(12, 'day', 1556985600, 1, 0),
(13, 'day', 1557072000, 1, 0),
(14, 'day', 1557158400, 0, 0),
(15, 'day', 1557244800, 1, 0),
(16, 'day', 1557331200, 1, 0),
(17, 'day', 1557590400, 0, 0),
(18, 'day', 1557676800, 2, 0),
(19, 'day', 1557763200, 2, 0),
(20, 'day', 1557849600, 2, 0),
(21, 'day', 1557936000, 2, 0),
(22, 'day', 1558022400, 8, 0),
(23, 'day', 1558195200, 0, 0);

-- --------------------------------------------------------

--
-- 表的结构 `ocenter_count_lost`
--

CREATE TABLE IF NOT EXISTS `ocenter_count_lost` (
  `id` int(11) NOT NULL,
  `user_num` int(11) NOT NULL COMMENT '用户总数',
  `new_lost` int(11) NOT NULL COMMENT '新增流失用户数',
  `date` int(11) NOT NULL COMMENT '日期，时间戳形式',
  `lost_num` int(11) NOT NULL COMMENT '流失用户数',
  `rate` decimal(6,4) NOT NULL COMMENT '比率0~1之间，小数点四位的小数',
  `create_time` int(11) NOT NULL COMMENT '创建时间'
) ENGINE=MyISAM AUTO_INCREMENT=25 DEFAULT CHARSET=utf8 COMMENT='用户流失率统计';

--
-- 转存表中的数据 `ocenter_count_lost`
--

INSERT INTO `ocenter_count_lost` (`id`, `user_num`, `new_lost`, `date`, `lost_num`, `rate`, `create_time`) VALUES
(1, 1, 0, 1555430400, 0, '0.0000', 1555554085),
(2, 1, 0, 1555516800, 0, '0.0000', 1555655842),
(3, 1, 0, 1555776000, 0, '0.0000', 1555920518),
(4, 1, 0, 1555862400, 0, '0.0000', 1555985229),
(5, 1, 0, 1556035200, 0, '0.0000', 1556155011),
(6, 2, 0, 1556294400, 0, '0.0000', 1556413811),
(7, 2, 0, 1556380800, 0, '0.0000', 1556510745),
(8, 2, 0, 1556467200, 0, '0.0000', 1556590621),
(9, 2, 0, 1556899200, 0, '0.0000', 1557042573),
(10, 2, 0, 1556985600, 0, '0.0000', 1557106270),
(11, 2, 0, 1557072000, 0, '0.0000', 1557215010),
(12, 2, 0, 1557158400, 0, '0.0000', 1557300719),
(13, 2, 0, 1557244800, 0, '0.0000', 1557364574),
(14, 2, 0, 1557331200, 0, '0.0000', 1557450529),
(15, 2, 0, 1557590400, 0, '0.0000', 1557711379),
(16, 3, 0, 1557676800, 0, '0.0000', 1557795111),
(17, 3, 0, 1557763200, 0, '0.0000', 1557882534),
(18, 3, 0, 1557849600, 0, '0.0000', 1557968668),
(19, 3, 0, 1557936000, 0, '0.0000', 1558055608),
(20, 9, 0, 1558022400, 0, '0.0000', 1558142496),
(21, 9, 0, 1558195200, 0, '0.0000', 1558314103),
(23, 10, 0, 1558368000, 0, '0.0000', 1558490999),
(24, 10, 0, 1558454400, 0, '0.0000', 1558576235);

-- --------------------------------------------------------

--
-- 表的结构 `ocenter_count_remain`
--

CREATE TABLE IF NOT EXISTS `ocenter_count_remain` (
  `id` int(11) NOT NULL,
  `date` int(11) NOT NULL COMMENT '日期',
  `day1_num` int(11) NOT NULL COMMENT '第一天登录人数',
  `day2_num` int(11) NOT NULL COMMENT '第二天登录人数',
  `day3_num` int(11) NOT NULL,
  `day4_num` int(11) NOT NULL,
  `day5_num` int(11) NOT NULL,
  `day6_num` int(11) NOT NULL,
  `day7_num` int(11) NOT NULL,
  `day8_num` int(11) NOT NULL,
  `reg_num` int(11) NOT NULL COMMENT '当天注册人数'
) ENGINE=MyISAM AUTO_INCREMENT=44 DEFAULT CHARSET=utf8 COMMENT='留存率统计表';

--
-- 转存表中的数据 `ocenter_count_remain`
--

INSERT INTO `ocenter_count_remain` (`id`, `date`, `day1_num`, `day2_num`, `day3_num`, `day4_num`, `day5_num`, `day6_num`, `day7_num`, `day8_num`, `reg_num`) VALUES
(1, 1555344000, 0, 0, 0, 0, 0, 0, 0, 0, 0),
(2, 1555257600, 0, 0, 0, 0, 0, 0, 0, 0, 0),
(3, 1555171200, 0, 0, 0, 0, 0, 0, 0, 0, 0),
(4, 1555084800, 0, 0, 0, 0, 0, 0, 0, 0, 0),
(5, 1554998400, 0, 0, 0, 0, 0, 0, 0, 0, 0),
(6, 1554912000, 0, 0, 0, 0, 0, 0, 0, 0, 0),
(7, 1554825600, 0, 0, 0, 0, 0, 0, 0, 0, 0),
(8, 1554739200, 0, 0, 0, 0, 0, 0, 0, 0, 0),
(9, 1555430400, 0, 0, 0, 0, 0, 0, 0, 0, 0),
(10, 1555689600, 0, 0, 0, 0, 0, 0, 0, 0, 0),
(11, 1555603200, 0, 0, 0, 0, 0, 0, 0, 0, 0),
(12, 1555516800, 0, 0, 0, 1, 0, 0, 0, 0, 1),
(13, 1555776000, 0, 0, 0, 0, 0, 0, 0, 0, 0),
(14, 1555948800, 0, 0, 0, 0, 0, 0, 0, 0, 0),
(15, 1555862400, 0, 0, 0, 0, 0, 0, 0, 0, 0),
(16, 1556208000, 0, 0, 0, 0, 0, 0, 0, 0, 0),
(17, 1556121600, 0, 0, 0, 0, 0, 0, 0, 0, 1),
(18, 1556035200, 0, 0, 0, 0, 0, 0, 0, 0, 0),
(19, 1556294400, 0, 0, 0, 0, 0, 0, 0, 0, 0),
(20, 1556380800, 0, 0, 0, 0, 0, 0, 0, 0, 0),
(21, 1556812800, 0, 0, 0, 0, 0, 0, 0, 0, 0),
(22, 1556726400, 0, 0, 0, 0, 0, 0, 0, 0, 0),
(23, 1556640000, 0, 0, 0, 0, 0, 0, 0, 0, 0),
(24, 1556553600, 0, 0, 0, 0, 0, 0, 0, 0, 0),
(25, 1556467200, 0, 0, 0, 0, 0, 0, 0, 0, 0),
(26, 1556899200, 0, 0, 0, 0, 0, 0, 0, 0, 0),
(27, 1556985600, 0, 0, 0, 0, 0, 0, 0, 0, 0),
(28, 1557072000, 0, 0, 0, 0, 0, 0, 0, 0, 0),
(29, 1557158400, 0, 0, 0, 0, 0, 0, 0, 0, 0),
(30, 1557244800, 0, 0, 0, 0, 0, 0, 0, 0, 0),
(31, 1557504000, 0, 0, 0, 0, 0, 0, 0, 0, 0),
(32, 1557417600, 0, 0, 0, 0, 0, 0, 0, 0, 0),
(33, 1557331200, 0, 0, 0, 0, 0, 0, 0, 0, 0),
(34, 1557590400, 0, 0, 0, 0, 0, 0, 0, 0, 0),
(35, 1557676800, 1, 1, 1, 1, 0, 0, 1, 0, 1),
(36, 1557763200, 0, 0, 0, 0, 0, 0, 0, 0, 0),
(37, 1557849600, 0, 0, 0, 0, 0, 0, 0, 0, 0),
(38, 1557936000, 0, 0, 0, 0, 0, 0, 0, 0, 0),
(39, 1558108800, 0, 0, 0, 0, 0, 0, 0, 0, 0),
(40, 1558022400, 0, 0, 1, 1, 0, 0, 0, 0, 6),
(42, 1558281600, 0, 0, 0, 0, 0, 0, 0, 0, 1),
(43, 1558368000, 0, 0, 0, 0, 0, 0, 0, 0, 0);

-- --------------------------------------------------------

--
-- 表的结构 `ocenter_district`
--

CREATE TABLE IF NOT EXISTS `ocenter_district` (
  `id` mediumint(8) unsigned NOT NULL,
  `name` varchar(255) NOT NULL DEFAULT '',
  `level` tinyint(4) unsigned NOT NULL DEFAULT '0',
  `upid` mediumint(8) unsigned NOT NULL DEFAULT '0'
) ENGINE=MyISAM AUTO_INCREMENT=910007 DEFAULT CHARSET=utf8 COMMENT='中国省市区乡镇数据表';

--
-- 转存表中的数据 `ocenter_district`
--

INSERT INTO `ocenter_district` (`id`, `name`, `level`, `upid`) VALUES
(110000, '北京市', 1, 0),
(120000, '天津市', 1, 0),
(130000, '河北省', 1, 0),
(140000, '山西省', 1, 0),
(150000, '内蒙古', 1, 0),
(210000, '辽宁省', 1, 0),
(220000, '吉林省', 1, 0),
(230000, '黑龙江', 1, 0),
(310000, '上海市', 1, 0),
(320000, '江苏省', 1, 0),
(330000, '浙江省', 1, 0),
(340000, '安徽省', 1, 0),
(350000, '福建省', 1, 0),
(360000, '江西省', 1, 0),
(370000, '山东省', 1, 0),
(410000, '河南省', 1, 0),
(420000, '湖北省', 1, 0),
(430000, '湖南省', 1, 0),
(440000, '广东省', 1, 0),
(450000, '广西省', 1, 0),
(460000, '海南省', 1, 0),
(500000, '重庆市', 1, 0),
(510000, '四川省', 1, 0),
(520000, '贵州省', 1, 0),
(530000, '云南省', 1, 0),
(540000, '西　藏', 1, 0),
(610000, '陕西省', 1, 0),
(620000, '甘肃省', 1, 0),
(630000, '青海省', 1, 0),
(640000, '宁　夏', 1, 0),
(650000, '新　疆', 1, 0),
(710000, '台湾省', 1, 0),
(810000, '香　港', 1, 0),
(820000, '澳　门', 1, 0),
(110100, '北京市', 2, 110000),
(110200, '县', 2, 110000),
(120100, '市辖区', 2, 120000),
(120200, '县', 2, 120000),
(130100, '石家庄市', 2, 130000),
(130200, '唐山市', 2, 130000),
(130300, '秦皇岛市', 2, 130000),
(130400, '邯郸市', 2, 130000),
(130500, '邢台市', 2, 130000),
(130600, '保定市', 2, 130000),
(130700, '张家口市', 2, 130000),
(130800, '承德市', 2, 130000),
(130900, '沧州市', 2, 130000),
(131000, '廊坊市', 2, 130000),
(131100, '衡水市', 2, 130000),
(140100, '太原市', 2, 140000),
(140200, '大同市', 2, 140000),
(140300, '阳泉市', 2, 140000),
(140400, '长治市', 2, 140000),
(140500, '晋城市', 2, 140000),
(140600, '朔州市', 2, 140000),
(140700, '晋中市', 2, 140000),
(140800, '运城市', 2, 140000),
(140900, '忻州市', 2, 140000),
(141000, '临汾市', 2, 140000),
(141100, '吕梁市', 2, 140000),
(150100, '呼和浩特市', 2, 150000),
(150200, '包头市', 2, 150000),
(150300, '乌海市', 2, 150000),
(150400, '赤峰市', 2, 150000),
(150500, '通辽市', 2, 150000),
(150600, '鄂尔多斯市', 2, 150000),
(150700, '呼伦贝尔市', 2, 150000),
(150800, '巴彦淖尔市', 2, 150000),
(150900, '乌兰察布市', 2, 150000),
(152200, '兴安盟', 2, 150000),
(152500, '锡林郭勒盟', 2, 150000),
(152900, '阿拉善盟', 2, 150000),
(210100, '沈阳市', 2, 210000),
(210200, '大连市', 2, 210000),
(210300, '鞍山市', 2, 210000),
(210400, '抚顺市', 2, 210000),
(210500, '本溪市', 2, 210000),
(210600, '丹东市', 2, 210000),
(210700, '锦州市', 2, 210000),
(210800, '营口市', 2, 210000),
(210900, '阜新市', 2, 210000),
(211000, '辽阳市', 2, 210000),
(211100, '盘锦市', 2, 210000),
(211200, '铁岭市', 2, 210000),
(211300, '朝阳市', 2, 210000),
(211400, '葫芦岛市', 2, 210000),
(220100, '长春市', 2, 220000),
(220200, '吉林市', 2, 220000),
(220300, '四平市', 2, 220000),
(220400, '辽源市', 2, 220000),
(220500, '通化市', 2, 220000),
(220600, '白山市', 2, 220000),
(220700, '松原市', 2, 220000),
(220800, '白城市', 2, 220000),
(222400, '延边朝鲜族自治州', 2, 220000),
(230100, '哈尔滨市', 2, 230000),
(230200, '齐齐哈尔市', 2, 230000),
(230300, '鸡西市', 2, 230000),
(230400, '鹤岗市', 2, 230000),
(230500, '双鸭山市', 2, 230000),
(230600, '大庆市', 2, 230000),
(230700, '伊春市', 2, 230000),
(230800, '佳木斯市', 2, 230000),
(230900, '七台河市', 2, 230000),
(231000, '牡丹江市', 2, 230000),
(231100, '黑河市', 2, 230000),
(231200, '绥化市', 2, 230000),
(232700, '大兴安岭地区', 2, 230000),
(310100, '市辖区', 2, 310000),
(310200, '县', 2, 310000),
(320100, '南京市', 2, 320000),
(320200, '无锡市', 2, 320000),
(320300, '徐州市', 2, 320000),
(320400, '常州市', 2, 320000),
(320500, '苏州市', 2, 320000),
(320600, '南通市', 2, 320000),
(320700, '连云港市', 2, 320000),
(320800, '淮安市', 2, 320000),
(320900, '盐城市', 2, 320000),
(321000, '扬州市', 2, 320000),
(321100, '镇江市', 2, 320000),
(321200, '泰州市', 2, 320000),
(321300, '宿迁市', 2, 320000),
(330100, '杭州市', 2, 330000),
(330200, '宁波市', 2, 330000),
(330300, '温州市', 2, 330000),
(330400, '嘉兴市', 2, 330000),
(330500, '湖州市', 2, 330000),
(330600, '绍兴市', 2, 330000),
(330700, '金华市', 2, 330000),
(330800, '衢州市', 2, 330000),
(330900, '舟山市', 2, 330000),
(331000, '台州市', 2, 330000),
(331100, '丽水市', 2, 330000),
(340100, '合肥市', 2, 340000),
(340200, '芜湖市', 2, 340000),
(340300, '蚌埠市', 2, 340000),
(340400, '淮南市', 2, 340000),
(340500, '马鞍山市', 2, 340000),
(340600, '淮北市', 2, 340000),
(340700, '铜陵市', 2, 340000),
(340800, '安庆市', 2, 340000),
(341000, '黄山市', 2, 340000),
(341100, '滁州市', 2, 340000),
(341200, '阜阳市', 2, 340000),
(341300, '宿州市', 2, 340000),
(341500, '六安市', 2, 340000),
(341600, '亳州市', 2, 340000),
(341700, '池州市', 2, 340000),
(341800, '宣城市', 2, 340000),
(350100, '福州市', 2, 350000),
(350200, '厦门市', 2, 350000),
(350300, '莆田市', 2, 350000),
(350400, '三明市', 2, 350000),
(350500, '泉州市', 2, 350000),
(350600, '漳州市', 2, 350000),
(350700, '南平市', 2, 350000),
(350800, '龙岩市', 2, 350000),
(350900, '宁德市', 2, 350000),
(360100, '南昌市', 2, 360000),
(360200, '景德镇市', 2, 360000),
(360300, '萍乡市', 2, 360000),
(360400, '九江市', 2, 360000),
(360500, '新余市', 2, 360000),
(360600, '鹰潭市', 2, 360000),
(360700, '赣州市', 2, 360000),
(360800, '吉安市', 2, 360000),
(360900, '宜春市', 2, 360000),
(361000, '抚州市', 2, 360000),
(361100, '上饶市', 2, 360000),
(370100, '济南市', 2, 370000),
(370200, '青岛市', 2, 370000),
(370300, '淄博市', 2, 370000),
(370400, '枣庄市', 2, 370000),
(370500, '东营市', 2, 370000),
(370600, '烟台市', 2, 370000),
(370700, '潍坊市', 2, 370000),
(370800, '济宁市', 2, 370000),
(370900, '泰安市', 2, 370000),
(371000, '威海市', 2, 370000),
(371100, '日照市', 2, 370000),
(371200, '莱芜市', 2, 370000),
(371300, '临沂市', 2, 370000),
(371400, '德州市', 2, 370000),
(371500, '聊城市', 2, 370000),
(371600, '滨州市', 2, 370000),
(371700, '菏泽市', 2, 370000),
(410100, '郑州市', 2, 410000),
(410200, '开封市', 2, 410000),
(410300, '洛阳市', 2, 410000),
(410400, '平顶山市', 2, 410000),
(410500, '安阳市', 2, 410000),
(410600, '鹤壁市', 2, 410000),
(410700, '新乡市', 2, 410000),
(410800, '焦作市', 2, 410000),
(410900, '濮阳市', 2, 410000),
(411000, '许昌市', 2, 410000),
(411100, '漯河市', 2, 410000),
(411200, '三门峡市', 2, 410000),
(411300, '南阳市', 2, 410000),
(411400, '商丘市', 2, 410000),
(411500, '信阳市', 2, 410000),
(411600, '周口市', 2, 410000),
(411700, '驻马店市', 2, 410000),
(420100, '武汉市', 2, 420000),
(420200, '黄石市', 2, 420000),
(420300, '十堰市', 2, 420000),
(420500, '宜昌市', 2, 420000),
(420600, '襄樊市', 2, 420000),
(420700, '鄂州市', 2, 420000),
(420800, '荆门市', 2, 420000),
(420900, '孝感市', 2, 420000),
(421000, '荆州市', 2, 420000),
(421100, '黄冈市', 2, 420000),
(421200, '咸宁市', 2, 420000),
(421300, '随州市', 2, 420000),
(422800, '恩施土家族苗族自治州', 2, 420000),
(429000, '省直辖行政单位', 2, 420000),
(430100, '长沙市', 2, 430000),
(430200, '株洲市', 2, 430000),
(430300, '湘潭市', 2, 430000),
(430400, '衡阳市', 2, 430000),
(430500, '邵阳市', 2, 430000),
(430600, '岳阳市', 2, 430000),
(430700, '常德市', 2, 430000),
(430800, '张家界市', 2, 430000),
(430900, '益阳市', 2, 430000),
(431000, '郴州市', 2, 430000),
(431100, '永州市', 2, 430000),
(431200, '怀化市', 2, 430000),
(431300, '娄底市', 2, 430000),
(433100, '湘西土家族苗族自治州', 2, 430000),
(440100, '广州市', 2, 440000),
(440200, '韶关市', 2, 440000),
(440300, '深圳市', 2, 440000),
(440400, '珠海市', 2, 440000),
(440500, '汕头市', 2, 440000),
(440600, '佛山市', 2, 440000),
(440700, '江门市', 2, 440000),
(440800, '湛江市', 2, 440000),
(440900, '茂名市', 2, 440000),
(441200, '肇庆市', 2, 440000),
(441300, '惠州市', 2, 440000),
(441400, '梅州市', 2, 440000),
(441500, '汕尾市', 2, 440000),
(441600, '河源市', 2, 440000),
(441700, '阳江市', 2, 440000),
(441800, '清远市', 2, 440000),
(441900, '东莞市', 2, 440000),
(442000, '中山市', 2, 440000),
(445100, '潮州市', 2, 440000),
(445200, '揭阳市', 2, 440000),
(445300, '云浮市', 2, 440000),
(450100, '南宁市', 2, 450000),
(450200, '柳州市', 2, 450000),
(450300, '桂林市', 2, 450000),
(450400, '梧州市', 2, 450000),
(450500, '北海市', 2, 450000),
(450600, '防城港市', 2, 450000),
(450700, '钦州市', 2, 450000),
(450800, '贵港市', 2, 450000),
(450900, '玉林市', 2, 450000),
(451000, '百色市', 2, 450000),
(451100, '贺州市', 2, 450000),
(451200, '河池市', 2, 450000),
(451300, '来宾市', 2, 450000),
(451400, '崇左市', 2, 450000),
(460100, '海口市', 2, 460000),
(460200, '三亚市', 2, 460000),
(469000, '省直辖县级行政单位', 2, 460000),
(500100, '市辖区', 2, 500000),
(500200, '县', 2, 500000),
(500300, '市', 2, 500000),
(510100, '成都市', 2, 510000),
(510300, '自贡市', 2, 510000),
(510400, '攀枝花市', 2, 510000),
(510500, '泸州市', 2, 510000),
(510600, '德阳市', 2, 510000),
(510700, '绵阳市', 2, 510000),
(510800, '广元市', 2, 510000),
(510900, '遂宁市', 2, 510000),
(511000, '内江市', 2, 510000),
(511100, '乐山市', 2, 510000),
(511300, '南充市', 2, 510000),
(511400, '眉山市', 2, 510000),
(511500, '宜宾市', 2, 510000),
(511600, '广安市', 2, 510000),
(511700, '达州市', 2, 510000),
(511800, '雅安市', 2, 510000),
(511900, '巴中市', 2, 510000),
(512000, '资阳市', 2, 510000),
(513200, '阿坝藏族羌族自治州', 2, 510000),
(513300, '甘孜藏族自治州', 2, 510000),
(513400, '凉山彝族自治州', 2, 510000),
(520100, '贵阳市', 2, 520000),
(520200, '六盘水市', 2, 520000),
(520300, '遵义市', 2, 520000),
(520400, '安顺市', 2, 520000),
(522200, '铜仁地区', 2, 520000),
(522300, '黔西南布依族苗族自治州', 2, 520000),
(522400, '毕节地区', 2, 520000),
(522600, '黔东南苗族侗族自治州', 2, 520000),
(522700, '黔南布依族苗族自治州', 2, 520000),
(530100, '昆明市', 2, 530000),
(530300, '曲靖市', 2, 530000),
(530400, '玉溪市', 2, 530000),
(530500, '保山市', 2, 530000),
(530600, '昭通市', 2, 530000),
(530700, '丽江市', 2, 530000),
(530800, '思茅市', 2, 530000),
(530900, '临沧市', 2, 530000),
(532300, '楚雄彝族自治州', 2, 530000),
(532500, '红河哈尼族彝族自治州', 2, 530000),
(532600, '文山壮族苗族自治州', 2, 530000),
(532800, '西双版纳傣族自治州', 2, 530000),
(532900, '大理白族自治州', 2, 530000),
(533100, '德宏傣族景颇族自治州', 2, 530000),
(533300, '怒江傈僳族自治州', 2, 530000),
(533400, '迪庆藏族自治州', 2, 530000),
(540100, '拉萨市', 2, 540000),
(542100, '昌都地区', 2, 540000),
(542200, '山南地区', 2, 540000),
(542300, '日喀则地区', 2, 540000),
(542400, '那曲地区', 2, 540000),
(542500, '阿里地区', 2, 540000),
(542600, '林芝地区', 2, 540000),
(610100, '西安市', 2, 610000),
(610200, '铜川市', 2, 610000),
(610300, '宝鸡市', 2, 610000),
(610400, '咸阳市', 2, 610000),
(610500, '渭南市', 2, 610000),
(610600, '延安市', 2, 610000),
(610700, '汉中市', 2, 610000),
(610800, '榆林市', 2, 610000),
(610900, '安康市', 2, 610000),
(611000, '商洛市', 2, 610000),
(620100, '兰州市', 2, 620000),
(620200, '嘉峪关市', 2, 620000),
(620300, '金昌市', 2, 620000),
(620400, '白银市', 2, 620000),
(620500, '天水市', 2, 620000),
(620600, '武威市', 2, 620000),
(620700, '张掖市', 2, 620000),
(620800, '平凉市', 2, 620000),
(620900, '酒泉市', 2, 620000),
(621000, '庆阳市', 2, 620000),
(621100, '定西市', 2, 620000),
(621200, '陇南市', 2, 620000),
(622900, '临夏回族自治州', 2, 620000),
(623000, '甘南藏族自治州', 2, 620000),
(630100, '西宁市', 2, 630000),
(632100, '海东地区', 2, 630000),
(632200, '海北藏族自治州', 2, 630000),
(632300, '黄南藏族自治州', 2, 630000),
(632500, '海南藏族自治州', 2, 630000),
(632600, '果洛藏族自治州', 2, 630000),
(632700, '玉树藏族自治州', 2, 630000),
(632800, '海西蒙古族藏族自治州', 2, 630000),
(640100, '银川市', 2, 640000),
(640200, '石嘴山市', 2, 640000),
(640300, '吴忠市', 2, 640000),
(640400, '固原市', 2, 640000),
(640500, '中卫市', 2, 640000),
(650100, '乌鲁木齐市', 2, 650000),
(650200, '克拉玛依市', 2, 650000),
(652100, '吐鲁番地区', 2, 650000),
(652200, '哈密地区', 2, 650000),
(652300, '昌吉回族自治州', 2, 650000),
(652700, '博尔塔拉蒙古自治州', 2, 650000),
(652800, '巴音郭楞蒙古自治州', 2, 650000),
(652900, '阿克苏地区', 2, 650000),
(653000, '克孜勒苏柯尔克孜自治州', 2, 650000),
(653100, '喀什地区', 2, 650000),
(653200, '和田地区', 2, 650000),
(654000, '伊犁哈萨克自治州', 2, 650000),
(654200, '塔城地区', 2, 650000),
(654300, '阿勒泰地区', 2, 650000),
(659000, '省直辖行政单位', 2, 650000),
(110101, '东城区', 3, 110100),
(110102, '西城区', 3, 110100),
(110103, '崇文区', 3, 110100),
(110104, '宣武区', 3, 110100),
(110105, '朝阳区', 3, 110100),
(110106, '丰台区', 3, 110100),
(110107, '石景山区', 3, 110100),
(110108, '海淀区', 3, 110100),
(110109, '门头沟区', 3, 110100),
(110111, '房山区', 3, 110100),
(110112, '通州区', 3, 110100),
(110113, '顺义区', 3, 110100),
(110114, '昌平区', 3, 110100),
(110115, '大兴区', 3, 110100),
(110116, '怀柔区', 3, 110100),
(110117, '平谷区', 3, 110100),
(110228, '密云县', 3, 110200),
(110229, '延庆县', 3, 110200),
(120101, '和平区', 3, 120100),
(120102, '河东区', 3, 120100),
(120103, '河西区', 3, 120100),
(120104, '南开区', 3, 120100),
(120105, '河北区', 3, 120100),
(120106, '红桥区', 3, 120100),
(120107, '塘沽区', 3, 120100),
(120108, '汉沽区', 3, 120100),
(120109, '大港区', 3, 120100),
(120110, '东丽区', 3, 120100),
(120111, '西青区', 3, 120100),
(120112, '津南区', 3, 120100),
(120113, '北辰区', 3, 120100),
(120114, '武清区', 3, 120100),
(120115, '宝坻区', 3, 120100),
(120221, '宁河县', 3, 120200),
(120223, '静海县', 3, 120200),
(120225, '蓟　县', 3, 120200),
(130101, '市辖区', 3, 130100),
(130102, '长安区', 3, 130100),
(130103, '桥东区', 3, 130100),
(130104, '桥西区', 3, 130100),
(130105, '新华区', 3, 130100),
(130107, '井陉矿区', 3, 130100),
(130108, '裕华区', 3, 130100),
(130121, '井陉县', 3, 130100),
(130123, '正定县', 3, 130100),
(130124, '栾城县', 3, 130100),
(130125, '行唐县', 3, 130100),
(130126, '灵寿县', 3, 130100),
(130127, '高邑县', 3, 130100),
(130128, '深泽县', 3, 130100),
(130129, '赞皇县', 3, 130100),
(130130, '无极县', 3, 130100),
(130131, '平山县', 3, 130100),
(130132, '元氏县', 3, 130100),
(130133, '赵　县', 3, 130100),
(130181, '辛集市', 3, 130100),
(130182, '藁城市', 3, 130100),
(130183, '晋州市', 3, 130100),
(130184, '新乐市', 3, 130100),
(130185, '鹿泉市', 3, 130100),
(130201, '市辖区', 3, 130200),
(130202, '路南区', 3, 130200),
(130203, '路北区', 3, 130200),
(130204, '古冶区', 3, 130200),
(130205, '开平区', 3, 130200),
(130207, '丰南区', 3, 130200),
(130208, '丰润区', 3, 130200),
(130223, '滦　县', 3, 130200),
(130224, '滦南县', 3, 130200),
(130225, '乐亭县', 3, 130200),
(130227, '迁西县', 3, 130200),
(130229, '玉田县', 3, 130200),
(130230, '唐海县', 3, 130200),
(130281, '遵化市', 3, 130200),
(130283, '迁安市', 3, 130200),
(130301, '市辖区', 3, 130300),
(130302, '海港区', 3, 130300),
(130303, '山海关区', 3, 130300),
(130304, '北戴河区', 3, 130300),
(130321, '青龙满族自治县', 3, 130300),
(130322, '昌黎县', 3, 130300),
(130323, '抚宁县', 3, 130300),
(130324, '卢龙县', 3, 130300),
(130401, '市辖区', 3, 130400),
(130402, '邯山区', 3, 130400),
(130403, '丛台区', 3, 130400),
(130404, '复兴区', 3, 130400),
(130406, '峰峰矿区', 3, 130400),
(130421, '邯郸县', 3, 130400),
(130423, '临漳县', 3, 130400),
(130424, '成安县', 3, 130400),
(130425, '大名县', 3, 130400),
(130426, '涉　县', 3, 130400),
(130427, '磁　县', 3, 130400),
(130428, '肥乡县', 3, 130400),
(130429, '永年县', 3, 130400),
(130430, '邱　县', 3, 130400),
(130431, '鸡泽县', 3, 130400),
(130432, '广平县', 3, 130400),
(130433, '馆陶县', 3, 130400),
(130434, '魏　县', 3, 130400),
(130435, '曲周县', 3, 130400),
(130481, '武安市', 3, 130400),
(130501, '市辖区', 3, 130500),
(130502, '桥东区', 3, 130500),
(130503, '桥西区', 3, 130500),
(130521, '邢台县', 3, 130500),
(130522, '临城县', 3, 130500),
(130523, '内丘县', 3, 130500),
(130524, '柏乡县', 3, 130500),
(130525, '隆尧县', 3, 130500),
(130526, '任　县', 3, 130500),
(130527, '南和县', 3, 130500),
(130528, '宁晋县', 3, 130500),
(130529, '巨鹿县', 3, 130500),
(130530, '新河县', 3, 130500),
(130531, '广宗县', 3, 130500),
(130532, '平乡县', 3, 130500),
(130533, '威　县', 3, 130500),
(130534, '清河县', 3, 130500),
(130535, '临西县', 3, 130500),
(130581, '南宫市', 3, 130500),
(130582, '沙河市', 3, 130500),
(130601, '市辖区', 3, 130600),
(130602, '新市区', 3, 130600),
(130603, '北市区', 3, 130600),
(130604, '南市区', 3, 130600),
(130621, '满城县', 3, 130600),
(130622, '清苑县', 3, 130600),
(130623, '涞水县', 3, 130600),
(130624, '阜平县', 3, 130600),
(130625, '徐水县', 3, 130600),
(130626, '定兴县', 3, 130600),
(130627, '唐　县', 3, 130600),
(130628, '高阳县', 3, 130600),
(130629, '容城县', 3, 130600),
(130630, '涞源县', 3, 130600),
(130631, '望都县', 3, 130600),
(130632, '安新县', 3, 130600),
(130633, '易　县', 3, 130600),
(130634, '曲阳县', 3, 130600),
(130635, '蠡　县', 3, 130600),
(130636, '顺平县', 3, 130600),
(130637, '博野县', 3, 130600),
(130638, '雄　县', 3, 130600),
(130681, '涿州市', 3, 130600),
(130682, '定州市', 3, 130600),
(130683, '安国市', 3, 130600),
(130684, '高碑店市', 3, 130600),
(130701, '市辖区', 3, 130700),
(130702, '桥东区', 3, 130700),
(130703, '桥西区', 3, 130700),
(130705, '宣化区', 3, 130700),
(130706, '下花园区', 3, 130700),
(130721, '宣化县', 3, 130700),
(130722, '张北县', 3, 130700),
(130723, '康保县', 3, 130700),
(130724, '沽源县', 3, 130700),
(130725, '尚义县', 3, 130700),
(130726, '蔚　县', 3, 130700),
(130727, '阳原县', 3, 130700),
(130728, '怀安县', 3, 130700),
(130729, '万全县', 3, 130700),
(130730, '怀来县', 3, 130700),
(130731, '涿鹿县', 3, 130700),
(130732, '赤城县', 3, 130700),
(130733, '崇礼县', 3, 130700),
(130801, '市辖区', 3, 130800),
(130802, '双桥区', 3, 130800),
(130803, '双滦区', 3, 130800),
(130804, '鹰手营子矿区', 3, 130800),
(130821, '承德县', 3, 130800),
(130822, '兴隆县', 3, 130800),
(130823, '平泉县', 3, 130800),
(130824, '滦平县', 3, 130800),
(130825, '隆化县', 3, 130800),
(130826, '丰宁满族自治县', 3, 130800),
(130827, '宽城满族自治县', 3, 130800),
(130828, '围场满族蒙古族自治县', 3, 130800),
(130901, '市辖区', 3, 130900),
(130902, '新华区', 3, 130900),
(130903, '运河区', 3, 130900),
(130921, '沧　县', 3, 130900),
(130922, '青　县', 3, 130900),
(130923, '东光县', 3, 130900),
(130924, '海兴县', 3, 130900),
(130925, '盐山县', 3, 130900),
(130926, '肃宁县', 3, 130900),
(130927, '南皮县', 3, 130900),
(130928, '吴桥县', 3, 130900),
(130929, '献　县', 3, 130900),
(130930, '孟村回族自治县', 3, 130900),
(130981, '泊头市', 3, 130900),
(130982, '任丘市', 3, 130900),
(130983, '黄骅市', 3, 130900),
(130984, '河间市', 3, 130900),
(131001, '市辖区', 3, 131000),
(131002, '安次区', 3, 131000),
(131003, '广阳区', 3, 131000),
(131022, '固安县', 3, 131000),
(131023, '永清县', 3, 131000),
(131024, '香河县', 3, 131000),
(131025, '大城县', 3, 131000),
(131026, '文安县', 3, 131000),
(131028, '大厂回族自治县', 3, 131000),
(131081, '霸州市', 3, 131000),
(131082, '三河市', 3, 131000),
(131101, '市辖区', 3, 131100),
(131102, '桃城区', 3, 131100),
(131121, '枣强县', 3, 131100),
(131122, '武邑县', 3, 131100),
(131123, '武强县', 3, 131100),
(131124, '饶阳县', 3, 131100),
(131125, '安平县', 3, 131100),
(131126, '故城县', 3, 131100),
(131127, '景　县', 3, 131100),
(131128, '阜城县', 3, 131100),
(131181, '冀州市', 3, 131100),
(131182, '深州市', 3, 131100),
(140101, '市辖区', 3, 140100),
(140105, '小店区', 3, 140100),
(140106, '迎泽区', 3, 140100),
(140107, '杏花岭区', 3, 140100),
(140108, '尖草坪区', 3, 140100),
(140109, '万柏林区', 3, 140100),
(140110, '晋源区', 3, 140100),
(140121, '清徐县', 3, 140100),
(140122, '阳曲县', 3, 140100),
(140123, '娄烦县', 3, 140100),
(140181, '古交市', 3, 140100),
(140201, '市辖区', 3, 140200),
(140202, '城　区', 3, 140200),
(140203, '矿　区', 3, 140200),
(140211, '南郊区', 3, 140200),
(140212, '新荣区', 3, 140200),
(140221, '阳高县', 3, 140200),
(140222, '天镇县', 3, 140200),
(140223, '广灵县', 3, 140200),
(140224, '灵丘县', 3, 140200),
(140225, '浑源县', 3, 140200),
(140226, '左云县', 3, 140200),
(140227, '大同县', 3, 140200),
(140301, '市辖区', 3, 140300),
(140302, '城　区', 3, 140300),
(140303, '矿　区', 3, 140300),
(140311, '郊　区', 3, 140300),
(140321, '平定县', 3, 140300),
(140322, '盂　县', 3, 140300),
(140401, '市辖区', 3, 140400),
(140402, '城　区', 3, 140400),
(140411, '郊　区', 3, 140400),
(140421, '长治县', 3, 140400),
(140423, '襄垣县', 3, 140400),
(140424, '屯留县', 3, 140400),
(140425, '平顺县', 3, 140400),
(140426, '黎城县', 3, 140400),
(140427, '壶关县', 3, 140400),
(140428, '长子县', 3, 140400),
(140429, '武乡县', 3, 140400),
(140430, '沁　县', 3, 140400),
(140431, '沁源县', 3, 140400),
(140481, '潞城市', 3, 140400),
(140501, '市辖区', 3, 140500),
(140502, '城　区', 3, 140500),
(140521, '沁水县', 3, 140500),
(140522, '阳城县', 3, 140500),
(140524, '陵川县', 3, 140500),
(140525, '泽州县', 3, 140500),
(140581, '高平市', 3, 140500),
(140601, '市辖区', 3, 140600),
(140602, '朔城区', 3, 140600),
(140603, '平鲁区', 3, 140600),
(140621, '山阴县', 3, 140600),
(140622, '应　县', 3, 140600),
(140623, '右玉县', 3, 140600),
(140624, '怀仁县', 3, 140600),
(140701, '市辖区', 3, 140700),
(140702, '榆次区', 3, 140700),
(140721, '榆社县', 3, 140700),
(140722, '左权县', 3, 140700),
(140723, '和顺县', 3, 140700),
(140724, '昔阳县', 3, 140700),
(140725, '寿阳县', 3, 140700),
(140726, '太谷县', 3, 140700),
(140727, '祁　县', 3, 140700),
(140728, '平遥县', 3, 140700),
(140729, '灵石县', 3, 140700),
(140781, '介休市', 3, 140700),
(140801, '市辖区', 3, 140800),
(140802, '盐湖区', 3, 140800),
(140821, '临猗县', 3, 140800),
(140822, '万荣县', 3, 140800),
(140823, '闻喜县', 3, 140800),
(140824, '稷山县', 3, 140800),
(140825, '新绛县', 3, 140800),
(140826, '绛　县', 3, 140800),
(140827, '垣曲县', 3, 140800),
(140828, '夏　县', 3, 140800),
(140829, '平陆县', 3, 140800),
(140830, '芮城县', 3, 140800),
(140881, '永济市', 3, 140800),
(140882, '河津市', 3, 140800),
(140901, '市辖区', 3, 140900),
(140902, '忻府区', 3, 140900),
(140921, '定襄县', 3, 140900),
(140922, '五台县', 3, 140900),
(140923, '代　县', 3, 140900),
(140924, '繁峙县', 3, 140900),
(140925, '宁武县', 3, 140900),
(140926, '静乐县', 3, 140900),
(140927, '神池县', 3, 140900),
(140928, '五寨县', 3, 140900),
(140929, '岢岚县', 3, 140900),
(140930, '河曲县', 3, 140900),
(140931, '保德县', 3, 140900),
(140932, '偏关县', 3, 140900),
(140981, '原平市', 3, 140900),
(141001, '市辖区', 3, 141000),
(141002, '尧都区', 3, 141000),
(141021, '曲沃县', 3, 141000),
(141022, '翼城县', 3, 141000),
(141023, '襄汾县', 3, 141000),
(141024, '洪洞县', 3, 141000),
(141025, '古　县', 3, 141000),
(141026, '安泽县', 3, 141000),
(141027, '浮山县', 3, 141000),
(141028, '吉　县', 3, 141000),
(141029, '乡宁县', 3, 141000),
(141030, '大宁县', 3, 141000),
(141031, '隰　县', 3, 141000),
(141032, '永和县', 3, 141000),
(141033, '蒲　县', 3, 141000),
(141034, '汾西县', 3, 141000),
(141081, '侯马市', 3, 141000),
(141082, '霍州市', 3, 141000),
(141101, '市辖区', 3, 141100),
(141102, '离石区', 3, 141100),
(141121, '文水县', 3, 141100),
(141122, '交城县', 3, 141100),
(141123, '兴　县', 3, 141100),
(141124, '临　县', 3, 141100),
(141125, '柳林县', 3, 141100),
(141126, '石楼县', 3, 141100),
(141127, '岚　县', 3, 141100),
(141128, '方山县', 3, 141100),
(141129, '中阳县', 3, 141100),
(141130, '交口县', 3, 141100),
(141181, '孝义市', 3, 141100),
(141182, '汾阳市', 3, 141100),
(150101, '市辖区', 3, 150100),
(150102, '新城区', 3, 150100),
(150103, '回民区', 3, 150100),
(150104, '玉泉区', 3, 150100),
(150105, '赛罕区', 3, 150100),
(150121, '土默特左旗', 3, 150100),
(150122, '托克托县', 3, 150100),
(150123, '和林格尔县', 3, 150100),
(150124, '清水河县', 3, 150100),
(150125, '武川县', 3, 150100),
(150201, '市辖区', 3, 150200),
(150202, '东河区', 3, 150200),
(150203, '昆都仑区', 3, 150200),
(150204, '青山区', 3, 150200),
(150205, '石拐区', 3, 150200),
(150206, '白云矿区', 3, 150200),
(150207, '九原区', 3, 150200),
(150221, '土默特右旗', 3, 150200),
(150222, '固阳县', 3, 150200),
(150223, '达尔罕茂明安联合旗', 3, 150200),
(150301, '市辖区', 3, 150300),
(150302, '海勃湾区', 3, 150300),
(150303, '海南区', 3, 150300),
(150304, '乌达区', 3, 150300),
(150401, '市辖区', 3, 150400),
(150402, '红山区', 3, 150400),
(150403, '元宝山区', 3, 150400),
(150404, '松山区', 3, 150400),
(150421, '阿鲁科尔沁旗', 3, 150400),
(150422, '巴林左旗', 3, 150400),
(150423, '巴林右旗', 3, 150400),
(150424, '林西县', 3, 150400),
(150425, '克什克腾旗', 3, 150400),
(150426, '翁牛特旗', 3, 150400),
(150428, '喀喇沁旗', 3, 150400),
(150429, '宁城县', 3, 150400),
(150430, '敖汉旗', 3, 150400),
(150501, '市辖区', 3, 150500),
(150502, '科尔沁区', 3, 150500),
(150521, '科尔沁左翼中旗', 3, 150500),
(150522, '科尔沁左翼后旗', 3, 150500),
(150523, '开鲁县', 3, 150500),
(150524, '库伦旗', 3, 150500),
(150525, '奈曼旗', 3, 150500),
(150526, '扎鲁特旗', 3, 150500),
(150581, '霍林郭勒市', 3, 150500),
(150602, '东胜区', 3, 150600),
(150621, '达拉特旗', 3, 150600),
(150622, '准格尔旗', 3, 150600),
(150623, '鄂托克前旗', 3, 150600),
(150624, '鄂托克旗', 3, 150600),
(150625, '杭锦旗', 3, 150600),
(150626, '乌审旗', 3, 150600),
(150627, '伊金霍洛旗', 3, 150600),
(150701, '市辖区', 3, 150700),
(150702, '海拉尔区', 3, 150700),
(150721, '阿荣旗', 3, 150700),
(150722, '莫力达瓦达斡尔族自治旗', 3, 150700),
(150723, '鄂伦春自治旗', 3, 150700),
(150724, '鄂温克族自治旗', 3, 150700),
(150725, '陈巴尔虎旗', 3, 150700),
(150726, '新巴尔虎左旗', 3, 150700),
(150727, '新巴尔虎右旗', 3, 150700),
(150781, '满洲里市', 3, 150700),
(150782, '牙克石市', 3, 150700),
(150783, '扎兰屯市', 3, 150700),
(150784, '额尔古纳市', 3, 150700),
(150785, '根河市', 3, 150700),
(150801, '市辖区', 3, 150800),
(150802, '临河区', 3, 150800),
(150821, '五原县', 3, 150800),
(150822, '磴口县', 3, 150800),
(150823, '乌拉特前旗', 3, 150800),
(150824, '乌拉特中旗', 3, 150800),
(150825, '乌拉特后旗', 3, 150800),
(150826, '杭锦后旗', 3, 150800),
(150901, '市辖区', 3, 150900),
(150902, '集宁区', 3, 150900),
(150921, '卓资县', 3, 150900),
(150922, '化德县', 3, 150900),
(150923, '商都县', 3, 150900),
(150924, '兴和县', 3, 150900),
(150925, '凉城县', 3, 150900),
(150926, '察哈尔右翼前旗', 3, 150900),
(150927, '察哈尔右翼中旗', 3, 150900),
(150928, '察哈尔右翼后旗', 3, 150900),
(150929, '四子王旗', 3, 150900),
(150981, '丰镇市', 3, 150900),
(152201, '乌兰浩特市', 3, 152200),
(152202, '阿尔山市', 3, 152200),
(152221, '科尔沁右翼前旗', 3, 152200),
(152222, '科尔沁右翼中旗', 3, 152200),
(152223, '扎赉特旗', 3, 152200),
(152224, '突泉县', 3, 152200),
(152501, '二连浩特市', 3, 152500),
(152502, '锡林浩特市', 3, 152500),
(152522, '阿巴嘎旗', 3, 152500),
(152523, '苏尼特左旗', 3, 152500),
(152524, '苏尼特右旗', 3, 152500),
(152525, '东乌珠穆沁旗', 3, 152500),
(152526, '西乌珠穆沁旗', 3, 152500),
(152527, '太仆寺旗', 3, 152500),
(152528, '镶黄旗', 3, 152500),
(152529, '正镶白旗', 3, 152500),
(152530, '正蓝旗', 3, 152500),
(152531, '多伦县', 3, 152500),
(152921, '阿拉善左旗', 3, 152900),
(152922, '阿拉善右旗', 3, 152900),
(152923, '额济纳旗', 3, 152900),
(210101, '市辖区', 3, 210100),
(210102, '和平区', 3, 210100),
(210103, '沈河区', 3, 210100),
(210104, '大东区', 3, 210100),
(210105, '皇姑区', 3, 210100),
(210106, '铁西区', 3, 210100),
(210111, '苏家屯区', 3, 210100),
(210112, '东陵区', 3, 210100),
(210113, '新城子区', 3, 210100),
(210114, '于洪区', 3, 210100),
(210122, '辽中县', 3, 210100),
(210123, '康平县', 3, 210100),
(210124, '法库县', 3, 210100),
(210181, '新民市', 3, 210100),
(210201, '市辖区', 3, 210200),
(210202, '中山区', 3, 210200),
(210203, '西岗区', 3, 210200),
(210204, '沙河口区', 3, 210200),
(210211, '甘井子区', 3, 210200),
(210212, '旅顺口区', 3, 210200),
(210213, '金州区', 3, 210200),
(210224, '长海县', 3, 210200),
(210281, '瓦房店市', 3, 210200),
(210282, '普兰店市', 3, 210200),
(210283, '庄河市', 3, 210200),
(210301, '市辖区', 3, 210300),
(210302, '铁东区', 3, 210300),
(210303, '铁西区', 3, 210300),
(210304, '立山区', 3, 210300),
(210311, '千山区', 3, 210300),
(210321, '台安县', 3, 210300),
(210323, '岫岩满族自治县', 3, 210300),
(210381, '海城市', 3, 210300),
(210401, '市辖区', 3, 210400),
(210402, '新抚区', 3, 210400),
(210403, '东洲区', 3, 210400),
(210404, '望花区', 3, 210400),
(210411, '顺城区', 3, 210400),
(210421, '抚顺县', 3, 210400),
(210422, '新宾满族自治县', 3, 210400),
(210423, '清原满族自治县', 3, 210400),
(210501, '市辖区', 3, 210500),
(210502, '平山区', 3, 210500),
(210503, '溪湖区', 3, 210500),
(210504, '明山区', 3, 210500),
(210505, '南芬区', 3, 210500),
(210521, '本溪满族自治县', 3, 210500),
(210522, '桓仁满族自治县', 3, 210500),
(210601, '市辖区', 3, 210600),
(210602, '元宝区', 3, 210600),
(210603, '振兴区', 3, 210600),
(210604, '振安区', 3, 210600),
(210624, '宽甸满族自治县', 3, 210600),
(210681, '东港市', 3, 210600),
(210682, '凤城市', 3, 210600),
(210701, '市辖区', 3, 210700),
(210702, '古塔区', 3, 210700),
(210703, '凌河区', 3, 210700),
(210711, '太和区', 3, 210700),
(210726, '黑山县', 3, 210700),
(210727, '义　县', 3, 210700),
(210781, '凌海市', 3, 210700),
(210782, '北宁市', 3, 210700),
(210801, '市辖区', 3, 210800),
(210802, '站前区', 3, 210800),
(210803, '西市区', 3, 210800),
(210804, '鲅鱼圈区', 3, 210800),
(210811, '老边区', 3, 210800),
(210881, '盖州市', 3, 210800),
(210882, '大石桥市', 3, 210800),
(210901, '市辖区', 3, 210900),
(210902, '海州区', 3, 210900),
(210903, '新邱区', 3, 210900),
(210904, '太平区', 3, 210900),
(210905, '清河门区', 3, 210900),
(210911, '细河区', 3, 210900),
(210921, '阜新蒙古族自治县', 3, 210900),
(210922, '彰武县', 3, 210900),
(211001, '市辖区', 3, 211000),
(211002, '白塔区', 3, 211000),
(211003, '文圣区', 3, 211000),
(211004, '宏伟区', 3, 211000),
(211005, '弓长岭区', 3, 211000),
(211011, '太子河区', 3, 211000),
(211021, '辽阳县', 3, 211000),
(211081, '灯塔市', 3, 211000),
(211101, '市辖区', 3, 211100),
(211102, '双台子区', 3, 211100),
(211103, '兴隆台区', 3, 211100),
(211121, '大洼县', 3, 211100),
(211122, '盘山县', 3, 211100),
(211201, '市辖区', 3, 211200),
(211202, '银州区', 3, 211200),
(211204, '清河区', 3, 211200),
(211221, '铁岭县', 3, 211200),
(211223, '西丰县', 3, 211200),
(211224, '昌图县', 3, 211200),
(211281, '调兵山市', 3, 211200),
(211282, '开原市', 3, 211200),
(211301, '市辖区', 3, 211300),
(211302, '双塔区', 3, 211300),
(211303, '龙城区', 3, 211300),
(211321, '朝阳县', 3, 211300),
(211322, '建平县', 3, 211300),
(211324, '喀喇沁左翼蒙古族自治县', 3, 211300),
(211381, '北票市', 3, 211300),
(211382, '凌源市', 3, 211300),
(211401, '市辖区', 3, 211400),
(211402, '连山区', 3, 211400),
(211403, '龙港区', 3, 211400),
(211404, '南票区', 3, 211400),
(211421, '绥中县', 3, 211400),
(211422, '建昌县', 3, 211400),
(211481, '兴城市', 3, 211400),
(220101, '市辖区', 3, 220100),
(220102, '南关区', 3, 220100),
(220103, '宽城区', 3, 220100),
(220104, '朝阳区', 3, 220100),
(220105, '二道区', 3, 220100),
(220106, '绿园区', 3, 220100),
(220112, '双阳区', 3, 220100),
(220122, '农安县', 3, 220100),
(220181, '九台市', 3, 220100),
(220182, '榆树市', 3, 220100),
(220183, '德惠市', 3, 220100),
(220201, '市辖区', 3, 220200),
(220202, '昌邑区', 3, 220200),
(220203, '龙潭区', 3, 220200),
(220204, '船营区', 3, 220200),
(220211, '丰满区', 3, 220200),
(220221, '永吉县', 3, 220200),
(220281, '蛟河市', 3, 220200),
(220282, '桦甸市', 3, 220200),
(220283, '舒兰市', 3, 220200),
(220284, '磐石市', 3, 220200),
(220301, '市辖区', 3, 220300),
(220302, '铁西区', 3, 220300),
(220303, '铁东区', 3, 220300),
(220322, '梨树县', 3, 220300),
(220323, '伊通满族自治县', 3, 220300),
(220381, '公主岭市', 3, 220300),
(220382, '双辽市', 3, 220300),
(220401, '市辖区', 3, 220400),
(220402, '龙山区', 3, 220400),
(220403, '西安区', 3, 220400),
(220421, '东丰县', 3, 220400),
(220422, '东辽县', 3, 220400),
(220501, '市辖区', 3, 220500),
(220502, '东昌区', 3, 220500),
(220503, '二道江区', 3, 220500),
(220521, '通化县', 3, 220500),
(220523, '辉南县', 3, 220500),
(220524, '柳河县', 3, 220500),
(220581, '梅河口市', 3, 220500),
(220582, '集安市', 3, 220500),
(220601, '市辖区', 3, 220600),
(220602, '八道江区', 3, 220600),
(220621, '抚松县', 3, 220600),
(220622, '靖宇县', 3, 220600),
(220623, '长白朝鲜族自治县', 3, 220600),
(220625, '江源县', 3, 220600),
(220681, '临江市', 3, 220600),
(220701, '市辖区', 3, 220700),
(220702, '宁江区', 3, 220700),
(220721, '前郭尔罗斯蒙古族自治县', 3, 220700),
(220722, '长岭县', 3, 220700),
(220723, '乾安县', 3, 220700),
(220724, '扶余县', 3, 220700),
(220801, '市辖区', 3, 220800),
(220802, '洮北区', 3, 220800),
(220821, '镇赉县', 3, 220800),
(220822, '通榆县', 3, 220800),
(220881, '洮南市', 3, 220800),
(220882, '大安市', 3, 220800),
(222401, '延吉市', 3, 222400),
(222402, '图们市', 3, 222400),
(222403, '敦化市', 3, 222400),
(222404, '珲春市', 3, 222400),
(222405, '龙井市', 3, 222400),
(222406, '和龙市', 3, 222400),
(222424, '汪清县', 3, 222400),
(222426, '安图县', 3, 222400),
(230101, '市辖区', 3, 230100),
(230102, '道里区', 3, 230100),
(230103, '南岗区', 3, 230100),
(230104, '道外区', 3, 230100),
(230106, '香坊区', 3, 230100),
(230107, '动力区', 3, 230100),
(230108, '平房区', 3, 230100),
(230109, '松北区', 3, 230100),
(230111, '呼兰区', 3, 230100),
(230123, '依兰县', 3, 230100),
(230124, '方正县', 3, 230100),
(230125, '宾　县', 3, 230100),
(230126, '巴彦县', 3, 230100),
(230127, '木兰县', 3, 230100),
(230128, '通河县', 3, 230100),
(230129, '延寿县', 3, 230100),
(230181, '阿城市', 3, 230100),
(230182, '双城市', 3, 230100),
(230183, '尚志市', 3, 230100),
(230184, '五常市', 3, 230100),
(230201, '市辖区', 3, 230200),
(230202, '龙沙区', 3, 230200),
(230203, '建华区', 3, 230200),
(230204, '铁锋区', 3, 230200),
(230205, '昂昂溪区', 3, 230200),
(230206, '富拉尔基区', 3, 230200),
(230207, '碾子山区', 3, 230200),
(230208, '梅里斯达斡尔族区', 3, 230200),
(230221, '龙江县', 3, 230200),
(230223, '依安县', 3, 230200),
(230224, '泰来县', 3, 230200),
(230225, '甘南县', 3, 230200),
(230227, '富裕县', 3, 230200),
(230229, '克山县', 3, 230200),
(230230, '克东县', 3, 230200),
(230231, '拜泉县', 3, 230200),
(230281, '讷河市', 3, 230200),
(230301, '市辖区', 3, 230300),
(230302, '鸡冠区', 3, 230300),
(230303, '恒山区', 3, 230300),
(230304, '滴道区', 3, 230300),
(230305, '梨树区', 3, 230300),
(230306, '城子河区', 3, 230300),
(230307, '麻山区', 3, 230300),
(230321, '鸡东县', 3, 230300),
(230381, '虎林市', 3, 230300),
(230382, '密山市', 3, 230300),
(230401, '市辖区', 3, 230400),
(230402, '向阳区', 3, 230400),
(230403, '工农区', 3, 230400),
(230404, '南山区', 3, 230400),
(230405, '兴安区', 3, 230400),
(230406, '东山区', 3, 230400),
(230407, '兴山区', 3, 230400),
(230421, '萝北县', 3, 230400),
(230422, '绥滨县', 3, 230400),
(230501, '市辖区', 3, 230500),
(230502, '尖山区', 3, 230500),
(230503, '岭东区', 3, 230500),
(230505, '四方台区', 3, 230500),
(230506, '宝山区', 3, 230500),
(230521, '集贤县', 3, 230500),
(230522, '友谊县', 3, 230500),
(230523, '宝清县', 3, 230500),
(230524, '饶河县', 3, 230500),
(230601, '市辖区', 3, 230600),
(230602, '萨尔图区', 3, 230600),
(230603, '龙凤区', 3, 230600),
(230604, '让胡路区', 3, 230600),
(230605, '红岗区', 3, 230600),
(230606, '大同区', 3, 230600),
(230621, '肇州县', 3, 230600),
(230622, '肇源县', 3, 230600),
(230623, '林甸县', 3, 230600),
(230624, '杜尔伯特蒙古族自治县', 3, 230600),
(230701, '市辖区', 3, 230700),
(230702, '伊春区', 3, 230700),
(230703, '南岔区', 3, 230700),
(230704, '友好区', 3, 230700),
(230705, '西林区', 3, 230700),
(230706, '翠峦区', 3, 230700),
(230707, '新青区', 3, 230700),
(230708, '美溪区', 3, 230700),
(230709, '金山屯区', 3, 230700),
(230710, '五营区', 3, 230700),
(230711, '乌马河区', 3, 230700),
(230712, '汤旺河区', 3, 230700),
(230713, '带岭区', 3, 230700),
(230714, '乌伊岭区', 3, 230700),
(230715, '红星区', 3, 230700),
(230716, '上甘岭区', 3, 230700),
(230722, '嘉荫县', 3, 230700),
(230781, '铁力市', 3, 230700),
(230801, '市辖区', 3, 230800),
(230802, '永红区', 3, 230800),
(230803, '向阳区', 3, 230800),
(230804, '前进区', 3, 230800),
(230805, '东风区', 3, 230800),
(230811, '郊　区', 3, 230800),
(230822, '桦南县', 3, 230800),
(230826, '桦川县', 3, 230800),
(230828, '汤原县', 3, 230800),
(230833, '抚远县', 3, 230800),
(230881, '同江市', 3, 230800),
(230882, '富锦市', 3, 230800),
(230901, '市辖区', 3, 230900),
(230902, '新兴区', 3, 230900),
(230903, '桃山区', 3, 230900),
(230904, '茄子河区', 3, 230900),
(230921, '勃利县', 3, 230900),
(231001, '市辖区', 3, 231000),
(231002, '东安区', 3, 231000),
(231003, '阳明区', 3, 231000),
(231004, '爱民区', 3, 231000),
(231005, '西安区', 3, 231000),
(231024, '东宁县', 3, 231000),
(231025, '林口县', 3, 231000),
(231081, '绥芬河市', 3, 231000),
(231083, '海林市', 3, 231000),
(231084, '宁安市', 3, 231000),
(231085, '穆棱市', 3, 231000),
(231101, '市辖区', 3, 231100),
(231102, '爱辉区', 3, 231100),
(231121, '嫩江县', 3, 231100),
(231123, '逊克县', 3, 231100),
(231124, '孙吴县', 3, 231100),
(231181, '北安市', 3, 231100),
(231182, '五大连池市', 3, 231100),
(231201, '市辖区', 3, 231200),
(231202, '北林区', 3, 231200),
(231221, '望奎县', 3, 231200),
(231222, '兰西县', 3, 231200),
(231223, '青冈县', 3, 231200),
(231224, '庆安县', 3, 231200),
(231225, '明水县', 3, 231200),
(231226, '绥棱县', 3, 231200),
(231281, '安达市', 3, 231200),
(231282, '肇东市', 3, 231200),
(231283, '海伦市', 3, 231200),
(232721, '呼玛县', 3, 232700),
(232722, '塔河县', 3, 232700),
(232723, '漠河县', 3, 232700),
(310101, '黄浦区', 3, 310100),
(310103, '卢湾区', 3, 310100),
(310104, '徐汇区', 3, 310100),
(310105, '长宁区', 3, 310100),
(310106, '静安区', 3, 310100),
(310107, '普陀区', 3, 310100),
(310108, '闸北区', 3, 310100),
(310109, '虹口区', 3, 310100),
(310110, '杨浦区', 3, 310100),
(310112, '闵行区', 3, 310100),
(310113, '宝山区', 3, 310100),
(310114, '嘉定区', 3, 310100),
(310115, '浦东新区', 3, 310100),
(310116, '金山区', 3, 310100),
(310117, '松江区', 3, 310100),
(310118, '青浦区', 3, 310100),
(310119, '南汇区', 3, 310100),
(310120, '奉贤区', 3, 310100),
(310230, '崇明县', 3, 310200),
(320101, '市辖区', 3, 320100),
(320102, '玄武区', 3, 320100),
(320103, '白下区', 3, 320100),
(320104, '秦淮区', 3, 320100),
(320105, '建邺区', 3, 320100),
(320106, '鼓楼区', 3, 320100),
(320107, '下关区', 3, 320100),
(320111, '浦口区', 3, 320100),
(320113, '栖霞区', 3, 320100),
(320114, '雨花台区', 3, 320100),
(320115, '江宁区', 3, 320100),
(320116, '六合区', 3, 320100),
(320124, '溧水县', 3, 320100),
(320125, '高淳县', 3, 320100),
(320201, '市辖区', 3, 320200),
(320202, '崇安区', 3, 320200),
(320203, '南长区', 3, 320200),
(320204, '北塘区', 3, 320200),
(320205, '锡山区', 3, 320200),
(320206, '惠山区', 3, 320200),
(320211, '滨湖区', 3, 320200),
(320281, '江阴市', 3, 320200),
(320282, '宜兴市', 3, 320200),
(320301, '市辖区', 3, 320300),
(320302, '鼓楼区', 3, 320300),
(320303, '云龙区', 3, 320300),
(320304, '九里区', 3, 320300),
(320305, '贾汪区', 3, 320300),
(320311, '泉山区', 3, 320300),
(320321, '丰　县', 3, 320300),
(320322, '沛　县', 3, 320300),
(320323, '铜山县', 3, 320300),
(320324, '睢宁县', 3, 320300),
(320381, '新沂市', 3, 320300),
(320382, '邳州市', 3, 320300),
(320401, '市辖区', 3, 320400),
(320402, '天宁区', 3, 320400),
(320404, '钟楼区', 3, 320400),
(320405, '戚墅堰区', 3, 320400),
(320411, '新北区', 3, 320400),
(320412, '武进区', 3, 320400),
(320481, '溧阳市', 3, 320400),
(320482, '金坛市', 3, 320400),
(320501, '市辖区', 3, 320500),
(320502, '沧浪区', 3, 320500),
(320503, '平江区', 3, 320500),
(320504, '金阊区', 3, 320500),
(320505, '虎丘区', 3, 320500),
(320506, '吴中区', 3, 320500),
(320507, '相城区', 3, 320500),
(320581, '常熟市', 3, 320500),
(320582, '张家港市', 3, 320500),
(320583, '昆山市', 3, 320500),
(320584, '吴江市', 3, 320500),
(320585, '太仓市', 3, 320500),
(320601, '市辖区', 3, 320600),
(320602, '崇川区', 3, 320600),
(320611, '港闸区', 3, 320600),
(320621, '海安县', 3, 320600),
(320623, '如东县', 3, 320600),
(320681, '启东市', 3, 320600),
(320682, '如皋市', 3, 320600),
(320683, '通州市', 3, 320600),
(320684, '海门市', 3, 320600),
(320701, '市辖区', 3, 320700),
(320703, '连云区', 3, 320700),
(320705, '新浦区', 3, 320700),
(320706, '海州区', 3, 320700),
(320721, '赣榆县', 3, 320700),
(320722, '东海县', 3, 320700),
(320723, '灌云县', 3, 320700),
(320724, '灌南县', 3, 320700),
(320801, '市辖区', 3, 320800),
(320802, '清河区', 3, 320800),
(320803, '楚州区', 3, 320800),
(320804, '淮阴区', 3, 320800),
(320811, '清浦区', 3, 320800),
(320826, '涟水县', 3, 320800),
(320829, '洪泽县', 3, 320800),
(320830, '盱眙县', 3, 320800),
(320831, '金湖县', 3, 320800),
(320901, '市辖区', 3, 320900),
(320902, '亭湖区', 3, 320900),
(320903, '盐都区', 3, 320900),
(320921, '响水县', 3, 320900),
(320922, '滨海县', 3, 320900),
(320923, '阜宁县', 3, 320900),
(320924, '射阳县', 3, 320900),
(320925, '建湖县', 3, 320900),
(320981, '东台市', 3, 320900),
(320982, '大丰市', 3, 320900),
(321001, '市辖区', 3, 321000),
(321002, '广陵区', 3, 321000),
(321003, '邗江区', 3, 321000),
(321011, '郊　区', 3, 321000),
(321023, '宝应县', 3, 321000),
(321081, '仪征市', 3, 321000),
(321084, '高邮市', 3, 321000),
(321088, '江都市', 3, 321000),
(321101, '市辖区', 3, 321100),
(321102, '京口区', 3, 321100),
(321111, '润州区', 3, 321100),
(321112, '丹徒区', 3, 321100),
(321181, '丹阳市', 3, 321100),
(321182, '扬中市', 3, 321100),
(321183, '句容市', 3, 321100),
(321201, '市辖区', 3, 321200),
(321202, '海陵区', 3, 321200),
(321203, '高港区', 3, 321200),
(321281, '兴化市', 3, 321200),
(321282, '靖江市', 3, 321200),
(321283, '泰兴市', 3, 321200),
(321284, '姜堰市', 3, 321200),
(321301, '市辖区', 3, 321300),
(321302, '宿城区', 3, 321300),
(321311, '宿豫区', 3, 321300),
(321322, '沭阳县', 3, 321300),
(321323, '泗阳县', 3, 321300),
(321324, '泗洪县', 3, 321300),
(330101, '市辖区', 3, 330100),
(330102, '上城区', 3, 330100),
(330103, '下城区', 3, 330100),
(330104, '江干区', 3, 330100),
(330105, '拱墅区', 3, 330100),
(330106, '西湖区', 3, 330100),
(330108, '滨江区', 3, 330100),
(330109, '萧山区', 3, 330100),
(330110, '余杭区', 3, 330100),
(330122, '桐庐县', 3, 330100),
(330127, '淳安县', 3, 330100),
(330182, '建德市', 3, 330100),
(330183, '富阳市', 3, 330100),
(330185, '临安市', 3, 330100),
(330201, '市辖区', 3, 330200),
(330203, '海曙区', 3, 330200),
(330204, '江东区', 3, 330200),
(330205, '江北区', 3, 330200),
(330206, '北仑区', 3, 330200),
(330211, '镇海区', 3, 330200),
(330212, '鄞州区', 3, 330200),
(330225, '象山县', 3, 330200),
(330226, '宁海县', 3, 330200),
(330281, '余姚市', 3, 330200),
(330282, '慈溪市', 3, 330200),
(330283, '奉化市', 3, 330200),
(330301, '市辖区', 3, 330300),
(330302, '鹿城区', 3, 330300),
(330303, '龙湾区', 3, 330300),
(330304, '瓯海区', 3, 330300),
(330322, '洞头县', 3, 330300),
(330324, '永嘉县', 3, 330300),
(330326, '平阳县', 3, 330300),
(330327, '苍南县', 3, 330300),
(330328, '文成县', 3, 330300),
(330329, '泰顺县', 3, 330300),
(330381, '瑞安市', 3, 330300),
(330382, '乐清市', 3, 330300),
(330401, '市辖区', 3, 330400),
(330402, '秀城区', 3, 330400),
(330411, '秀洲区', 3, 330400),
(330421, '嘉善县', 3, 330400),
(330424, '海盐县', 3, 330400),
(330481, '海宁市', 3, 330400),
(330482, '平湖市', 3, 330400),
(330483, '桐乡市', 3, 330400),
(330501, '市辖区', 3, 330500),
(330502, '吴兴区', 3, 330500),
(330503, '南浔区', 3, 330500),
(330521, '德清县', 3, 330500),
(330522, '长兴县', 3, 330500),
(330523, '安吉县', 3, 330500),
(330601, '市辖区', 3, 330600),
(330602, '越城区', 3, 330600),
(330621, '绍兴县', 3, 330600),
(330624, '新昌县', 3, 330600),
(330681, '诸暨市', 3, 330600),
(330682, '上虞市', 3, 330600),
(330683, '嵊州市', 3, 330600),
(330701, '市辖区', 3, 330700),
(330702, '婺城区', 3, 330700),
(330703, '金东区', 3, 330700),
(330723, '武义县', 3, 330700),
(330726, '浦江县', 3, 330700),
(330727, '磐安县', 3, 330700),
(330781, '兰溪市', 3, 330700),
(330782, '义乌市', 3, 330700),
(330783, '东阳市', 3, 330700),
(330784, '永康市', 3, 330700),
(330801, '市辖区', 3, 330800),
(330802, '柯城区', 3, 330800),
(330803, '衢江区', 3, 330800),
(330822, '常山县', 3, 330800),
(330824, '开化县', 3, 330800),
(330825, '龙游县', 3, 330800),
(330881, '江山市', 3, 330800),
(330901, '市辖区', 3, 330900),
(330902, '定海区', 3, 330900),
(330903, '普陀区', 3, 330900),
(330921, '岱山县', 3, 330900),
(330922, '嵊泗县', 3, 330900),
(331001, '市辖区', 3, 331000),
(331002, '椒江区', 3, 331000),
(331003, '黄岩区', 3, 331000),
(331004, '路桥区', 3, 331000),
(331021, '玉环县', 3, 331000),
(331022, '三门县', 3, 331000),
(331023, '天台县', 3, 331000),
(331024, '仙居县', 3, 331000),
(331081, '温岭市', 3, 331000),
(331082, '临海市', 3, 331000),
(331101, '市辖区', 3, 331100),
(331102, '莲都区', 3, 331100),
(331121, '青田县', 3, 331100),
(331122, '缙云县', 3, 331100),
(331123, '遂昌县', 3, 331100),
(331124, '松阳县', 3, 331100),
(331125, '云和县', 3, 331100),
(331126, '庆元县', 3, 331100),
(331127, '景宁畲族自治县', 3, 331100),
(331181, '龙泉市', 3, 331100),
(340101, '市辖区', 3, 340100),
(340102, '瑶海区', 3, 340100),
(340103, '庐阳区', 3, 340100),
(340104, '蜀山区', 3, 340100),
(340111, '包河区', 3, 340100),
(340121, '长丰县', 3, 340100),
(340122, '肥东县', 3, 340100),
(340123, '肥西县', 3, 340100),
(340201, '市辖区', 3, 340200),
(340202, '镜湖区', 3, 340200),
(340203, '马塘区', 3, 340200),
(340204, '新芜区', 3, 340200),
(340207, '鸠江区', 3, 340200),
(340221, '芜湖县', 3, 340200),
(340222, '繁昌县', 3, 340200),
(340223, '南陵县', 3, 340200),
(340301, '市辖区', 3, 340300),
(340302, '龙子湖区', 3, 340300),
(340303, '蚌山区', 3, 340300),
(340304, '禹会区', 3, 340300),
(340311, '淮上区', 3, 340300),
(340321, '怀远县', 3, 340300),
(340322, '五河县', 3, 340300),
(340323, '固镇县', 3, 340300),
(340401, '市辖区', 3, 340400),
(340402, '大通区', 3, 340400),
(340403, '田家庵区', 3, 340400),
(340404, '谢家集区', 3, 340400),
(340405, '八公山区', 3, 340400),
(340406, '潘集区', 3, 340400),
(340421, '凤台县', 3, 340400),
(340501, '市辖区', 3, 340500),
(340502, '金家庄区', 3, 340500),
(340503, '花山区', 3, 340500),
(340504, '雨山区', 3, 340500),
(340521, '当涂县', 3, 340500),
(340601, '市辖区', 3, 340600),
(340602, '杜集区', 3, 340600),
(340603, '相山区', 3, 340600),
(340604, '烈山区', 3, 340600),
(340621, '濉溪县', 3, 340600),
(340701, '市辖区', 3, 340700),
(340702, '铜官山区', 3, 340700),
(340703, '狮子山区', 3, 340700),
(340711, '郊　区', 3, 340700),
(340721, '铜陵县', 3, 340700),
(340801, '市辖区', 3, 340800),
(340802, '迎江区', 3, 340800),
(340803, '大观区', 3, 340800),
(340811, '郊　区', 3, 340800),
(340822, '怀宁县', 3, 340800),
(340823, '枞阳县', 3, 340800),
(340824, '潜山县', 3, 340800),
(340825, '太湖县', 3, 340800),
(340826, '宿松县', 3, 340800),
(340827, '望江县', 3, 340800),
(340828, '岳西县', 3, 340800),
(340881, '桐城市', 3, 340800),
(341001, '市辖区', 3, 341000),
(341002, '屯溪区', 3, 341000),
(341003, '黄山区', 3, 341000),
(341004, '徽州区', 3, 341000),
(341021, '歙　县', 3, 341000),
(341022, '休宁县', 3, 341000),
(341023, '黟　县', 3, 341000),
(341024, '祁门县', 3, 341000),
(341101, '市辖区', 3, 341100),
(341102, '琅琊区', 3, 341100),
(341103, '南谯区', 3, 341100),
(341122, '来安县', 3, 341100),
(341124, '全椒县', 3, 341100),
(341125, '定远县', 3, 341100),
(341126, '凤阳县', 3, 341100),
(341181, '天长市', 3, 341100),
(341182, '明光市', 3, 341100),
(341201, '市辖区', 3, 341200),
(341202, '颍州区', 3, 341200),
(341203, '颍东区', 3, 341200),
(341204, '颍泉区', 3, 341200),
(341221, '临泉县', 3, 341200),
(341222, '太和县', 3, 341200),
(341225, '阜南县', 3, 341200),
(341226, '颍上县', 3, 341200),
(341282, '界首市', 3, 341200),
(341301, '市辖区', 3, 341300),
(341302, '墉桥区', 3, 341300),
(341321, '砀山县', 3, 341300),
(341322, '萧　县', 3, 341300),
(341323, '灵璧县', 3, 341300),
(341324, '泗　县', 3, 341300),
(341401, '庐江县', 3, 340100),
(341402, '巢湖市', 3, 340100),
(341422, '无为县', 3, 340200),
(341423, '含山县', 3, 340500),
(341424, '和　县', 3, 340500),
(341501, '市辖区', 3, 341500),
(341502, '金安区', 3, 341500),
(341503, '裕安区', 3, 341500),
(341521, '寿　县', 3, 341500),
(341522, '霍邱县', 3, 341500),
(341523, '舒城县', 3, 341500),
(341524, '金寨县', 3, 341500),
(341525, '霍山县', 3, 341500),
(341601, '市辖区', 3, 341600),
(341602, '谯城区', 3, 341600),
(341621, '涡阳县', 3, 341600),
(341622, '蒙城县', 3, 341600),
(341623, '利辛县', 3, 341600),
(341701, '市辖区', 3, 341700),
(341702, '贵池区', 3, 341700),
(341721, '东至县', 3, 341700),
(341722, '石台县', 3, 341700),
(341723, '青阳县', 3, 341700),
(341801, '市辖区', 3, 341800),
(341802, '宣州区', 3, 341800),
(341821, '郎溪县', 3, 341800),
(341822, '广德县', 3, 341800),
(341823, '泾　县', 3, 341800),
(341824, '绩溪县', 3, 341800),
(341825, '旌德县', 3, 341800),
(341881, '宁国市', 3, 341800),
(350101, '市辖区', 3, 350100),
(350102, '鼓楼区', 3, 350100),
(350103, '台江区', 3, 350100),
(350104, '仓山区', 3, 350100),
(350105, '马尾区', 3, 350100),
(350111, '晋安区', 3, 350100),
(350121, '闽侯县', 3, 350100),
(350122, '连江县', 3, 350100),
(350123, '罗源县', 3, 350100),
(350124, '闽清县', 3, 350100),
(350125, '永泰县', 3, 350100),
(350128, '平潭县', 3, 350100),
(350181, '福清市', 3, 350100),
(350182, '长乐市', 3, 350100),
(350201, '市辖区', 3, 350200),
(350203, '思明区', 3, 350200),
(350205, '海沧区', 3, 350200),
(350206, '湖里区', 3, 350200),
(350211, '集美区', 3, 350200),
(350212, '同安区', 3, 350200),
(350213, '翔安区', 3, 350200),
(350301, '市辖区', 3, 350300),
(350302, '城厢区', 3, 350300),
(350303, '涵江区', 3, 350300),
(350304, '荔城区', 3, 350300),
(350305, '秀屿区', 3, 350300),
(350322, '仙游县', 3, 350300),
(350401, '市辖区', 3, 350400),
(350402, '梅列区', 3, 350400),
(350403, '三元区', 3, 350400),
(350421, '明溪县', 3, 350400),
(350423, '清流县', 3, 350400),
(350424, '宁化县', 3, 350400),
(350425, '大田县', 3, 350400),
(350426, '尤溪县', 3, 350400),
(350427, '沙　县', 3, 350400),
(350428, '将乐县', 3, 350400),
(350429, '泰宁县', 3, 350400),
(350430, '建宁县', 3, 350400),
(350481, '永安市', 3, 350400),
(350501, '市辖区', 3, 350500),
(350502, '鲤城区', 3, 350500),
(350503, '丰泽区', 3, 350500),
(350504, '洛江区', 3, 350500),
(350505, '泉港区', 3, 350500),
(350521, '惠安县', 3, 350500),
(350524, '安溪县', 3, 350500),
(350525, '永春县', 3, 350500),
(350526, '德化县', 3, 350500),
(350527, '金门县', 3, 350500),
(350581, '石狮市', 3, 350500),
(350582, '晋江市', 3, 350500),
(350583, '南安市', 3, 350500),
(350601, '市辖区', 3, 350600),
(350602, '芗城区', 3, 350600),
(350603, '龙文区', 3, 350600),
(350622, '云霄县', 3, 350600),
(350623, '漳浦县', 3, 350600),
(350624, '诏安县', 3, 350600),
(350625, '长泰县', 3, 350600),
(350626, '东山县', 3, 350600),
(350627, '南靖县', 3, 350600),
(350628, '平和县', 3, 350600),
(350629, '华安县', 3, 350600),
(350681, '龙海市', 3, 350600),
(350701, '市辖区', 3, 350700),
(350702, '延平区', 3, 350700),
(350721, '顺昌县', 3, 350700),
(350722, '浦城县', 3, 350700),
(350723, '光泽县', 3, 350700),
(350724, '松溪县', 3, 350700),
(350725, '政和县', 3, 350700),
(350781, '邵武市', 3, 350700),
(350782, '武夷山市', 3, 350700),
(350783, '建瓯市', 3, 350700),
(350784, '建阳市', 3, 350700),
(350801, '市辖区', 3, 350800),
(350802, '新罗区', 3, 350800),
(350821, '长汀县', 3, 350800),
(350822, '永定县', 3, 350800),
(350823, '上杭县', 3, 350800),
(350824, '武平县', 3, 350800),
(350825, '连城县', 3, 350800),
(350881, '漳平市', 3, 350800),
(350901, '市辖区', 3, 350900),
(350902, '蕉城区', 3, 350900),
(350921, '霞浦县', 3, 350900),
(350922, '古田县', 3, 350900),
(350923, '屏南县', 3, 350900),
(350924, '寿宁县', 3, 350900),
(350925, '周宁县', 3, 350900),
(350926, '柘荣县', 3, 350900),
(350981, '福安市', 3, 350900),
(350982, '福鼎市', 3, 350900),
(360101, '市辖区', 3, 360100),
(360102, '东湖区', 3, 360100),
(360103, '西湖区', 3, 360100),
(360104, '青云谱区', 3, 360100),
(360105, '湾里区', 3, 360100),
(360111, '青山湖区', 3, 360100),
(360121, '南昌县', 3, 360100),
(360122, '新建县', 3, 360100),
(360123, '安义县', 3, 360100),
(360124, '进贤县', 3, 360100),
(360201, '市辖区', 3, 360200),
(360202, '昌江区', 3, 360200),
(360203, '珠山区', 3, 360200),
(360222, '浮梁县', 3, 360200),
(360281, '乐平市', 3, 360200),
(360301, '市辖区', 3, 360300),
(360302, '安源区', 3, 360300),
(360313, '湘东区', 3, 360300),
(360321, '莲花县', 3, 360300),
(360322, '上栗县', 3, 360300),
(360323, '芦溪县', 3, 360300),
(360401, '市辖区', 3, 360400),
(360402, '庐山区', 3, 360400),
(360403, '浔阳区', 3, 360400),
(360421, '九江县', 3, 360400),
(360423, '武宁县', 3, 360400),
(360424, '修水县', 3, 360400),
(360425, '永修县', 3, 360400),
(360426, '德安县', 3, 360400),
(360427, '星子县', 3, 360400),
(360428, '都昌县', 3, 360400),
(360429, '湖口县', 3, 360400),
(360430, '彭泽县', 3, 360400),
(360481, '瑞昌市', 3, 360400),
(360501, '市辖区', 3, 360500),
(360502, '渝水区', 3, 360500),
(360521, '分宜县', 3, 360500),
(360601, '市辖区', 3, 360600),
(360602, '月湖区', 3, 360600),
(360622, '余江县', 3, 360600),
(360681, '贵溪市', 3, 360600),
(360701, '市辖区', 3, 360700),
(360702, '章贡区', 3, 360700),
(360721, '赣　县', 3, 360700),
(360722, '信丰县', 3, 360700),
(360723, '大余县', 3, 360700),
(360724, '上犹县', 3, 360700),
(360725, '崇义县', 3, 360700),
(360726, '安远县', 3, 360700),
(360727, '龙南县', 3, 360700),
(360728, '定南县', 3, 360700),
(360729, '全南县', 3, 360700),
(360730, '宁都县', 3, 360700),
(360731, '于都县', 3, 360700),
(360732, '兴国县', 3, 360700),
(360733, '会昌县', 3, 360700),
(360734, '寻乌县', 3, 360700),
(360735, '石城县', 3, 360700),
(360781, '瑞金市', 3, 360700),
(360782, '南康市', 3, 360700),
(360801, '市辖区', 3, 360800),
(360802, '吉州区', 3, 360800),
(360803, '青原区', 3, 360800),
(360821, '吉安县', 3, 360800),
(360822, '吉水县', 3, 360800),
(360823, '峡江县', 3, 360800),
(360824, '新干县', 3, 360800),
(360825, '永丰县', 3, 360800),
(360826, '泰和县', 3, 360800),
(360827, '遂川县', 3, 360800),
(360828, '万安县', 3, 360800),
(360829, '安福县', 3, 360800),
(360830, '永新县', 3, 360800),
(360881, '井冈山市', 3, 360800),
(360901, '市辖区', 3, 360900),
(360902, '袁州区', 3, 360900),
(360921, '奉新县', 3, 360900),
(360922, '万载县', 3, 360900),
(360923, '上高县', 3, 360900),
(360924, '宜丰县', 3, 360900),
(360925, '靖安县', 3, 360900),
(360926, '铜鼓县', 3, 360900),
(360981, '丰城市', 3, 360900),
(360982, '樟树市', 3, 360900),
(360983, '高安市', 3, 360900),
(361001, '市辖区', 3, 361000),
(361002, '临川区', 3, 361000),
(361021, '南城县', 3, 361000),
(361022, '黎川县', 3, 361000),
(361023, '南丰县', 3, 361000),
(361024, '崇仁县', 3, 361000),
(361025, '乐安县', 3, 361000),
(361026, '宜黄县', 3, 361000),
(361027, '金溪县', 3, 361000),
(361028, '资溪县', 3, 361000),
(361029, '东乡县', 3, 361000),
(361030, '广昌县', 3, 361000),
(361101, '市辖区', 3, 361100),
(361102, '信州区', 3, 361100),
(361121, '上饶县', 3, 361100),
(361122, '广丰县', 3, 361100),
(361123, '玉山县', 3, 361100),
(361124, '铅山县', 3, 361100),
(361125, '横峰县', 3, 361100),
(361126, '弋阳县', 3, 361100),
(361127, '余干县', 3, 361100),
(361128, '鄱阳县', 3, 361100),
(361129, '万年县', 3, 361100),
(361130, '婺源县', 3, 361100),
(361181, '德兴市', 3, 361100),
(370101, '市辖区', 3, 370100),
(370102, '历下区', 3, 370100),
(370103, '市中区', 3, 370100),
(370104, '槐荫区', 3, 370100),
(370105, '天桥区', 3, 370100),
(370112, '历城区', 3, 370100),
(370113, '长清区', 3, 370100),
(370124, '平阴县', 3, 370100),
(370125, '济阳县', 3, 370100),
(370126, '商河县', 3, 370100),
(370181, '章丘市', 3, 370100),
(370201, '市辖区', 3, 370200),
(370202, '市南区', 3, 370200),
(370203, '市北区', 3, 370200),
(370205, '四方区', 3, 370200),
(370211, '黄岛区', 3, 370200),
(370212, '崂山区', 3, 370200),
(370213, '李沧区', 3, 370200),
(370214, '城阳区', 3, 370200),
(370281, '胶州市', 3, 370200),
(370282, '即墨市', 3, 370200),
(370283, '平度市', 3, 370200),
(370284, '胶南市', 3, 370200),
(370285, '莱西市', 3, 370200),
(370301, '市辖区', 3, 370300),
(370302, '淄川区', 3, 370300),
(370303, '张店区', 3, 370300),
(370304, '博山区', 3, 370300),
(370305, '临淄区', 3, 370300),
(370306, '周村区', 3, 370300),
(370321, '桓台县', 3, 370300),
(370322, '高青县', 3, 370300),
(370323, '沂源县', 3, 370300),
(370401, '市辖区', 3, 370400),
(370402, '市中区', 3, 370400),
(370403, '薛城区', 3, 370400),
(370404, '峄城区', 3, 370400),
(370405, '台儿庄区', 3, 370400),
(370406, '山亭区', 3, 370400),
(370481, '滕州市', 3, 370400),
(370501, '市辖区', 3, 370500),
(370502, '东营区', 3, 370500),
(370503, '河口区', 3, 370500),
(370521, '垦利县', 3, 370500),
(370522, '利津县', 3, 370500),
(370523, '广饶县', 3, 370500),
(370601, '市辖区', 3, 370600),
(370602, '芝罘区', 3, 370600),
(370611, '福山区', 3, 370600),
(370612, '牟平区', 3, 370600),
(370613, '莱山区', 3, 370600),
(370634, '长岛县', 3, 370600),
(370681, '龙口市', 3, 370600),
(370682, '莱阳市', 3, 370600),
(370683, '莱州市', 3, 370600),
(370684, '蓬莱市', 3, 370600),
(370685, '招远市', 3, 370600),
(370686, '栖霞市', 3, 370600),
(370687, '海阳市', 3, 370600),
(370701, '市辖区', 3, 370700),
(370702, '潍城区', 3, 370700),
(370703, '寒亭区', 3, 370700),
(370704, '坊子区', 3, 370700),
(370705, '奎文区', 3, 370700),
(370724, '临朐县', 3, 370700),
(370725, '昌乐县', 3, 370700),
(370781, '青州市', 3, 370700),
(370782, '诸城市', 3, 370700),
(370783, '寿光市', 3, 370700),
(370784, '安丘市', 3, 370700),
(370785, '高密市', 3, 370700),
(370786, '昌邑市', 3, 370700),
(370801, '市辖区', 3, 370800),
(370802, '市中区', 3, 370800),
(370811, '任城区', 3, 370800),
(370826, '微山县', 3, 370800),
(370827, '鱼台县', 3, 370800),
(370828, '金乡县', 3, 370800),
(370829, '嘉祥县', 3, 370800),
(370830, '汶上县', 3, 370800),
(370831, '泗水县', 3, 370800),
(370832, '梁山县', 3, 370800),
(370881, '曲阜市', 3, 370800),
(370882, '兖州市', 3, 370800),
(370883, '邹城市', 3, 370800),
(370901, '市辖区', 3, 370900),
(370902, '泰山区', 3, 370900),
(370903, '岱岳区', 3, 370900),
(370921, '宁阳县', 3, 370900),
(370923, '东平县', 3, 370900),
(370982, '新泰市', 3, 370900),
(370983, '肥城市', 3, 370900),
(371001, '市辖区', 3, 371000),
(371002, '环翠区', 3, 371000),
(371081, '文登市', 3, 371000),
(371082, '荣成市', 3, 371000),
(371083, '乳山市', 3, 371000),
(371101, '市辖区', 3, 371100),
(371102, '东港区', 3, 371100),
(371103, '岚山区', 3, 371100),
(371121, '五莲县', 3, 371100),
(371122, '莒　县', 3, 371100),
(371201, '市辖区', 3, 371200),
(371202, '莱城区', 3, 371200),
(371203, '钢城区', 3, 371200),
(371301, '市辖区', 3, 371300),
(371302, '兰山区', 3, 371300),
(371311, '罗庄区', 3, 371300),
(371312, '河东区', 3, 371300),
(371321, '沂南县', 3, 371300),
(371322, '郯城县', 3, 371300),
(371323, '沂水县', 3, 371300),
(371324, '苍山县', 3, 371300),
(371325, '费　县', 3, 371300),
(371326, '平邑县', 3, 371300),
(371327, '莒南县', 3, 371300),
(371328, '蒙阴县', 3, 371300),
(371329, '临沭县', 3, 371300),
(371401, '市辖区', 3, 371400),
(371402, '德城区', 3, 371400),
(371421, '陵　县', 3, 371400),
(371422, '宁津县', 3, 371400),
(371423, '庆云县', 3, 371400),
(371424, '临邑县', 3, 371400),
(371425, '齐河县', 3, 371400),
(371426, '平原县', 3, 371400),
(371427, '夏津县', 3, 371400),
(371428, '武城县', 3, 371400),
(371481, '乐陵市', 3, 371400),
(371482, '禹城市', 3, 371400),
(371501, '市辖区', 3, 371500),
(371502, '东昌府区', 3, 371500),
(371521, '阳谷县', 3, 371500),
(371522, '莘　县', 3, 371500),
(371523, '茌平县', 3, 371500),
(371524, '东阿县', 3, 371500),
(371525, '冠　县', 3, 371500),
(371526, '高唐县', 3, 371500),
(371581, '临清市', 3, 371500),
(371601, '市辖区', 3, 371600),
(371602, '滨城区', 3, 371600),
(371621, '惠民县', 3, 371600),
(371622, '阳信县', 3, 371600),
(371623, '无棣县', 3, 371600),
(371624, '沾化县', 3, 371600),
(371625, '博兴县', 3, 371600),
(371626, '邹平县', 3, 371600),
(371701, '市辖区', 3, 371700),
(371702, '牡丹区', 3, 371700),
(371721, '曹　县', 3, 371700),
(371722, '单　县', 3, 371700),
(371723, '成武县', 3, 371700),
(371724, '巨野县', 3, 371700),
(371725, '郓城县', 3, 371700),
(371726, '鄄城县', 3, 371700),
(371727, '定陶县', 3, 371700),
(371728, '东明县', 3, 371700),
(410101, '市辖区', 3, 410100),
(410102, '中原区', 3, 410100),
(410103, '二七区', 3, 410100),
(410104, '管城回族区', 3, 410100),
(410105, '金水区', 3, 410100),
(410106, '上街区', 3, 410100),
(410108, '邙山区', 3, 410100),
(410122, '中牟县', 3, 410100),
(410181, '巩义市', 3, 410100),
(410182, '荥阳市', 3, 410100),
(410183, '新密市', 3, 410100),
(410184, '新郑市', 3, 410100),
(410185, '登封市', 3, 410100),
(410201, '市辖区', 3, 410200),
(410202, '龙亭区', 3, 410200),
(410203, '顺河回族区', 3, 410200),
(410204, '鼓楼区', 3, 410200),
(410205, '南关区', 3, 410200),
(410211, '郊　区', 3, 410200),
(410221, '杞　县', 3, 410200),
(410222, '通许县', 3, 410200),
(410223, '尉氏县', 3, 410200),
(410224, '开封县', 3, 410200),
(410225, '兰考县', 3, 410200),
(410301, '市辖区', 3, 410300);
INSERT INTO `ocenter_district` (`id`, `name`, `level`, `upid`) VALUES
(410302, '老城区', 3, 410300),
(410303, '西工区', 3, 410300),
(410304, '廛河回族区', 3, 410300),
(410305, '涧西区', 3, 410300),
(410306, '吉利区', 3, 410300),
(410307, '洛龙区', 3, 410300),
(410322, '孟津县', 3, 410300),
(410323, '新安县', 3, 410300),
(410324, '栾川县', 3, 410300),
(410325, '嵩　县', 3, 410300),
(410326, '汝阳县', 3, 410300),
(410327, '宜阳县', 3, 410300),
(410328, '洛宁县', 3, 410300),
(410329, '伊川县', 3, 410300),
(410381, '偃师市', 3, 410300),
(410401, '市辖区', 3, 410400),
(410402, '新华区', 3, 410400),
(410403, '卫东区', 3, 410400),
(410404, '石龙区', 3, 410400),
(410411, '湛河区', 3, 410400),
(410421, '宝丰县', 3, 410400),
(410422, '叶　县', 3, 410400),
(410423, '鲁山县', 3, 410400),
(410425, '郏　县', 3, 410400),
(410481, '舞钢市', 3, 410400),
(410482, '汝州市', 3, 410400),
(410501, '市辖区', 3, 410500),
(410502, '文峰区', 3, 410500),
(410503, '北关区', 3, 410500),
(410505, '殷都区', 3, 410500),
(410506, '龙安区', 3, 410500),
(410522, '安阳县', 3, 410500),
(410523, '汤阴县', 3, 410500),
(410526, '滑　县', 3, 410500),
(410527, '内黄县', 3, 410500),
(410581, '林州市', 3, 410500),
(410601, '市辖区', 3, 410600),
(410602, '鹤山区', 3, 410600),
(410603, '山城区', 3, 410600),
(410611, '淇滨区', 3, 410600),
(410621, '浚　县', 3, 410600),
(410622, '淇　县', 3, 410600),
(410701, '市辖区', 3, 410700),
(410702, '红旗区', 3, 410700),
(410703, '卫滨区', 3, 410700),
(410704, '凤泉区', 3, 410700),
(410711, '牧野区', 3, 410700),
(410721, '新乡县', 3, 410700),
(410724, '获嘉县', 3, 410700),
(410725, '原阳县', 3, 410700),
(410726, '延津县', 3, 410700),
(410727, '封丘县', 3, 410700),
(410728, '长垣县', 3, 410700),
(410781, '卫辉市', 3, 410700),
(410782, '辉县市', 3, 410700),
(410801, '市辖区', 3, 410800),
(410802, '解放区', 3, 410800),
(410803, '中站区', 3, 410800),
(410804, '马村区', 3, 410800),
(410811, '山阳区', 3, 410800),
(410821, '修武县', 3, 410800),
(410822, '博爱县', 3, 410800),
(410823, '武陟县', 3, 410800),
(410825, '温　县', 3, 410800),
(410881, '济源市', 3, 410800),
(410882, '沁阳市', 3, 410800),
(410883, '孟州市', 3, 410800),
(410901, '市辖区', 3, 410900),
(410902, '华龙区', 3, 410900),
(410922, '清丰县', 3, 410900),
(410923, '南乐县', 3, 410900),
(410926, '范　县', 3, 410900),
(410927, '台前县', 3, 410900),
(410928, '濮阳县', 3, 410900),
(411001, '市辖区', 3, 411000),
(411002, '魏都区', 3, 411000),
(411023, '许昌县', 3, 411000),
(411024, '鄢陵县', 3, 411000),
(411025, '襄城县', 3, 411000),
(411081, '禹州市', 3, 411000),
(411082, '长葛市', 3, 411000),
(411101, '市辖区', 3, 411100),
(411102, '源汇区', 3, 411100),
(411103, '郾城区', 3, 411100),
(411104, '召陵区', 3, 411100),
(411121, '舞阳县', 3, 411100),
(411122, '临颍县', 3, 411100),
(411201, '市辖区', 3, 411200),
(411202, '湖滨区', 3, 411200),
(411221, '渑池县', 3, 411200),
(411222, '陕　县', 3, 411200),
(411224, '卢氏县', 3, 411200),
(411281, '义马市', 3, 411200),
(411282, '灵宝市', 3, 411200),
(411301, '市辖区', 3, 411300),
(411302, '宛城区', 3, 411300),
(411303, '卧龙区', 3, 411300),
(411321, '南召县', 3, 411300),
(411322, '方城县', 3, 411300),
(411323, '西峡县', 3, 411300),
(411324, '镇平县', 3, 411300),
(411325, '内乡县', 3, 411300),
(411326, '淅川县', 3, 411300),
(411327, '社旗县', 3, 411300),
(411328, '唐河县', 3, 411300),
(411329, '新野县', 3, 411300),
(411330, '桐柏县', 3, 411300),
(411381, '邓州市', 3, 411300),
(411401, '市辖区', 3, 411400),
(411402, '梁园区', 3, 411400),
(411403, '睢阳区', 3, 411400),
(411421, '民权县', 3, 411400),
(411422, '睢　县', 3, 411400),
(411423, '宁陵县', 3, 411400),
(411424, '柘城县', 3, 411400),
(411425, '虞城县', 3, 411400),
(411426, '夏邑县', 3, 411400),
(411481, '永城市', 3, 411400),
(411501, '市辖区', 3, 411500),
(411502, '师河区', 3, 411500),
(411503, '平桥区', 3, 411500),
(411521, '罗山县', 3, 411500),
(411522, '光山县', 3, 411500),
(411523, '新　县', 3, 411500),
(411524, '商城县', 3, 411500),
(411525, '固始县', 3, 411500),
(411526, '潢川县', 3, 411500),
(411527, '淮滨县', 3, 411500),
(411528, '息　县', 3, 411500),
(411601, '市辖区', 3, 411600),
(411602, '川汇区', 3, 411600),
(411621, '扶沟县', 3, 411600),
(411622, '西华县', 3, 411600),
(411623, '商水县', 3, 411600),
(411624, '沈丘县', 3, 411600),
(411625, '郸城县', 3, 411600),
(411626, '淮阳县', 3, 411600),
(411627, '太康县', 3, 411600),
(411628, '鹿邑县', 3, 411600),
(411681, '项城市', 3, 411600),
(411701, '市辖区', 3, 411700),
(411702, '驿城区', 3, 411700),
(411721, '西平县', 3, 411700),
(411722, '上蔡县', 3, 411700),
(411723, '平舆县', 3, 411700),
(411724, '正阳县', 3, 411700),
(411725, '确山县', 3, 411700),
(411726, '泌阳县', 3, 411700),
(411727, '汝南县', 3, 411700),
(411728, '遂平县', 3, 411700),
(411729, '新蔡县', 3, 411700),
(420101, '市辖区', 3, 420100),
(420102, '江岸区', 3, 420100),
(420103, '江汉区', 3, 420100),
(420104, '乔口区', 3, 420100),
(420105, '汉阳区', 3, 420100),
(420106, '武昌区', 3, 420100),
(420107, '青山区', 3, 420100),
(420111, '洪山区', 3, 420100),
(420112, '东西湖区', 3, 420100),
(420113, '汉南区', 3, 420100),
(420114, '蔡甸区', 3, 420100),
(420115, '江夏区', 3, 420100),
(420116, '黄陂区', 3, 420100),
(420117, '新洲区', 3, 420100),
(420201, '市辖区', 3, 420200),
(420202, '黄石港区', 3, 420200),
(420203, '西塞山区', 3, 420200),
(420204, '下陆区', 3, 420200),
(420205, '铁山区', 3, 420200),
(420222, '阳新县', 3, 420200),
(420281, '大冶市', 3, 420200),
(420301, '市辖区', 3, 420300),
(420302, '茅箭区', 3, 420300),
(420303, '张湾区', 3, 420300),
(420321, '郧　县', 3, 420300),
(420322, '郧西县', 3, 420300),
(420323, '竹山县', 3, 420300),
(420324, '竹溪县', 3, 420300),
(420325, '房　县', 3, 420300),
(420381, '丹江口市', 3, 420300),
(420501, '市辖区', 3, 420500),
(420502, '西陵区', 3, 420500),
(420503, '伍家岗区', 3, 420500),
(420504, '点军区', 3, 420500),
(420505, '猇亭区', 3, 420500),
(420506, '夷陵区', 3, 420500),
(420525, '远安县', 3, 420500),
(420526, '兴山县', 3, 420500),
(420527, '秭归县', 3, 420500),
(420528, '长阳土家族自治县', 3, 420500),
(420529, '五峰土家族自治县', 3, 420500),
(420581, '宜都市', 3, 420500),
(420582, '当阳市', 3, 420500),
(420583, '枝江市', 3, 420500),
(420601, '市辖区', 3, 420600),
(420602, '襄城区', 3, 420600),
(420606, '樊城区', 3, 420600),
(420607, '襄阳区', 3, 420600),
(420624, '南漳县', 3, 420600),
(420625, '谷城县', 3, 420600),
(420626, '保康县', 3, 420600),
(420682, '老河口市', 3, 420600),
(420683, '枣阳市', 3, 420600),
(420684, '宜城市', 3, 420600),
(420701, '市辖区', 3, 420700),
(420702, '梁子湖区', 3, 420700),
(420703, '华容区', 3, 420700),
(420704, '鄂城区', 3, 420700),
(420801, '市辖区', 3, 420800),
(420802, '东宝区', 3, 420800),
(420804, '掇刀区', 3, 420800),
(420821, '京山县', 3, 420800),
(420822, '沙洋县', 3, 420800),
(420881, '钟祥市', 3, 420800),
(420901, '市辖区', 3, 420900),
(420902, '孝南区', 3, 420900),
(420921, '孝昌县', 3, 420900),
(420922, '大悟县', 3, 420900),
(420923, '云梦县', 3, 420900),
(420981, '应城市', 3, 420900),
(420982, '安陆市', 3, 420900),
(420984, '汉川市', 3, 420900),
(421001, '市辖区', 3, 421000),
(421002, '沙市区', 3, 421000),
(421003, '荆州区', 3, 421000),
(421022, '公安县', 3, 421000),
(421023, '监利县', 3, 421000),
(421024, '江陵县', 3, 421000),
(421081, '石首市', 3, 421000),
(421083, '洪湖市', 3, 421000),
(421087, '松滋市', 3, 421000),
(421101, '市辖区', 3, 421100),
(421102, '黄州区', 3, 421100),
(421121, '团风县', 3, 421100),
(421122, '红安县', 3, 421100),
(421123, '罗田县', 3, 421100),
(421124, '英山县', 3, 421100),
(421125, '浠水县', 3, 421100),
(421126, '蕲春县', 3, 421100),
(421127, '黄梅县', 3, 421100),
(421181, '麻城市', 3, 421100),
(421182, '武穴市', 3, 421100),
(421201, '市辖区', 3, 421200),
(421202, '咸安区', 3, 421200),
(421221, '嘉鱼县', 3, 421200),
(421222, '通城县', 3, 421200),
(421223, '崇阳县', 3, 421200),
(421224, '通山县', 3, 421200),
(421281, '赤壁市', 3, 421200),
(421301, '市辖区', 3, 421300),
(421302, '曾都区', 3, 421300),
(421381, '广水市', 3, 421300),
(422801, '恩施市', 3, 422800),
(422802, '利川市', 3, 422800),
(422822, '建始县', 3, 422800),
(422823, '巴东县', 3, 422800),
(422825, '宣恩县', 3, 422800),
(422826, '咸丰县', 3, 422800),
(422827, '来凤县', 3, 422800),
(422828, '鹤峰县', 3, 422800),
(429004, '仙桃市', 3, 429000),
(429005, '潜江市', 3, 429000),
(429006, '天门市', 3, 429000),
(429021, '神农架林区', 3, 429000),
(430101, '市辖区', 3, 430100),
(430102, '芙蓉区', 3, 430100),
(430103, '天心区', 3, 430100),
(430104, '岳麓区', 3, 430100),
(430105, '开福区', 3, 430100),
(430111, '雨花区', 3, 430100),
(430121, '长沙县', 3, 430100),
(430122, '望城县', 3, 430100),
(430124, '宁乡县', 3, 430100),
(430181, '浏阳市', 3, 430100),
(430201, '市辖区', 3, 430200),
(430202, '荷塘区', 3, 430200),
(430203, '芦淞区', 3, 430200),
(430204, '石峰区', 3, 430200),
(430211, '天元区', 3, 430200),
(430221, '株洲县', 3, 430200),
(430223, '攸　县', 3, 430200),
(430224, '茶陵县', 3, 430200),
(430225, '炎陵县', 3, 430200),
(430281, '醴陵市', 3, 430200),
(430301, '市辖区', 3, 430300),
(430302, '雨湖区', 3, 430300),
(430304, '岳塘区', 3, 430300),
(430321, '湘潭县', 3, 430300),
(430381, '湘乡市', 3, 430300),
(430382, '韶山市', 3, 430300),
(430401, '市辖区', 3, 430400),
(430405, '珠晖区', 3, 430400),
(430406, '雁峰区', 3, 430400),
(430407, '石鼓区', 3, 430400),
(430408, '蒸湘区', 3, 430400),
(430412, '南岳区', 3, 430400),
(430421, '衡阳县', 3, 430400),
(430422, '衡南县', 3, 430400),
(430423, '衡山县', 3, 430400),
(430424, '衡东县', 3, 430400),
(430426, '祁东县', 3, 430400),
(430481, '耒阳市', 3, 430400),
(430482, '常宁市', 3, 430400),
(430501, '市辖区', 3, 430500),
(430502, '双清区', 3, 430500),
(430503, '大祥区', 3, 430500),
(430511, '北塔区', 3, 430500),
(430521, '邵东县', 3, 430500),
(430522, '新邵县', 3, 430500),
(430523, '邵阳县', 3, 430500),
(430524, '隆回县', 3, 430500),
(430525, '洞口县', 3, 430500),
(430527, '绥宁县', 3, 430500),
(430528, '新宁县', 3, 430500),
(430529, '城步苗族自治县', 3, 430500),
(430581, '武冈市', 3, 430500),
(430601, '市辖区', 3, 430600),
(430602, '岳阳楼区', 3, 430600),
(430603, '云溪区', 3, 430600),
(430611, '君山区', 3, 430600),
(430621, '岳阳县', 3, 430600),
(430623, '华容县', 3, 430600),
(430624, '湘阴县', 3, 430600),
(430626, '平江县', 3, 430600),
(430681, '汨罗市', 3, 430600),
(430682, '临湘市', 3, 430600),
(430701, '市辖区', 3, 430700),
(430702, '武陵区', 3, 430700),
(430703, '鼎城区', 3, 430700),
(430721, '安乡县', 3, 430700),
(430722, '汉寿县', 3, 430700),
(430723, '澧　县', 3, 430700),
(430724, '临澧县', 3, 430700),
(430725, '桃源县', 3, 430700),
(430726, '石门县', 3, 430700),
(430781, '津市市', 3, 430700),
(430801, '市辖区', 3, 430800),
(430802, '永定区', 3, 430800),
(430811, '武陵源区', 3, 430800),
(430821, '慈利县', 3, 430800),
(430822, '桑植县', 3, 430800),
(430901, '市辖区', 3, 430900),
(430902, '资阳区', 3, 430900),
(430903, '赫山区', 3, 430900),
(430921, '南　县', 3, 430900),
(430922, '桃江县', 3, 430900),
(430923, '安化县', 3, 430900),
(430981, '沅江市', 3, 430900),
(431001, '市辖区', 3, 431000),
(431002, '北湖区', 3, 431000),
(431003, '苏仙区', 3, 431000),
(431021, '桂阳县', 3, 431000),
(431022, '宜章县', 3, 431000),
(431023, '永兴县', 3, 431000),
(431024, '嘉禾县', 3, 431000),
(431025, '临武县', 3, 431000),
(431026, '汝城县', 3, 431000),
(431027, '桂东县', 3, 431000),
(431028, '安仁县', 3, 431000),
(431081, '资兴市', 3, 431000),
(431101, '市辖区', 3, 431100),
(431102, '芝山区', 3, 431100),
(431103, '冷水滩区', 3, 431100),
(431121, '祁阳县', 3, 431100),
(431122, '东安县', 3, 431100),
(431123, '双牌县', 3, 431100),
(431124, '道　县', 3, 431100),
(431125, '江永县', 3, 431100),
(431126, '宁远县', 3, 431100),
(431127, '蓝山县', 3, 431100),
(431128, '新田县', 3, 431100),
(431129, '江华瑶族自治县', 3, 431100),
(431201, '市辖区', 3, 431200),
(431202, '鹤城区', 3, 431200),
(431221, '中方县', 3, 431200),
(431222, '沅陵县', 3, 431200),
(431223, '辰溪县', 3, 431200),
(431224, '溆浦县', 3, 431200),
(431225, '会同县', 3, 431200),
(431226, '麻阳苗族自治县', 3, 431200),
(431227, '新晃侗族自治县', 3, 431200),
(431228, '芷江侗族自治县', 3, 431200),
(431229, '靖州苗族侗族自治县', 3, 431200),
(431230, '通道侗族自治县', 3, 431200),
(431281, '洪江市', 3, 431200),
(431301, '市辖区', 3, 431300),
(431302, '娄星区', 3, 431300),
(431321, '双峰县', 3, 431300),
(431322, '新化县', 3, 431300),
(431381, '冷水江市', 3, 431300),
(431382, '涟源市', 3, 431300),
(433101, '吉首市', 3, 433100),
(433122, '泸溪县', 3, 433100),
(433123, '凤凰县', 3, 433100),
(433124, '花垣县', 3, 433100),
(433125, '保靖县', 3, 433100),
(433126, '古丈县', 3, 433100),
(433127, '永顺县', 3, 433100),
(433130, '龙山县', 3, 433100),
(440101, '市辖区', 3, 440100),
(440102, '东山区', 3, 440100),
(440103, '荔湾区', 3, 440100),
(440104, '越秀区', 3, 440100),
(440105, '海珠区', 3, 440100),
(440106, '天河区', 3, 440100),
(440107, '芳村区', 3, 440100),
(440111, '白云区', 3, 440100),
(440112, '黄埔区', 3, 440100),
(440113, '番禺区', 3, 440100),
(440114, '花都区', 3, 440100),
(440183, '增城市', 3, 440100),
(440184, '从化市', 3, 440100),
(440201, '市辖区', 3, 440200),
(440203, '武江区', 3, 440200),
(440204, '浈江区', 3, 440200),
(440205, '曲江区', 3, 440200),
(440222, '始兴县', 3, 440200),
(440224, '仁化县', 3, 440200),
(440229, '翁源县', 3, 440200),
(440232, '乳源瑶族自治县', 3, 440200),
(440233, '新丰县', 3, 440200),
(440281, '乐昌市', 3, 440200),
(440282, '南雄市', 3, 440200),
(440301, '市辖区', 3, 440300),
(440303, '罗湖区', 3, 440300),
(440304, '福田区', 3, 440300),
(440305, '南山区', 3, 440300),
(440306, '宝安区', 3, 440300),
(440307, '龙岗区', 3, 440300),
(440308, '盐田区', 3, 440300),
(440401, '市辖区', 3, 440400),
(440402, '香洲区', 3, 440400),
(440403, '斗门区', 3, 440400),
(440404, '金湾区', 3, 440400),
(440501, '市辖区', 3, 440500),
(440507, '龙湖区', 3, 440500),
(440511, '金平区', 3, 440500),
(440512, '濠江区', 3, 440500),
(440513, '潮阳区', 3, 440500),
(440514, '潮南区', 3, 440500),
(440515, '澄海区', 3, 440500),
(440523, '南澳县', 3, 440500),
(440601, '市辖区', 3, 440600),
(440604, '禅城区', 3, 440600),
(440605, '南海区', 3, 440600),
(440606, '顺德区', 3, 440600),
(440607, '三水区', 3, 440600),
(440608, '高明区', 3, 440600),
(440701, '市辖区', 3, 440700),
(440703, '蓬江区', 3, 440700),
(440704, '江海区', 3, 440700),
(440705, '新会区', 3, 440700),
(440781, '台山市', 3, 440700),
(440783, '开平市', 3, 440700),
(440784, '鹤山市', 3, 440700),
(440785, '恩平市', 3, 440700),
(440801, '市辖区', 3, 440800),
(440802, '赤坎区', 3, 440800),
(440803, '霞山区', 3, 440800),
(440804, '坡头区', 3, 440800),
(440811, '麻章区', 3, 440800),
(440823, '遂溪县', 3, 440800),
(440825, '徐闻县', 3, 440800),
(440881, '廉江市', 3, 440800),
(440882, '雷州市', 3, 440800),
(440883, '吴川市', 3, 440800),
(440901, '市辖区', 3, 440900),
(440902, '茂南区', 3, 440900),
(440903, '茂港区', 3, 440900),
(440923, '电白县', 3, 440900),
(440981, '高州市', 3, 440900),
(440982, '化州市', 3, 440900),
(440983, '信宜市', 3, 440900),
(441201, '市辖区', 3, 441200),
(441202, '端州区', 3, 441200),
(441203, '鼎湖区', 3, 441200),
(441223, '广宁县', 3, 441200),
(441224, '怀集县', 3, 441200),
(441225, '封开县', 3, 441200),
(441226, '德庆县', 3, 441200),
(441283, '高要市', 3, 441200),
(441284, '四会市', 3, 441200),
(441301, '市辖区', 3, 441300),
(441302, '惠城区', 3, 441300),
(441303, '惠阳区', 3, 441300),
(441322, '博罗县', 3, 441300),
(441323, '惠东县', 3, 441300),
(441324, '龙门县', 3, 441300),
(441401, '市辖区', 3, 441400),
(441402, '梅江区', 3, 441400),
(441421, '梅　县', 3, 441400),
(441422, '大埔县', 3, 441400),
(441423, '丰顺县', 3, 441400),
(441424, '五华县', 3, 441400),
(441426, '平远县', 3, 441400),
(441427, '蕉岭县', 3, 441400),
(441481, '兴宁市', 3, 441400),
(441501, '市辖区', 3, 441500),
(441502, '城　区', 3, 441500),
(441521, '海丰县', 3, 441500),
(441523, '陆河县', 3, 441500),
(441581, '陆丰市', 3, 441500),
(441601, '市辖区', 3, 441600),
(441602, '源城区', 3, 441600),
(441621, '紫金县', 3, 441600),
(441622, '龙川县', 3, 441600),
(441623, '连平县', 3, 441600),
(441624, '和平县', 3, 441600),
(441625, '东源县', 3, 441600),
(441701, '市辖区', 3, 441700),
(441702, '江城区', 3, 441700),
(441721, '阳西县', 3, 441700),
(441723, '阳东县', 3, 441700),
(441781, '阳春市', 3, 441700),
(441801, '市辖区', 3, 441800),
(441802, '清城区', 3, 441800),
(441821, '佛冈县', 3, 441800),
(441823, '阳山县', 3, 441800),
(441825, '连山壮族瑶族自治县', 3, 441800),
(441826, '连南瑶族自治县', 3, 441800),
(441827, '清新县', 3, 441800),
(441881, '英德市', 3, 441800),
(441882, '连州市', 3, 441800),
(445101, '市辖区', 3, 445100),
(445102, '湘桥区', 3, 445100),
(445121, '潮安县', 3, 445100),
(445122, '饶平县', 3, 445100),
(445201, '市辖区', 3, 445200),
(445202, '榕城区', 3, 445200),
(445221, '揭东县', 3, 445200),
(445222, '揭西县', 3, 445200),
(445224, '惠来县', 3, 445200),
(445281, '普宁市', 3, 445200),
(445301, '市辖区', 3, 445300),
(445302, '云城区', 3, 445300),
(445321, '新兴县', 3, 445300),
(445322, '郁南县', 3, 445300),
(445323, '云安县', 3, 445300),
(445381, '罗定市', 3, 445300),
(450101, '市辖区', 3, 450100),
(450102, '兴宁区', 3, 450100),
(450103, '青秀区', 3, 450100),
(450105, '江南区', 3, 450100),
(450107, '西乡塘区', 3, 450100),
(450108, '良庆区', 3, 450100),
(450109, '邕宁区', 3, 450100),
(450122, '武鸣县', 3, 450100),
(450123, '隆安县', 3, 450100),
(450124, '马山县', 3, 450100),
(450125, '上林县', 3, 450100),
(450126, '宾阳县', 3, 450100),
(450127, '横　县', 3, 450100),
(450201, '市辖区', 3, 450200),
(450202, '城中区', 3, 450200),
(450203, '鱼峰区', 3, 450200),
(450204, '柳南区', 3, 450200),
(450205, '柳北区', 3, 450200),
(450221, '柳江县', 3, 450200),
(450222, '柳城县', 3, 450200),
(450223, '鹿寨县', 3, 450200),
(450224, '融安县', 3, 450200),
(450225, '融水苗族自治县', 3, 450200),
(450226, '三江侗族自治县', 3, 450200),
(450301, '市辖区', 3, 450300),
(450302, '秀峰区', 3, 450300),
(450303, '叠彩区', 3, 450300),
(450304, '象山区', 3, 450300),
(450305, '七星区', 3, 450300),
(450311, '雁山区', 3, 450300),
(450321, '阳朔县', 3, 450300),
(450322, '临桂县', 3, 450300),
(450323, '灵川县', 3, 450300),
(450324, '全州县', 3, 450300),
(450325, '兴安县', 3, 450300),
(450326, '永福县', 3, 450300),
(450327, '灌阳县', 3, 450300),
(450328, '龙胜各族自治县', 3, 450300),
(450329, '资源县', 3, 450300),
(450330, '平乐县', 3, 450300),
(450331, '荔蒲县', 3, 450300),
(450332, '恭城瑶族自治县', 3, 450300),
(450401, '市辖区', 3, 450400),
(450403, '万秀区', 3, 450400),
(450404, '蝶山区', 3, 450400),
(450405, '长洲区', 3, 450400),
(450421, '苍梧县', 3, 450400),
(450422, '藤　县', 3, 450400),
(450423, '蒙山县', 3, 450400),
(450481, '岑溪市', 3, 450400),
(450501, '市辖区', 3, 450500),
(450502, '海城区', 3, 450500),
(450503, '银海区', 3, 450500),
(450512, '铁山港区', 3, 450500),
(450521, '合浦县', 3, 450500),
(450601, '市辖区', 3, 450600),
(450602, '港口区', 3, 450600),
(450603, '防城区', 3, 450600),
(450621, '上思县', 3, 450600),
(450681, '东兴市', 3, 450600),
(450701, '市辖区', 3, 450700),
(450702, '钦南区', 3, 450700),
(450703, '钦北区', 3, 450700),
(450721, '灵山县', 3, 450700),
(450722, '浦北县', 3, 450700),
(450801, '市辖区', 3, 450800),
(450802, '港北区', 3, 450800),
(450803, '港南区', 3, 450800),
(450804, '覃塘区', 3, 450800),
(450821, '平南县', 3, 450800),
(450881, '桂平市', 3, 450800),
(450901, '市辖区', 3, 450900),
(450902, '玉州区', 3, 450900),
(450921, '容　县', 3, 450900),
(450922, '陆川县', 3, 450900),
(450923, '博白县', 3, 450900),
(450924, '兴业县', 3, 450900),
(450981, '北流市', 3, 450900),
(451001, '市辖区', 3, 451000),
(451002, '右江区', 3, 451000),
(451021, '田阳县', 3, 451000),
(451022, '田东县', 3, 451000),
(451023, '平果县', 3, 451000),
(451024, '德保县', 3, 451000),
(451025, '靖西县', 3, 451000),
(451026, '那坡县', 3, 451000),
(451027, '凌云县', 3, 451000),
(451028, '乐业县', 3, 451000),
(451029, '田林县', 3, 451000),
(451030, '西林县', 3, 451000),
(451031, '隆林各族自治县', 3, 451000),
(451101, '市辖区', 3, 451100),
(451102, '八步区', 3, 451100),
(451121, '昭平县', 3, 451100),
(451122, '钟山县', 3, 451100),
(451123, '富川瑶族自治县', 3, 451100),
(451201, '市辖区', 3, 451200),
(451202, '金城江区', 3, 451200),
(451221, '南丹县', 3, 451200),
(451222, '天峨县', 3, 451200),
(451223, '凤山县', 3, 451200),
(451224, '东兰县', 3, 451200),
(451225, '罗城仫佬族自治县', 3, 451200),
(451226, '环江毛南族自治县', 3, 451200),
(451227, '巴马瑶族自治县', 3, 451200),
(451228, '都安瑶族自治县', 3, 451200),
(451229, '大化瑶族自治县', 3, 451200),
(451281, '宜州市', 3, 451200),
(451301, '市辖区', 3, 451300),
(451302, '兴宾区', 3, 451300),
(451321, '忻城县', 3, 451300),
(451322, '象州县', 3, 451300),
(451323, '武宣县', 3, 451300),
(451324, '金秀瑶族自治县', 3, 451300),
(451381, '合山市', 3, 451300),
(451401, '市辖区', 3, 451400),
(451402, '江洲区', 3, 451400),
(451421, '扶绥县', 3, 451400),
(451422, '宁明县', 3, 451400),
(451423, '龙州县', 3, 451400),
(451424, '大新县', 3, 451400),
(451425, '天等县', 3, 451400),
(451481, '凭祥市', 3, 451400),
(460101, '市辖区', 3, 460100),
(460105, '秀英区', 3, 460100),
(460106, '龙华区', 3, 460100),
(460107, '琼山区', 3, 460100),
(460108, '美兰区', 3, 460100),
(460201, '市辖区', 3, 460200),
(469001, '五指山市', 3, 469000),
(469002, '琼海市', 3, 469000),
(469003, '儋州市', 3, 469000),
(469005, '文昌市', 3, 469000),
(469006, '万宁市', 3, 469000),
(469007, '东方市', 3, 469000),
(469025, '定安县', 3, 469000),
(469026, '屯昌县', 3, 469000),
(469027, '澄迈县', 3, 469000),
(469028, '临高县', 3, 469000),
(469030, '白沙黎族自治县', 3, 469000),
(469031, '昌江黎族自治县', 3, 469000),
(469033, '乐东黎族自治县', 3, 469000),
(469034, '陵水黎族自治县', 3, 469000),
(469035, '保亭黎族苗族自治县', 3, 469000),
(469036, '琼中黎族苗族自治县', 3, 469000),
(469037, '西沙群岛', 3, 469000),
(469038, '南沙群岛', 3, 469000),
(469039, '中沙群岛的岛礁及其海域', 3, 469000),
(500101, '万州区', 3, 500100),
(500102, '涪陵区', 3, 500100),
(500103, '渝中区', 3, 500100),
(500104, '大渡口区', 3, 500100),
(500105, '江北区', 3, 500100),
(500106, '沙坪坝区', 3, 500100),
(500107, '九龙坡区', 3, 500100),
(500108, '南岸区', 3, 500100),
(500109, '北碚区', 3, 500100),
(500110, '万盛区', 3, 500100),
(500111, '双桥区', 3, 500100),
(500112, '渝北区', 3, 500100),
(500113, '巴南区', 3, 500100),
(500114, '黔江区', 3, 500100),
(500115, '长寿区', 3, 500100),
(500222, '綦江县', 3, 500200),
(500223, '潼南县', 3, 500200),
(500224, '铜梁县', 3, 500200),
(500225, '大足县', 3, 500200),
(500226, '荣昌县', 3, 500200),
(500227, '璧山县', 3, 500200),
(500228, '梁平县', 3, 500200),
(500229, '城口县', 3, 500200),
(500230, '丰都县', 3, 500200),
(500231, '垫江县', 3, 500200),
(500232, '武隆县', 3, 500200),
(500233, '忠　县', 3, 500200),
(500234, '开　县', 3, 500200),
(500235, '云阳县', 3, 500200),
(500236, '奉节县', 3, 500200),
(500237, '巫山县', 3, 500200),
(500238, '巫溪县', 3, 500200),
(500240, '石柱土家族自治县', 3, 500200),
(500241, '秀山土家族苗族自治县', 3, 500200),
(500242, '酉阳土家族苗族自治县', 3, 500200),
(500243, '彭水苗族土家族自治县', 3, 500200),
(500381, '江津市', 3, 500300),
(500382, '合川市', 3, 500300),
(500383, '永川市', 3, 500300),
(500384, '南川市', 3, 500300),
(510101, '市辖区', 3, 510100),
(510104, '锦江区', 3, 510100),
(510105, '青羊区', 3, 510100),
(510106, '金牛区', 3, 510100),
(510107, '武侯区', 3, 510100),
(510108, '成华区', 3, 510100),
(510112, '龙泉驿区', 3, 510100),
(510113, '青白江区', 3, 510100),
(510114, '新都区', 3, 510100),
(510115, '温江区', 3, 510100),
(510121, '金堂县', 3, 510100),
(510122, '双流县', 3, 510100),
(510124, '郫　县', 3, 510100),
(510129, '大邑县', 3, 510100),
(510131, '蒲江县', 3, 510100),
(510132, '新津县', 3, 510100),
(510181, '都江堰市', 3, 510100),
(510182, '彭州市', 3, 510100),
(510183, '邛崃市', 3, 510100),
(510184, '崇州市', 3, 510100),
(510301, '市辖区', 3, 510300),
(510302, '自流井区', 3, 510300),
(510303, '贡井区', 3, 510300),
(510304, '大安区', 3, 510300),
(510311, '沿滩区', 3, 510300),
(510321, '荣　县', 3, 510300),
(510322, '富顺县', 3, 510300),
(510401, '市辖区', 3, 510400),
(510402, '东　区', 3, 510400),
(510403, '西　区', 3, 510400),
(510411, '仁和区', 3, 510400),
(510421, '米易县', 3, 510400),
(510422, '盐边县', 3, 510400),
(510501, '市辖区', 3, 510500),
(510502, '江阳区', 3, 510500),
(510503, '纳溪区', 3, 510500),
(510504, '龙马潭区', 3, 510500),
(510521, '泸　县', 3, 510500),
(510522, '合江县', 3, 510500),
(510524, '叙永县', 3, 510500),
(510525, '古蔺县', 3, 510500),
(510601, '市辖区', 3, 510600),
(510603, '旌阳区', 3, 510600),
(510623, '中江县', 3, 510600),
(510626, '罗江县', 3, 510600),
(510681, '广汉市', 3, 510600),
(510682, '什邡市', 3, 510600),
(510683, '绵竹市', 3, 510600),
(510701, '市辖区', 3, 510700),
(510703, '涪城区', 3, 510700),
(510704, '游仙区', 3, 510700),
(510722, '三台县', 3, 510700),
(510723, '盐亭县', 3, 510700),
(510724, '安　县', 3, 510700),
(510725, '梓潼县', 3, 510700),
(510726, '北川羌族自治县', 3, 510700),
(510727, '平武县', 3, 510700),
(510781, '江油市', 3, 510700),
(510801, '市辖区', 3, 510800),
(510802, '市中区', 3, 510800),
(510811, '元坝区', 3, 510800),
(510812, '朝天区', 3, 510800),
(510821, '旺苍县', 3, 510800),
(510822, '青川县', 3, 510800),
(510823, '剑阁县', 3, 510800),
(510824, '苍溪县', 3, 510800),
(510901, '市辖区', 3, 510900),
(510903, '船山区', 3, 510900),
(510904, '安居区', 3, 510900),
(510921, '蓬溪县', 3, 510900),
(510922, '射洪县', 3, 510900),
(510923, '大英县', 3, 510900),
(511001, '市辖区', 3, 511000),
(511002, '市中区', 3, 511000),
(511011, '东兴区', 3, 511000),
(511024, '威远县', 3, 511000),
(511025, '资中县', 3, 511000),
(511028, '隆昌县', 3, 511000),
(511101, '市辖区', 3, 511100),
(511102, '市中区', 3, 511100),
(511111, '沙湾区', 3, 511100),
(511112, '五通桥区', 3, 511100),
(511113, '金口河区', 3, 511100),
(511123, '犍为县', 3, 511100),
(511124, '井研县', 3, 511100),
(511126, '夹江县', 3, 511100),
(511129, '沐川县', 3, 511100),
(511132, '峨边彝族自治县', 3, 511100),
(511133, '马边彝族自治县', 3, 511100),
(511181, '峨眉山市', 3, 511100),
(511301, '市辖区', 3, 511300),
(511302, '顺庆区', 3, 511300),
(511303, '高坪区', 3, 511300),
(511304, '嘉陵区', 3, 511300),
(511321, '南部县', 3, 511300),
(511322, '营山县', 3, 511300),
(511323, '蓬安县', 3, 511300),
(511324, '仪陇县', 3, 511300),
(511325, '西充县', 3, 511300),
(511381, '阆中市', 3, 511300),
(511401, '市辖区', 3, 511400),
(511402, '东坡区', 3, 511400),
(511421, '仁寿县', 3, 511400),
(511422, '彭山县', 3, 511400),
(511423, '洪雅县', 3, 511400),
(511424, '丹棱县', 3, 511400),
(511425, '青神县', 3, 511400),
(511501, '市辖区', 3, 511500),
(511502, '翠屏区', 3, 511500),
(511521, '宜宾县', 3, 511500),
(511522, '南溪县', 3, 511500),
(511523, '江安县', 3, 511500),
(511524, '长宁县', 3, 511500),
(511525, '高　县', 3, 511500),
(511526, '珙　县', 3, 511500),
(511527, '筠连县', 3, 511500),
(511528, '兴文县', 3, 511500),
(511529, '屏山县', 3, 511500),
(511601, '市辖区', 3, 511600),
(511602, '广安区', 3, 511600),
(511621, '岳池县', 3, 511600),
(511622, '武胜县', 3, 511600),
(511623, '邻水县', 3, 511600),
(511681, '华莹市', 3, 511600),
(511701, '市辖区', 3, 511700),
(511702, '通川区', 3, 511700),
(511721, '达　县', 3, 511700),
(511722, '宣汉县', 3, 511700),
(511723, '开江县', 3, 511700),
(511724, '大竹县', 3, 511700),
(511725, '渠　县', 3, 511700),
(511781, '万源市', 3, 511700),
(511801, '市辖区', 3, 511800),
(511802, '雨城区', 3, 511800),
(511821, '名山县', 3, 511800),
(511822, '荥经县', 3, 511800),
(511823, '汉源县', 3, 511800),
(511824, '石棉县', 3, 511800),
(511825, '天全县', 3, 511800),
(511826, '芦山县', 3, 511800),
(511827, '宝兴县', 3, 511800),
(511901, '市辖区', 3, 511900),
(511902, '巴州区', 3, 511900),
(511921, '通江县', 3, 511900),
(511922, '南江县', 3, 511900),
(511923, '平昌县', 3, 511900),
(512001, '市辖区', 3, 512000),
(512002, '雁江区', 3, 512000),
(512021, '安岳县', 3, 512000),
(512022, '乐至县', 3, 512000),
(512081, '简阳市', 3, 512000),
(513221, '汶川县', 3, 513200),
(513222, '理　县', 3, 513200),
(513223, '茂　县', 3, 513200),
(513224, '松潘县', 3, 513200),
(513225, '九寨沟县', 3, 513200),
(513226, '金川县', 3, 513200),
(513227, '小金县', 3, 513200),
(513228, '黑水县', 3, 513200),
(513229, '马尔康县', 3, 513200),
(513230, '壤塘县', 3, 513200),
(513231, '阿坝县', 3, 513200),
(513232, '若尔盖县', 3, 513200),
(513233, '红原县', 3, 513200),
(513321, '康定县', 3, 513300),
(513322, '泸定县', 3, 513300),
(513323, '丹巴县', 3, 513300),
(513324, '九龙县', 3, 513300),
(513325, '雅江县', 3, 513300),
(513326, '道孚县', 3, 513300),
(513327, '炉霍县', 3, 513300),
(513328, '甘孜县', 3, 513300),
(513329, '新龙县', 3, 513300),
(513330, '德格县', 3, 513300),
(513331, '白玉县', 3, 513300),
(513332, '石渠县', 3, 513300),
(513333, '色达县', 3, 513300),
(513334, '理塘县', 3, 513300),
(513335, '巴塘县', 3, 513300),
(513336, '乡城县', 3, 513300),
(513337, '稻城县', 3, 513300),
(513338, '得荣县', 3, 513300),
(513401, '西昌市', 3, 513400),
(513422, '木里藏族自治县', 3, 513400),
(513423, '盐源县', 3, 513400),
(513424, '德昌县', 3, 513400),
(513425, '会理县', 3, 513400),
(513426, '会东县', 3, 513400),
(513427, '宁南县', 3, 513400),
(513428, '普格县', 3, 513400),
(513429, '布拖县', 3, 513400),
(513430, '金阳县', 3, 513400),
(513431, '昭觉县', 3, 513400),
(513432, '喜德县', 3, 513400),
(513433, '冕宁县', 3, 513400),
(513434, '越西县', 3, 513400),
(513435, '甘洛县', 3, 513400),
(513436, '美姑县', 3, 513400),
(513437, '雷波县', 3, 513400),
(520101, '市辖区', 3, 520100),
(520102, '南明区', 3, 520100),
(520103, '云岩区', 3, 520100),
(520111, '花溪区', 3, 520100),
(520112, '乌当区', 3, 520100),
(520113, '白云区', 3, 520100),
(520114, '小河区', 3, 520100),
(520121, '开阳县', 3, 520100),
(520122, '息烽县', 3, 520100),
(520123, '修文县', 3, 520100),
(520181, '清镇市', 3, 520100),
(520201, '钟山区', 3, 520200),
(520203, '六枝特区', 3, 520200),
(520221, '水城县', 3, 520200),
(520222, '盘　县', 3, 520200),
(520301, '市辖区', 3, 520300),
(520302, '红花岗区', 3, 520300),
(520303, '汇川区', 3, 520300),
(520321, '遵义县', 3, 520300),
(520322, '桐梓县', 3, 520300),
(520323, '绥阳县', 3, 520300),
(520324, '正安县', 3, 520300),
(520325, '道真仡佬族苗族自治县', 3, 520300),
(520326, '务川仡佬族苗族自治县', 3, 520300),
(520327, '凤冈县', 3, 520300),
(520328, '湄潭县', 3, 520300),
(520329, '余庆县', 3, 520300),
(520330, '习水县', 3, 520300),
(520381, '赤水市', 3, 520300),
(520382, '仁怀市', 3, 520300),
(520401, '市辖区', 3, 520400),
(520402, '西秀区', 3, 520400),
(520421, '平坝县', 3, 520400),
(520422, '普定县', 3, 520400),
(520423, '镇宁布依族苗族自治县', 3, 520400),
(520424, '关岭布依族苗族自治县', 3, 520400),
(520425, '紫云苗族布依族自治县', 3, 520400),
(522201, '铜仁市', 3, 522200),
(522222, '江口县', 3, 522200),
(522223, '玉屏侗族自治县', 3, 522200),
(522224, '石阡县', 3, 522200),
(522225, '思南县', 3, 522200),
(522226, '印江土家族苗族自治县', 3, 522200),
(522227, '德江县', 3, 522200),
(522228, '沿河土家族自治县', 3, 522200),
(522229, '松桃苗族自治县', 3, 522200),
(522230, '万山特区', 3, 522200),
(522301, '兴义市', 3, 522300),
(522322, '兴仁县', 3, 522300),
(522323, '普安县', 3, 522300),
(522324, '晴隆县', 3, 522300),
(522325, '贞丰县', 3, 522300),
(522326, '望谟县', 3, 522300),
(522327, '册亨县', 3, 522300),
(522328, '安龙县', 3, 522300),
(522401, '毕节市', 3, 522400),
(522422, '大方县', 3, 522400),
(522423, '黔西县', 3, 522400),
(522424, '金沙县', 3, 522400),
(522425, '织金县', 3, 522400),
(522426, '纳雍县', 3, 522400),
(522427, '威宁彝族回族苗族自治县', 3, 522400),
(522428, '赫章县', 3, 522400),
(522601, '凯里市', 3, 522600),
(522622, '黄平县', 3, 522600),
(522623, '施秉县', 3, 522600),
(522624, '三穗县', 3, 522600),
(522625, '镇远县', 3, 522600),
(522626, '岑巩县', 3, 522600),
(522627, '天柱县', 3, 522600),
(522628, '锦屏县', 3, 522600),
(522629, '剑河县', 3, 522600),
(522630, '台江县', 3, 522600),
(522631, '黎平县', 3, 522600),
(522632, '榕江县', 3, 522600),
(522633, '从江县', 3, 522600),
(522634, '雷山县', 3, 522600),
(522635, '麻江县', 3, 522600),
(522636, '丹寨县', 3, 522600),
(522701, '都匀市', 3, 522700),
(522702, '福泉市', 3, 522700),
(522722, '荔波县', 3, 522700),
(522723, '贵定县', 3, 522700),
(522725, '瓮安县', 3, 522700),
(522726, '独山县', 3, 522700),
(522727, '平塘县', 3, 522700),
(522728, '罗甸县', 3, 522700),
(522729, '长顺县', 3, 522700),
(522730, '龙里县', 3, 522700),
(522731, '惠水县', 3, 522700),
(522732, '三都水族自治县', 3, 522700),
(530101, '市辖区', 3, 530100),
(530102, '五华区', 3, 530100),
(530103, '盘龙区', 3, 530100),
(530111, '官渡区', 3, 530100),
(530112, '西山区', 3, 530100),
(530113, '东川区', 3, 530100),
(530121, '呈贡县', 3, 530100),
(530122, '晋宁县', 3, 530100),
(530124, '富民县', 3, 530100),
(530125, '宜良县', 3, 530100),
(530126, '石林彝族自治县', 3, 530100),
(530127, '嵩明县', 3, 530100),
(530128, '禄劝彝族苗族自治县', 3, 530100),
(530129, '寻甸回族彝族自治县', 3, 530100),
(530181, '安宁市', 3, 530100),
(530301, '市辖区', 3, 530300),
(530302, '麒麟区', 3, 530300),
(530321, '马龙县', 3, 530300),
(530322, '陆良县', 3, 530300),
(530323, '师宗县', 3, 530300),
(530324, '罗平县', 3, 530300),
(530325, '富源县', 3, 530300),
(530326, '会泽县', 3, 530300),
(530328, '沾益县', 3, 530300),
(530381, '宣威市', 3, 530300),
(530401, '市辖区', 3, 530400),
(530402, '红塔区', 3, 530400),
(530421, '江川县', 3, 530400),
(530422, '澄江县', 3, 530400),
(530423, '通海县', 3, 530400),
(530424, '华宁县', 3, 530400),
(530425, '易门县', 3, 530400),
(530426, '峨山彝族自治县', 3, 530400),
(530427, '新平彝族傣族自治县', 3, 530400),
(530428, '元江哈尼族彝族傣族自治县', 3, 530400),
(530501, '市辖区', 3, 530500),
(530502, '隆阳区', 3, 530500),
(530521, '施甸县', 3, 530500),
(530522, '腾冲县', 3, 530500),
(530523, '龙陵县', 3, 530500),
(530524, '昌宁县', 3, 530500),
(530601, '市辖区', 3, 530600),
(530602, '昭阳区', 3, 530600),
(530621, '鲁甸县', 3, 530600),
(530622, '巧家县', 3, 530600),
(530623, '盐津县', 3, 530600),
(530624, '大关县', 3, 530600),
(530625, '永善县', 3, 530600),
(530626, '绥江县', 3, 530600),
(530627, '镇雄县', 3, 530600),
(530628, '彝良县', 3, 530600),
(530629, '威信县', 3, 530600),
(530630, '水富县', 3, 530600),
(530701, '市辖区', 3, 530700),
(530702, '古城区', 3, 530700),
(530721, '玉龙纳西族自治县', 3, 530700),
(530722, '永胜县', 3, 530700),
(530723, '华坪县', 3, 530700),
(530724, '宁蒗彝族自治县', 3, 530700),
(530801, '市辖区', 3, 530800),
(530802, '翠云区', 3, 530800),
(530821, '普洱哈尼族彝族自治县', 3, 530800),
(530822, '墨江哈尼族自治县', 3, 530800),
(530823, '景东彝族自治县', 3, 530800),
(530824, '景谷傣族彝族自治县', 3, 530800),
(530825, '镇沅彝族哈尼族拉祜族自治县', 3, 530800),
(530826, '江城哈尼族彝族自治县', 3, 530800),
(530827, '孟连傣族拉祜族佤族自治县', 3, 530800),
(530828, '澜沧拉祜族自治县', 3, 530800),
(530829, '西盟佤族自治县', 3, 530800),
(530901, '市辖区', 3, 530900),
(530902, '临翔区', 3, 530900),
(530921, '凤庆县', 3, 530900),
(530922, '云　县', 3, 530900),
(530923, '永德县', 3, 530900),
(530924, '镇康县', 3, 530900),
(530925, '双江拉祜族佤族布朗族傣族自治县', 3, 530900),
(530926, '耿马傣族佤族自治县', 3, 530900),
(530927, '沧源佤族自治县', 3, 530900),
(532301, '楚雄市', 3, 532300),
(532322, '双柏县', 3, 532300),
(532323, '牟定县', 3, 532300),
(532324, '南华县', 3, 532300),
(532325, '姚安县', 3, 532300),
(532326, '大姚县', 3, 532300),
(532327, '永仁县', 3, 532300),
(532328, '元谋县', 3, 532300),
(532329, '武定县', 3, 532300),
(532331, '禄丰县', 3, 532300),
(532501, '个旧市', 3, 532500),
(532502, '开远市', 3, 532500),
(532522, '蒙自县', 3, 532500),
(532523, '屏边苗族自治县', 3, 532500),
(532524, '建水县', 3, 532500),
(532525, '石屏县', 3, 532500),
(532526, '弥勒县', 3, 532500),
(532527, '泸西县', 3, 532500),
(532528, '元阳县', 3, 532500),
(532529, '红河县', 3, 532500),
(532530, '金平苗族瑶族傣族自治县', 3, 532500),
(532531, '绿春县', 3, 532500),
(532532, '河口瑶族自治县', 3, 532500),
(532621, '文山县', 3, 532600),
(532622, '砚山县', 3, 532600),
(532623, '西畴县', 3, 532600),
(532624, '麻栗坡县', 3, 532600),
(532625, '马关县', 3, 532600),
(532626, '丘北县', 3, 532600),
(532627, '广南县', 3, 532600),
(532628, '富宁县', 3, 532600),
(532801, '景洪市', 3, 532800),
(532822, '勐海县', 3, 532800),
(532823, '勐腊县', 3, 532800),
(532901, '大理市', 3, 532900),
(532922, '漾濞彝族自治县', 3, 532900),
(532923, '祥云县', 3, 532900),
(532924, '宾川县', 3, 532900),
(532925, '弥渡县', 3, 532900),
(532926, '南涧彝族自治县', 3, 532900),
(532927, '巍山彝族回族自治县', 3, 532900),
(532928, '永平县', 3, 532900),
(532929, '云龙县', 3, 532900),
(532930, '洱源县', 3, 532900),
(532931, '剑川县', 3, 532900),
(532932, '鹤庆县', 3, 532900),
(533102, '瑞丽市', 3, 533100),
(533103, '潞西市', 3, 533100),
(533122, '梁河县', 3, 533100),
(533123, '盈江县', 3, 533100),
(533124, '陇川县', 3, 533100),
(533321, '泸水县', 3, 533300),
(533323, '福贡县', 3, 533300),
(533324, '贡山独龙族怒族自治县', 3, 533300),
(533325, '兰坪白族普米族自治县', 3, 533300),
(533421, '香格里拉县', 3, 533400),
(533422, '德钦县', 3, 533400),
(533423, '维西傈僳族自治县', 3, 533400),
(540101, '市辖区', 3, 540100),
(540102, '城关区', 3, 540100),
(540121, '林周县', 3, 540100),
(540122, '当雄县', 3, 540100),
(540123, '尼木县', 3, 540100),
(540124, '曲水县', 3, 540100),
(540125, '堆龙德庆县', 3, 540100),
(540126, '达孜县', 3, 540100),
(540127, '墨竹工卡县', 3, 540100),
(542121, '昌都县', 3, 542100),
(542122, '江达县', 3, 542100),
(542123, '贡觉县', 3, 542100),
(542124, '类乌齐县', 3, 542100),
(542125, '丁青县', 3, 542100),
(542126, '察雅县', 3, 542100),
(542127, '八宿县', 3, 542100),
(542128, '左贡县', 3, 542100),
(542129, '芒康县', 3, 542100),
(542132, '洛隆县', 3, 542100),
(542133, '边坝县', 3, 542100),
(542221, '乃东县', 3, 542200),
(542222, '扎囊县', 3, 542200),
(542223, '贡嘎县', 3, 542200),
(542224, '桑日县', 3, 542200),
(542225, '琼结县', 3, 542200),
(542226, '曲松县', 3, 542200),
(542227, '措美县', 3, 542200),
(542228, '洛扎县', 3, 542200),
(542229, '加查县', 3, 542200),
(542231, '隆子县', 3, 542200),
(542232, '错那县', 3, 542200),
(542233, '浪卡子县', 3, 542200),
(542301, '日喀则市', 3, 542300),
(542322, '南木林县', 3, 542300),
(542323, '江孜县', 3, 542300),
(542324, '定日县', 3, 542300),
(542325, '萨迦县', 3, 542300),
(542326, '拉孜县', 3, 542300),
(542327, '昂仁县', 3, 542300),
(542328, '谢通门县', 3, 542300),
(542329, '白朗县', 3, 542300),
(542330, '仁布县', 3, 542300),
(542331, '康马县', 3, 542300),
(542332, '定结县', 3, 542300),
(542333, '仲巴县', 3, 542300),
(542334, '亚东县', 3, 542300),
(542335, '吉隆县', 3, 542300),
(542336, '聂拉木县', 3, 542300),
(542337, '萨嘎县', 3, 542300),
(542338, '岗巴县', 3, 542300),
(542421, '那曲县', 3, 542400),
(542422, '嘉黎县', 3, 542400),
(542423, '比如县', 3, 542400),
(542424, '聂荣县', 3, 542400),
(542425, '安多县', 3, 542400),
(542426, '申扎县', 3, 542400),
(542427, '索　县', 3, 542400),
(542428, '班戈县', 3, 542400),
(542429, '巴青县', 3, 542400),
(542430, '尼玛县', 3, 542400),
(542521, '普兰县', 3, 542500),
(542522, '札达县', 3, 542500),
(542523, '噶尔县', 3, 542500),
(542524, '日土县', 3, 542500),
(542525, '革吉县', 3, 542500),
(542526, '改则县', 3, 542500),
(542527, '措勤县', 3, 542500),
(542621, '林芝县', 3, 542600),
(542622, '工布江达县', 3, 542600),
(542623, '米林县', 3, 542600),
(542624, '墨脱县', 3, 542600),
(542625, '波密县', 3, 542600),
(542626, '察隅县', 3, 542600),
(542627, '朗　县', 3, 542600),
(610101, '市辖区', 3, 610100),
(610102, '新城区', 3, 610100),
(610103, '碑林区', 3, 610100),
(610104, '莲湖区', 3, 610100),
(610111, '灞桥区', 3, 610100),
(610112, '未央区', 3, 610100),
(610113, '雁塔区', 3, 610100),
(610114, '阎良区', 3, 610100),
(610115, '临潼区', 3, 610100),
(610116, '长安区', 3, 610100),
(610122, '蓝田县', 3, 610100),
(610124, '周至县', 3, 610100),
(610125, '户　县', 3, 610100),
(610126, '高陵县', 3, 610100),
(610201, '市辖区', 3, 610200),
(610202, '王益区', 3, 610200),
(610203, '印台区', 3, 610200),
(610204, '耀州区', 3, 610200),
(610222, '宜君县', 3, 610200),
(610301, '市辖区', 3, 610300),
(610302, '渭滨区', 3, 610300),
(610303, '金台区', 3, 610300),
(610304, '陈仓区', 3, 610300),
(610322, '凤翔县', 3, 610300),
(610323, '岐山县', 3, 610300),
(610324, '扶风县', 3, 610300),
(610326, '眉　县', 3, 610300),
(610327, '陇　县', 3, 610300),
(610328, '千阳县', 3, 610300),
(610329, '麟游县', 3, 610300),
(610330, '凤　县', 3, 610300),
(610331, '太白县', 3, 610300),
(610401, '市辖区', 3, 610400),
(610402, '秦都区', 3, 610400),
(610403, '杨凌区', 3, 610400),
(610404, '渭城区', 3, 610400),
(610422, '三原县', 3, 610400),
(610423, '泾阳县', 3, 610400),
(610424, '乾　县', 3, 610400),
(610425, '礼泉县', 3, 610400),
(610426, '永寿县', 3, 610400),
(610427, '彬　县', 3, 610400),
(610428, '长武县', 3, 610400),
(610429, '旬邑县', 3, 610400),
(610430, '淳化县', 3, 610400),
(610431, '武功县', 3, 610400),
(610481, '兴平市', 3, 610400),
(610501, '市辖区', 3, 610500),
(610502, '临渭区', 3, 610500),
(610521, '华　县', 3, 610500),
(610522, '潼关县', 3, 610500),
(610523, '大荔县', 3, 610500),
(610524, '合阳县', 3, 610500),
(610525, '澄城县', 3, 610500),
(610526, '蒲城县', 3, 610500),
(610527, '白水县', 3, 610500),
(610528, '富平县', 3, 610500),
(610581, '韩城市', 3, 610500),
(610582, '华阴市', 3, 610500),
(610601, '市辖区', 3, 610600),
(610602, '宝塔区', 3, 610600),
(610621, '延长县', 3, 610600),
(610622, '延川县', 3, 610600),
(610623, '子长县', 3, 610600),
(610624, '安塞县', 3, 610600),
(610625, '志丹县', 3, 610600),
(610626, '吴旗县', 3, 610600),
(610627, '甘泉县', 3, 610600),
(610628, '富　县', 3, 610600),
(610629, '洛川县', 3, 610600),
(610630, '宜川县', 3, 610600),
(610631, '黄龙县', 3, 610600),
(610632, '黄陵县', 3, 610600),
(610701, '市辖区', 3, 610700),
(610702, '汉台区', 3, 610700),
(610721, '南郑县', 3, 610700),
(610722, '城固县', 3, 610700),
(610723, '洋　县', 3, 610700),
(610724, '西乡县', 3, 610700),
(610725, '勉　县', 3, 610700),
(610726, '宁强县', 3, 610700),
(610727, '略阳县', 3, 610700),
(610728, '镇巴县', 3, 610700),
(610729, '留坝县', 3, 610700),
(610730, '佛坪县', 3, 610700),
(610801, '市辖区', 3, 610800),
(610802, '榆阳区', 3, 610800),
(610821, '神木县', 3, 610800),
(610822, '府谷县', 3, 610800),
(610823, '横山县', 3, 610800),
(610824, '靖边县', 3, 610800),
(610825, '定边县', 3, 610800),
(610826, '绥德县', 3, 610800),
(610827, '米脂县', 3, 610800),
(610828, '佳　县', 3, 610800),
(610829, '吴堡县', 3, 610800),
(610830, '清涧县', 3, 610800),
(610831, '子洲县', 3, 610800),
(610901, '市辖区', 3, 610900),
(610902, '汉滨区', 3, 610900),
(610921, '汉阴县', 3, 610900),
(610922, '石泉县', 3, 610900),
(610923, '宁陕县', 3, 610900),
(610924, '紫阳县', 3, 610900),
(610925, '岚皋县', 3, 610900),
(610926, '平利县', 3, 610900),
(610927, '镇坪县', 3, 610900),
(610928, '旬阳县', 3, 610900),
(610929, '白河县', 3, 610900),
(611001, '市辖区', 3, 611000),
(611002, '商州区', 3, 611000),
(611021, '洛南县', 3, 611000),
(611022, '丹凤县', 3, 611000),
(611023, '商南县', 3, 611000),
(611024, '山阳县', 3, 611000),
(611025, '镇安县', 3, 611000),
(611026, '柞水县', 3, 611000),
(620101, '市辖区', 3, 620100),
(620102, '城关区', 3, 620100),
(620103, '七里河区', 3, 620100),
(620104, '西固区', 3, 620100),
(620105, '安宁区', 3, 620100),
(620111, '红古区', 3, 620100),
(620121, '永登县', 3, 620100),
(620122, '皋兰县', 3, 620100),
(620123, '榆中县', 3, 620100),
(620201, '市辖区', 3, 620200),
(620301, '市辖区', 3, 620300),
(620302, '金川区', 3, 620300),
(620321, '永昌县', 3, 620300),
(620401, '市辖区', 3, 620400),
(620402, '白银区', 3, 620400),
(620403, '平川区', 3, 620400),
(620421, '靖远县', 3, 620400),
(620422, '会宁县', 3, 620400),
(620423, '景泰县', 3, 620400),
(620501, '市辖区', 3, 620500),
(620502, '秦城区', 3, 620500),
(620503, '北道区', 3, 620500),
(620521, '清水县', 3, 620500),
(620522, '秦安县', 3, 620500),
(620523, '甘谷县', 3, 620500),
(620524, '武山县', 3, 620500),
(620525, '张家川回族自治县', 3, 620500),
(620601, '市辖区', 3, 620600),
(620602, '凉州区', 3, 620600),
(620621, '民勤县', 3, 620600),
(620622, '古浪县', 3, 620600),
(620623, '天祝藏族自治县', 3, 620600),
(620701, '市辖区', 3, 620700),
(620702, '甘州区', 3, 620700),
(620721, '肃南裕固族自治县', 3, 620700),
(620722, '民乐县', 3, 620700),
(620723, '临泽县', 3, 620700),
(620724, '高台县', 3, 620700),
(620725, '山丹县', 3, 620700),
(620801, '市辖区', 3, 620800),
(620802, '崆峒区', 3, 620800),
(620821, '泾川县', 3, 620800),
(620822, '灵台县', 3, 620800),
(620823, '崇信县', 3, 620800),
(620824, '华亭县', 3, 620800),
(620825, '庄浪县', 3, 620800),
(620826, '静宁县', 3, 620800),
(620901, '市辖区', 3, 620900),
(620902, '肃州区', 3, 620900),
(620921, '金塔县', 3, 620900),
(620922, '安西县', 3, 620900),
(620923, '肃北蒙古族自治县', 3, 620900),
(620924, '阿克塞哈萨克族自治县', 3, 620900),
(620981, '玉门市', 3, 620900),
(620982, '敦煌市', 3, 620900),
(621001, '市辖区', 3, 621000),
(621002, '西峰区', 3, 621000),
(621021, '庆城县', 3, 621000),
(621022, '环　县', 3, 621000),
(621023, '华池县', 3, 621000),
(621024, '合水县', 3, 621000),
(621025, '正宁县', 3, 621000),
(621026, '宁　县', 3, 621000),
(621027, '镇原县', 3, 621000),
(621101, '市辖区', 3, 621100),
(621102, '安定区', 3, 621100),
(621121, '通渭县', 3, 621100),
(621122, '陇西县', 3, 621100),
(621123, '渭源县', 3, 621100),
(621124, '临洮县', 3, 621100),
(621125, '漳　县', 3, 621100),
(621126, '岷　县', 3, 621100),
(621201, '市辖区', 3, 621200),
(621202, '武都区', 3, 621200),
(621221, '成　县', 3, 621200),
(621222, '文　县', 3, 621200),
(621223, '宕昌县', 3, 621200),
(621224, '康　县', 3, 621200),
(621225, '西和县', 3, 621200),
(621226, '礼　县', 3, 621200),
(621227, '徽　县', 3, 621200),
(621228, '两当县', 3, 621200),
(622901, '临夏市', 3, 622900),
(622921, '临夏县', 3, 622900),
(622922, '康乐县', 3, 622900),
(622923, '永靖县', 3, 622900),
(622924, '广河县', 3, 622900),
(622925, '和政县', 3, 622900),
(622926, '东乡族自治县', 3, 622900),
(622927, '积石山保安族东乡族撒拉族自治县', 3, 622900),
(623001, '合作市', 3, 623000),
(623021, '临潭县', 3, 623000),
(623022, '卓尼县', 3, 623000),
(623023, '舟曲县', 3, 623000),
(623024, '迭部县', 3, 623000),
(623025, '玛曲县', 3, 623000),
(623026, '碌曲县', 3, 623000),
(623027, '夏河县', 3, 623000),
(630101, '市辖区', 3, 630100),
(630102, '城东区', 3, 630100),
(630103, '城中区', 3, 630100),
(630104, '城西区', 3, 630100),
(630105, '城北区', 3, 630100),
(630121, '大通回族土族自治县', 3, 630100),
(630122, '湟中县', 3, 630100),
(630123, '湟源县', 3, 630100),
(632121, '平安县', 3, 632100),
(632122, '民和回族土族自治县', 3, 632100),
(632123, '乐都县', 3, 632100),
(632126, '互助土族自治县', 3, 632100),
(632127, '化隆回族自治县', 3, 632100),
(632128, '循化撒拉族自治县', 3, 632100),
(632221, '门源回族自治县', 3, 632200),
(632222, '祁连县', 3, 632200),
(632223, '海晏县', 3, 632200),
(632224, '刚察县', 3, 632200),
(632321, '同仁县', 3, 632300),
(632322, '尖扎县', 3, 632300),
(632323, '泽库县', 3, 632300),
(632324, '河南蒙古族自治县', 3, 632300),
(632521, '共和县', 3, 632500),
(632522, '同德县', 3, 632500),
(632523, '贵德县', 3, 632500),
(632524, '兴海县', 3, 632500),
(632525, '贵南县', 3, 632500),
(632621, '玛沁县', 3, 632600),
(632622, '班玛县', 3, 632600),
(632623, '甘德县', 3, 632600),
(632624, '达日县', 3, 632600),
(632625, '久治县', 3, 632600),
(632626, '玛多县', 3, 632600),
(632721, '玉树县', 3, 632700),
(632722, '杂多县', 3, 632700),
(632723, '称多县', 3, 632700),
(632724, '治多县', 3, 632700),
(632725, '囊谦县', 3, 632700),
(632726, '曲麻莱县', 3, 632700),
(632801, '格尔木市', 3, 632800),
(632802, '德令哈市', 3, 632800),
(632821, '乌兰县', 3, 632800),
(632822, '都兰县', 3, 632800),
(632823, '天峻县', 3, 632800),
(640101, '市辖区', 3, 640100),
(640104, '兴庆区', 3, 640100),
(640105, '西夏区', 3, 640100),
(640106, '金凤区', 3, 640100),
(640121, '永宁县', 3, 640100),
(640122, '贺兰县', 3, 640100),
(640181, '灵武市', 3, 640100),
(640201, '市辖区', 3, 640200),
(640202, '大武口区', 3, 640200),
(640205, '惠农区', 3, 640200),
(640221, '平罗县', 3, 640200),
(640301, '市辖区', 3, 640300),
(640302, '利通区', 3, 640300),
(640323, '盐池县', 3, 640300),
(640324, '同心县', 3, 640300),
(640381, '青铜峡市', 3, 640300),
(640401, '市辖区', 3, 640400),
(640402, '原州区', 3, 640400),
(640422, '西吉县', 3, 640400),
(640423, '隆德县', 3, 640400),
(640424, '泾源县', 3, 640400),
(640425, '彭阳县', 3, 640400),
(640501, '市辖区', 3, 640500),
(640502, '沙坡头区', 3, 640500),
(640521, '中宁县', 3, 640500),
(640522, '海原县', 3, 640500),
(650101, '市辖区', 3, 650100),
(650102, '天山区', 3, 650100),
(650103, '沙依巴克区', 3, 650100),
(650104, '新市区', 3, 650100),
(650105, '水磨沟区', 3, 650100),
(650106, '头屯河区', 3, 650100),
(650107, '达坂城区', 3, 650100),
(650108, '东山区', 3, 650100),
(650121, '乌鲁木齐县', 3, 650100),
(650201, '市辖区', 3, 650200),
(650202, '独山子区', 3, 650200),
(650203, '克拉玛依区', 3, 650200),
(650204, '白碱滩区', 3, 650200),
(650205, '乌尔禾区', 3, 650200),
(652101, '吐鲁番市', 3, 652100),
(652122, '鄯善县', 3, 652100),
(652123, '托克逊县', 3, 652100),
(652201, '哈密市', 3, 652200),
(652222, '巴里坤哈萨克自治县', 3, 652200),
(652223, '伊吾县', 3, 652200),
(652301, '昌吉市', 3, 652300),
(652302, '阜康市', 3, 652300),
(652303, '米泉市', 3, 652300),
(652323, '呼图壁县', 3, 652300),
(652324, '玛纳斯县', 3, 652300),
(652325, '奇台县', 3, 652300),
(652327, '吉木萨尔县', 3, 652300),
(652328, '木垒哈萨克自治县', 3, 652300),
(652701, '博乐市', 3, 652700),
(652722, '精河县', 3, 652700),
(652723, '温泉县', 3, 652700),
(652801, '库尔勒市', 3, 652800),
(652822, '轮台县', 3, 652800),
(652823, '尉犁县', 3, 652800),
(652824, '若羌县', 3, 652800),
(652825, '且末县', 3, 652800),
(652826, '焉耆回族自治县', 3, 652800),
(652827, '和静县', 3, 652800),
(652828, '和硕县', 3, 652800),
(652829, '博湖县', 3, 652800),
(652901, '阿克苏市', 3, 652900),
(652922, '温宿县', 3, 652900),
(652923, '库车县', 3, 652900),
(652924, '沙雅县', 3, 652900),
(652925, '新和县', 3, 652900),
(652926, '拜城县', 3, 652900),
(652927, '乌什县', 3, 652900),
(652928, '阿瓦提县', 3, 652900),
(652929, '柯坪县', 3, 652900),
(653001, '阿图什市', 3, 653000),
(653022, '阿克陶县', 3, 653000),
(653023, '阿合奇县', 3, 653000),
(653024, '乌恰县', 3, 653000),
(653101, '喀什市', 3, 653100),
(653121, '疏附县', 3, 653100),
(653122, '疏勒县', 3, 653100),
(653123, '英吉沙县', 3, 653100),
(653124, '泽普县', 3, 653100),
(653125, '莎车县', 3, 653100),
(653126, '叶城县', 3, 653100),
(653127, '麦盖提县', 3, 653100),
(653128, '岳普湖县', 3, 653100),
(653129, '伽师县', 3, 653100),
(653130, '巴楚县', 3, 653100),
(653131, '塔什库尔干塔吉克自治县', 3, 653100),
(653201, '和田市', 3, 653200),
(653221, '和田县', 3, 653200),
(653222, '墨玉县', 3, 653200),
(653223, '皮山县', 3, 653200),
(653224, '洛浦县', 3, 653200),
(653225, '策勒县', 3, 653200),
(653226, '于田县', 3, 653200),
(653227, '民丰县', 3, 653200),
(654002, '伊宁市', 3, 654000),
(654003, '奎屯市', 3, 654000),
(654021, '伊宁县', 3, 654000),
(654022, '察布查尔锡伯自治县', 3, 654000),
(654023, '霍城县', 3, 654000),
(654024, '巩留县', 3, 654000),
(654025, '新源县', 3, 654000),
(654026, '昭苏县', 3, 654000),
(654027, '特克斯县', 3, 654000),
(654028, '尼勒克县', 3, 654000),
(654201, '塔城市', 3, 654200),
(654202, '乌苏市', 3, 654200),
(654221, '额敏县', 3, 654200),
(654223, '沙湾县', 3, 654200),
(654224, '托里县', 3, 654200),
(654225, '裕民县', 3, 654200),
(654226, '和布克赛尔蒙古自治县', 3, 654200),
(654301, '阿勒泰市', 3, 654300),
(654321, '布尔津县', 3, 654300),
(654322, '富蕴县', 3, 654300),
(654323, '福海县', 3, 654300),
(654324, '哈巴河县', 3, 654300),
(654325, '青河县', 3, 654300),
(654326, '吉木乃县', 3, 654300),
(659001, '石河子市', 3, 659000),
(659002, '阿拉尔市', 3, 659000),
(659003, '图木舒克市', 3, 659000),
(659004, '五家渠市', 3, 659000),
(810001, '香港', 2, 810000),
(810002, '中西区', 3, 810001),
(810003, '九龙城区', 3, 810001),
(810004, '南区', 3, 810001),
(810005, '黄大仙区', 3, 810001),
(810006, '油尖旺区', 3, 810001),
(810007, '葵青区', 3, 810001),
(810008, '西贡区', 3, 810001),
(810009, '屯门区', 3, 810001),
(810010, '荃湾区', 3, 810001),
(810011, '东区', 3, 810001),
(810012, '观塘区', 3, 810001),
(810013, '深水步区', 3, 810001),
(810014, '湾仔区', 3, 810001),
(810015, '离岛区', 3, 810001),
(810016, '北区', 3, 810001),
(810017, '沙田区', 3, 810001),
(810018, '大埔区', 3, 810001),
(810019, '元朗区', 3, 810001),
(820001, '澳门', 2, 820000),
(820002, '澳门', 3, 820001),
(710001, '台北市', 2, 710000),
(710002, '台北县', 3, 710001),
(710003, '基隆市', 2, 710000),
(910005, '中山市', 3, 442000),
(710004, '花莲县', 3, 710003),
(910006, '东莞市', 3, 441900);

-- --------------------------------------------------------

--
-- 表的结构 `ocenter_expression`
--

CREATE TABLE IF NOT EXISTS `ocenter_expression` (
  `id` int(11) NOT NULL,
  `name` varchar(50) NOT NULL,
  `path` varchar(200) NOT NULL,
  `driver` varchar(50) NOT NULL,
  `create_time` int(11) NOT NULL,
  `expression_pkg_id` int(11) NOT NULL
) ENGINE=MyISAM DEFAULT CHARSET=utf8;

-- --------------------------------------------------------

--
-- 表的结构 `ocenter_expression_pkg`
--

CREATE TABLE IF NOT EXISTS `ocenter_expression_pkg` (
  `id` int(11) NOT NULL,
  `pkg_title` varchar(50) NOT NULL,
  `pkg_name` varchar(50) NOT NULL,
  `path` varchar(200) NOT NULL,
  `driver` varchar(50) NOT NULL,
  `create_time` int(11) NOT NULL,
  `status` int(11) NOT NULL
) ENGINE=MyISAM DEFAULT CHARSET=utf8;

-- --------------------------------------------------------

--
-- 表的结构 `ocenter_field`
--

CREATE TABLE IF NOT EXISTS `ocenter_field` (
  `id` int(11) NOT NULL,
  `role_id` int(11) NOT NULL,
  `uid` int(11) NOT NULL,
  `field_id` int(11) NOT NULL,
  `field_data` varchar(1000) NOT NULL,
  `createTime` int(11) NOT NULL,
  `changeTime` int(11) NOT NULL
) ENGINE=MyISAM AUTO_INCREMENT=5 DEFAULT CHARSET=utf8;

--
-- 转存表中的数据 `ocenter_field`
--

INSERT INTO `ocenter_field` (`id`, `role_id`, `uid`, `field_id`, `field_data`, `createTime`, `changeTime`) VALUES
(1, 1, 1, 3, 'Java', 1557713919, 1557713919),
(2, 1, 1, 4, '是', 1557713919, 1557713919),
(3, 1, 1, 5, '暂无', 1557713919, 1557713919),
(4, 1, 1, 6, 'PhotoShop', 1557713919, 1557713919);

-- --------------------------------------------------------

--
-- 表的结构 `ocenter_field_group`
--

CREATE TABLE IF NOT EXISTS `ocenter_field_group` (
  `id` int(11) NOT NULL,
  `profile_name` varchar(25) NOT NULL,
  `status` tinyint(4) NOT NULL DEFAULT '1',
  `createTime` int(11) NOT NULL,
  `sort` int(11) NOT NULL,
  `visiable` tinyint(4) NOT NULL DEFAULT '1'
) ENGINE=MyISAM AUTO_INCREMENT=4 DEFAULT CHARSET=utf8;

--
-- 转存表中的数据 `ocenter_field_group`
--

INSERT INTO `ocenter_field_group` (`id`, `profile_name`, `status`, `createTime`, `sort`, `visiable`) VALUES
(1, '个人资料', 1, 1403847366, 0, 1),
(2, '开发者资料', 0, 1423537648, 0, 0);

-- --------------------------------------------------------

--
-- 表的结构 `ocenter_field_setting`
--

CREATE TABLE IF NOT EXISTS `ocenter_field_setting` (
  `id` int(11) NOT NULL,
  `field_name` varchar(25) NOT NULL,
  `profile_group_id` int(11) NOT NULL,
  `visiable` tinyint(4) NOT NULL DEFAULT '1',
  `required` tinyint(4) NOT NULL DEFAULT '0',
  `sort` int(11) NOT NULL,
  `form_type` varchar(25) NOT NULL,
  `form_default_value` varchar(200) NOT NULL,
  `validation` varchar(25) NOT NULL,
  `status` tinyint(4) NOT NULL DEFAULT '1',
  `createTime` int(11) NOT NULL,
  `child_form_type` varchar(25) NOT NULL,
  `input_tips` varchar(100) NOT NULL COMMENT '输入提示'
) ENGINE=MyISAM AUTO_INCREMENT=8 DEFAULT CHARSET=utf8;

--
-- 转存表中的数据 `ocenter_field_setting`
--

INSERT INTO `ocenter_field_setting` (`id`, `field_name`, `profile_group_id`, `visiable`, `required`, `sort`, `form_type`, `form_default_value`, `validation`, `status`, `createTime`, `child_form_type`, `input_tips`) VALUES
(1, 'qq', 1, 1, 1, 0, 'input', '', '', 1, 1409045825, 'string', ''),
(2, '生日', 1, 1, 1, 0, 'time', '', '', 1, 1423537409, '', ''),
(3, '擅长语言', 2, 1, 1, 0, 'select', 'Java|C++|Python|php|object c|ruby', '', 1, 1423537693, '', ''),
(4, '承接项目', 2, 1, 1, 0, 'radio', '是|否', '', 1, 1423537733, '', ''),
(5, '简介', 2, 1, 1, 0, 'textarea', '', '', 1, 1423537770, '', '简单介绍入行以来的工作经验，项目经验'),
(6, '其他技能', 2, 1, 1, 0, 'checkbox', 'PhotoShop|Flash', '', 1, 1423537834, '', '');

-- --------------------------------------------------------

--
-- 表的结构 `ocenter_file`
--

CREATE TABLE IF NOT EXISTS `ocenter_file` (
  `id` int(10) unsigned NOT NULL COMMENT '文件ID',
  `name` varchar(100) NOT NULL DEFAULT '' COMMENT '原始文件名',
  `savename` varchar(100) NOT NULL DEFAULT '' COMMENT '保存名称',
  `savepath` varchar(255) NOT NULL DEFAULT '' COMMENT '文件保存路径',
  `ext` char(5) NOT NULL DEFAULT '' COMMENT '文件后缀',
  `mime` char(40) NOT NULL DEFAULT '' COMMENT '文件mime类型',
  `size` int(10) unsigned NOT NULL DEFAULT '0' COMMENT '文件大小',
  `md5` char(32) NOT NULL DEFAULT '' COMMENT '文件md5',
  `sha1` char(40) NOT NULL DEFAULT '' COMMENT '文件 sha1编码',
  `location` tinyint(3) unsigned NOT NULL DEFAULT '0' COMMENT '文件保存位置',
  `create_time` int(10) unsigned NOT NULL COMMENT '上传时间',
  `driver` varchar(50) NOT NULL,
  `download_num` int(11) NOT NULL DEFAULT '0' COMMENT '下载数'
) ENGINE=MyISAM DEFAULT CHARSET=utf8 COMMENT='文件表';

-- --------------------------------------------------------

--
-- 表的结构 `ocenter_follow`
--

CREATE TABLE IF NOT EXISTS `ocenter_follow` (
  `id` int(11) NOT NULL COMMENT 'id',
  `follow_who` int(11) NOT NULL COMMENT '关注谁',
  `who_follow` int(11) NOT NULL COMMENT '谁关注',
  `create_time` int(11) NOT NULL,
  `alias` varchar(40) NOT NULL COMMENT '备注',
  `group_id` int(11) NOT NULL COMMENT '分组ID'
) ENGINE=MyISAM AUTO_INCREMENT=34 DEFAULT CHARSET=utf8 COMMENT='关注表';

--
-- 转存表中的数据 `ocenter_follow`
--

INSERT INTO `ocenter_follow` (`id`, `follow_who`, `who_follow`, `create_time`, `alias`, `group_id`) VALUES
(22, 100, 101, 1557915124, '', 0),
(23, 1, 101, 1557915125, '', 0),
(25, 101, 1, 1558062680, '', 0),
(21, 100, 1, 1557911992, '', 0),
(27, 107, 106, 1558078770, '', 0),
(33, 1, 106, 1558400822, '', 0),
(31, 1, 108, 1558332740, '', 0);

-- --------------------------------------------------------

--
-- 表的结构 `ocenter_forum`
--

CREATE TABLE IF NOT EXISTS `ocenter_forum` (
  `id` int(11) NOT NULL,
  `title` text NOT NULL,
  `create_time` int(11) NOT NULL,
  `post_count` int(11) NOT NULL,
  `status` int(11) NOT NULL,
  `allow_user_group` text NOT NULL,
  `sort` int(11) NOT NULL,
  `logo` int(11) NOT NULL,
  `background` int(11) NOT NULL,
  `description` varchar(5000) NOT NULL,
  `admin` varchar(100) NOT NULL,
  `type_id` int(11) NOT NULL,
  `last_reply_time` int(11) NOT NULL
) ENGINE=MyISAM AUTO_INCREMENT=6 DEFAULT CHARSET=utf8;

--
-- 转存表中的数据 `ocenter_forum`
--

INSERT INTO `ocenter_forum` (`id`, `title`, `create_time`, `post_count`, `status`, `allow_user_group`, `sort`, `logo`, `background`, `description`, `admin`, `type_id`, `last_reply_time`) VALUES
(1, '军人故事', 1407114174, 3, 1, '1', 2, 133, 123, '浑身发抖活动方式  发的撒健康福简单覆盖给艰苦奋斗是就是的撒伐', '[1],[2]', 1, 1557740906),
(2, '官方公告', 1417424922, 4, 1, '1', 0, 57, 58, '官方公告发布区', '50', 2, 1433468728),
(4, '军营生活', 1555920906, 1, 1, '', 1, 0, 0, '', '1', 1, 1556181133),
(5, '军旅人生', 1555920932, 0, 1, '', 0, 0, 0, '', '1', 1, 0);

-- --------------------------------------------------------

--
-- 表的结构 `ocenter_forum_bookmark`
--

CREATE TABLE IF NOT EXISTS `ocenter_forum_bookmark` (
  `id` int(11) NOT NULL,
  `uid` int(11) NOT NULL,
  `post_id` int(11) NOT NULL,
  `create_time` int(11) NOT NULL
) ENGINE=MyISAM AUTO_INCREMENT=2 DEFAULT CHARSET=utf8;

-- --------------------------------------------------------

--
-- 表的结构 `ocenter_forum_follow`
--

CREATE TABLE IF NOT EXISTS `ocenter_forum_follow` (
  `id` int(11) NOT NULL,
  `uid` int(11) NOT NULL,
  `forum_id` int(11) NOT NULL
) ENGINE=MyISAM AUTO_INCREMENT=60 DEFAULT CHARSET=utf8 COMMENT='版块关注';

--
-- 转存表中的数据 `ocenter_forum_follow`
--

INSERT INTO `ocenter_forum_follow` (`id`, `uid`, `forum_id`) VALUES
(59, 1, 2);

-- --------------------------------------------------------

--
-- 表的结构 `ocenter_forum_lzl_reply`
--

CREATE TABLE IF NOT EXISTS `ocenter_forum_lzl_reply` (
  `id` int(11) NOT NULL,
  `post_id` int(11) NOT NULL,
  `to_f_reply_id` int(11) NOT NULL,
  `to_reply_id` int(11) NOT NULL,
  `content` text NOT NULL,
  `uid` int(11) NOT NULL,
  `to_uid` int(11) NOT NULL,
  `ctime` int(11) NOT NULL,
  `is_del` tinyint(4) NOT NULL
) ENGINE=MyISAM AUTO_INCREMENT=85 DEFAULT CHARSET=utf8;

-- --------------------------------------------------------

--
-- 表的结构 `ocenter_forum_pay`
--

CREATE TABLE IF NOT EXISTS `ocenter_forum_pay` (
  `id` int(11) NOT NULL,
  `uid` int(11) NOT NULL,
  `forum_post_id` int(11) NOT NULL,
  `create_time` int(11) NOT NULL
) ENGINE=MyISAM DEFAULT CHARSET=utf8;

-- --------------------------------------------------------

--
-- 表的结构 `ocenter_forum_post`
--

CREATE TABLE IF NOT EXISTS `ocenter_forum_post` (
  `id` int(11) NOT NULL,
  `uid` int(11) NOT NULL,
  `forum_id` int(11) NOT NULL,
  `title` text NOT NULL,
  `parse` int(11) NOT NULL,
  `content` text NOT NULL,
  `create_time` int(11) NOT NULL,
  `update_time` int(11) NOT NULL,
  `status` int(11) NOT NULL,
  `last_reply_time` int(11) NOT NULL,
  `view_count` int(11) NOT NULL,
  `reply_count` int(11) NOT NULL,
  `is_top` tinyint(4) NOT NULL COMMENT '是否置顶',
  `is_essence` int(1) NOT NULL DEFAULT '0',
  `hide` text NOT NULL COMMENT '是否回复可见',
  `file_id` int(11) NOT NULL DEFAULT '0',
  `pay_type` text NOT NULL COMMENT '付费类型',
  `pay_num` int(11) NOT NULL COMMENT '付费数量',
  `pay_on` text NOT NULL COMMENT '是否开启付费下载'
) ENGINE=MyISAM AUTO_INCREMENT=7 DEFAULT CHARSET=utf8;

--
-- 转存表中的数据 `ocenter_forum_post`
--

INSERT INTO `ocenter_forum_post` (`id`, `uid`, `forum_id`, `title`, `parse`, `content`, `create_time`, `update_time`, `status`, `last_reply_time`, `view_count`, `reply_count`, `is_top`, `is_essence`, `hide`, `file_id`, `pay_type`, `pay_num`, `pay_on`) VALUES
(1, 1, 1, '着戎装、登战舰、阅编队：十八大以来习近平多次视察海军', 0, '<p style="margin-top: 0px; margin-bottom: 0px; padding: 0px 0px 24px; text-indent: 2em; color: rgb(27, 27, 27); font-family: &quot;Hiragino Sans GB&quot;, &quot;Microsoft YaHei&quot;, &quot;WenQuanYi Micro Hei&quot;, Tahoma, arial, sans-serif; font-size: 18px; white-space: normal; background-color: rgb(255, 255, 255);">4月23日，中国人民解放军海军将迎来70岁生日。经中央军委批准，届时将在山东青岛举行人民海军成立70周年多国海军活动。</p><p style="margin-top: 0px; margin-bottom: 0px; padding: 0px 0px 24px; text-indent: 2em; color: rgb(27, 27, 27); font-family: &quot;Hiragino Sans GB&quot;, &quot;Microsoft YaHei&quot;, &quot;WenQuanYi Micro Hei&quot;, Tahoma, arial, sans-serif; font-size: 18px; white-space: normal; background-color: rgb(255, 255, 255);">“在新时代的征程上，在实现中华民族伟大复兴的奋斗中，建设强大的人民海军的任务从来没有像今天这样紧迫。”党的十八大以来，中共中央总书记、国家主席、中央军委主席习近平高度重视海军建设，多次视察海军部队。</p><p style="margin-top: 0px; margin-bottom: 0px; padding: 0px 0px 24px; text-indent: 2em; color: rgb(27, 27, 27); font-family: &quot;Hiragino Sans GB&quot;, &quot;Microsoft YaHei&quot;, &quot;WenQuanYi Micro Hei&quot;, Tahoma, arial, sans-serif; font-size: 18px; white-space: normal; background-color: rgb(255, 255, 255);">航母、驱逐舰、潜艇……习近平登上过哪些舰艇？攀舷梯、下机库、进战位……习近平如何鼓励海军官兵？新时代学习工作室带您一览习近平的海军足迹。</p><p style="margin-top: 0px; margin-bottom: 0px; padding: 0px 0px 24px; text-indent: 2em; color: rgb(27, 27, 27); font-family: &quot;Hiragino Sans GB&quot;, &quot;Microsoft YaHei&quot;, &quot;WenQuanYi Micro Hei&quot;, Tahoma, arial, sans-serif; font-size: 18px; white-space: normal; background-color: rgb(255, 255, 255);"><strong>视察北部战区海军</strong></p><p class="pcenter" style="margin-top: 0px; margin-bottom: 0px; padding: 0px 0px 24px; text-align: center; color: rgb(27, 27, 27); font-family: &quot;Hiragino Sans GB&quot;, &quot;Microsoft YaHei&quot;, &quot;WenQuanYi Micro Hei&quot;, Tahoma, arial, sans-serif; font-size: 18px; white-space: normal; background-color: rgb(255, 255, 255);"><img src="https://img3.utuku.china.com/400x0/mili/20190422/326640f0-641a-4240-91c8-be7d8f99cbb2.jpg" alt="2018年6月11日下午，习近平来到某潜艇部队，登上潜艇，同艇员亲切交谈。新华社记者 李刚摄" style="border: 0px; vertical-align: middle; max-width: 100%;"/></p><p class="news_img_title" style="margin-top: 0px; margin-bottom: 0px; padding: 0px 0px 24px; color: rgb(102, 102, 102); font-size: 16px; line-height: 29.6px; text-align: center; font-family: &quot;Hiragino Sans GB&quot;, &quot;Microsoft YaHei&quot;, &quot;WenQuanYi Micro Hei&quot;, Tahoma, arial, sans-serif; white-space: normal; background-color: rgb(255, 255, 255);"><cite style="font-style: normal; display: inline-block; text-align: left; text-indent: 2em;">2018年6月11日下午，习近平来到某潜艇部队，登上潜艇，同艇员亲切交谈。新华社记者 李刚摄</cite></p><p style="margin-top: 0px; margin-bottom: 0px; padding: 0px 0px 24px; text-indent: 2em; color: rgb(27, 27, 27); font-family: &quot;Hiragino Sans GB&quot;, &quot;Microsoft YaHei&quot;, &quot;WenQuanYi Micro Hei&quot;, Tahoma, arial, sans-serif; font-size: 18px; white-space: normal; background-color: rgb(255, 255, 255);"><br/></p><p style="margin-top: 0px; margin-bottom: 0px; padding: 0px 0px 24px; text-indent: 2em; color: rgb(27, 27, 27); font-family: &quot;Hiragino Sans GB&quot;, &quot;Microsoft YaHei&quot;, &quot;WenQuanYi Micro Hei&quot;, Tahoma, arial, sans-serif; font-size: 18px; white-space: normal; background-color: rgb(255, 255, 255);"><strong>登潜艇下舱室进战位</strong></p><p style="margin-top: 0px; margin-bottom: 0px; padding: 0px 0px 24px; text-indent: 2em; color: rgb(27, 27, 27); font-family: &quot;Hiragino Sans GB&quot;, &quot;Microsoft YaHei&quot;, &quot;WenQuanYi Micro Hei&quot;, Tahoma, arial, sans-serif; font-size: 18px; white-space: normal; background-color: rgb(255, 255, 255);">2018年6月11日15时30分许，习近平来到某潜艇部队，首先听取了部队建设有关情况介绍。军港码头上，前不久参加过南海海域海上阅兵的某新型潜艇伏波静卧，满旗高悬，艇员们在艇面上分区列队，精神抖擞迎接习近平到来。习近平登上潜艇，走到艇员们中间。习近平一直牵挂着常年奋斗在深海大洋的潜艇兵们，他关切询问官兵的工作生活情况。了解到官兵们爱岗敬业、战风斗浪，圆满完成各项工作时，习近平点头赞许。习近平下舱室、进战位，详细了解武器弹药技战术性能。他勉励官兵们坚定理想信念，建设坚强集体，把打赢本领搞过硬。习近平在潜艇航泊日志上郑重签名。离开码头时，习近平特意走向停泊在附近的另一艘潜艇，向整齐站坡的官兵们挥手致意。</p><p style="margin-top: 0px; margin-bottom: 0px; padding: 0px 0px 24px; text-indent: 2em; color: rgb(27, 27, 27); font-family: &quot;Hiragino Sans GB&quot;, &quot;Microsoft YaHei&quot;, &quot;WenQuanYi Micro Hei&quot;, Tahoma, arial, sans-serif; font-size: 18px; white-space: normal; background-color: rgb(255, 255, 255);"><strong>现场出题抽考官兵</strong></p><p style="margin-top: 0px; margin-bottom: 0px; padding: 0px 0px 24px; text-indent: 2em; color: rgb(27, 27, 27); font-family: &quot;Hiragino Sans GB&quot;, &quot;Microsoft YaHei&quot;, &quot;WenQuanYi Micro Hei&quot;, Tahoma, arial, sans-serif; font-size: 18px; white-space: normal; background-color: rgb(255, 255, 255);">习近平在综合模拟楼察看了潜艇部队训练情况。模拟训练设施怎么样？能不能满足需要？有没有实际困难？习近平边走边看，问得很仔细。得知训练设施能够较好模拟实装性能参数，官兵们在这里得到很大锻炼，习近平很高兴，叮嘱有关方面加强训练条件建设，为部队训练提供有力支撑。在声纳听音训练室，官兵们正紧张进行声纳听音识别训练。习近平现场出题抽考，官兵们踊跃作答。看到一名战士报出的答案准确无误，习近平竖起大拇指为他点赞。</p><p style="margin-top: 0px; margin-bottom: 0px; padding: 0px 0px 24px; text-indent: 2em; color: rgb(27, 27, 27); font-family: &quot;Hiragino Sans GB&quot;, &quot;Microsoft YaHei&quot;, &quot;WenQuanYi Micro Hei&quot;, Tahoma, arial, sans-serif; font-size: 18px; white-space: normal; background-color: rgb(255, 255, 255);">离开潜艇部队，习近平来到北部战区海军机关，亲切接见北部战区海军副师职以上领导干部，同大家合影留念。</p><p style="margin-top: 0px; margin-bottom: 0px; padding: 0px 0px 24px; text-indent: 2em; color: rgb(27, 27, 27); font-family: &quot;Hiragino Sans GB&quot;, &quot;Microsoft YaHei&quot;, &quot;WenQuanYi Micro Hei&quot;, Tahoma, arial, sans-serif; font-size: 18px; white-space: normal; background-color: rgb(255, 255, 255);">随后，习近平听取了北部战区海军工作汇报，并发表重要讲话。</p><p style="margin-top: 0px; margin-bottom: 0px; padding: 0px 0px 24px; text-indent: 2em; color: rgb(27, 27, 27); font-family: &quot;Hiragino Sans GB&quot;, &quot;Microsoft YaHei&quot;, &quot;WenQuanYi Micro Hei&quot;, Tahoma, arial, sans-serif; font-size: 18px; white-space: normal; background-color: rgb(255, 255, 255);"><strong>【讲话摘录】</strong></p><p style="margin-top: 0px; margin-bottom: 0px; padding: 0px 0px 24px; text-indent: 2em; color: rgb(27, 27, 27); font-family: &quot;Hiragino Sans GB&quot;, &quot;Microsoft YaHei&quot;, &quot;WenQuanYi Micro Hei&quot;, Tahoma, arial, sans-serif; font-size: 18px; white-space: normal; background-color: rgb(255, 255, 255);">1、要坚决贯彻新时代党的强军思想，坚持政治建军、改革强军、科技兴军、依法治军，贯彻转型建设要求，锻造海上精兵劲旅，坚决完成党和人民赋予的各项任务。</p><p style="margin-top: 0px; margin-bottom: 0px; padding: 0px 0px 24px; text-indent: 2em; color: rgb(27, 27, 27); font-family: &quot;Hiragino Sans GB&quot;, &quot;Microsoft YaHei&quot;, &quot;WenQuanYi Micro Hei&quot;, Tahoma, arial, sans-serif; font-size: 18px; white-space: normal; background-color: rgb(255, 255, 255);">2、要用好改革有利条件，贯彻海军转型建设要求，加快把精锐作战力量搞上去。要积极探索实践，扭住薄弱环节，聚力攻关突破，加快提升能力。要加强前瞻谋划和顶层设计，推进海军航空兵转型建设。</p><p style="margin-top: 0px; margin-bottom: 0px; padding: 0px 0px 24px; text-indent: 2em; color: rgb(27, 27, 27); font-family: &quot;Hiragino Sans GB&quot;, &quot;Microsoft YaHei&quot;, &quot;WenQuanYi Micro Hei&quot;, Tahoma, arial, sans-serif; font-size: 18px; white-space: normal; background-color: rgb(255, 255, 255);">3、毫不动摇坚持党对军队绝对领导，加强各级党组织建设，持之以恒正风肃纪反腐，从严抓好强化战斗队思想、落实战斗力标准工作，把从严要求落实到部队建设各方面和全过程。</p><p style="margin-top: 0px; margin-bottom: 0px; padding: 0px 0px 24px; text-indent: 2em; color: rgb(27, 27, 27); font-family: &quot;Hiragino Sans GB&quot;, &quot;Microsoft YaHei&quot;, &quot;WenQuanYi Micro Hei&quot;, Tahoma, arial, sans-serif; font-size: 18px; white-space: normal; background-color: rgb(255, 255, 255);">4、狠抓经常性基础性工作，满腔热忱为官兵办实事、解难事，把广大官兵积极性、主动性、创造性充分调动起来。</p><p style="margin-top: 0px; margin-bottom: 0px; padding: 0px 0px 24px; text-indent: 2em; color: rgb(27, 27, 27); font-family: &quot;Hiragino Sans GB&quot;, &quot;Microsoft YaHei&quot;, &quot;WenQuanYi Micro Hei&quot;, Tahoma, arial, sans-serif; font-size: 18px; white-space: normal; background-color: rgb(255, 255, 255);">5、部队要做好军民融合发展工作，搞好同地方有关部门协调配合，加强制度机制和发展模式创新。</p><p style="margin-top: 0px; margin-bottom: 0px; padding: 0px 0px 24px; text-indent: 2em; color: rgb(27, 27, 27); font-family: &quot;Hiragino Sans GB&quot;, &quot;Microsoft YaHei&quot;, &quot;WenQuanYi Micro Hei&quot;, Tahoma, arial, sans-serif; font-size: 18px; white-space: normal; background-color: rgb(255, 255, 255);"><strong>出席南海海域海上阅兵</strong></p><p class="pcenter" style="margin-top: 0px; margin-bottom: 0px; padding: 0px 0px 24px; text-align: center; color: rgb(27, 27, 27); font-family: &quot;Hiragino Sans GB&quot;, &quot;Microsoft YaHei&quot;, &quot;WenQuanYi Micro Hei&quot;, Tahoma, arial, sans-serif; font-size: 18px; white-space: normal; background-color: rgb(255, 255, 255);"><img src="https://img0.utuku.china.com/400x0/mili/20190422/4ef1024f-b1f1-4fe9-8828-da7cf43a5a7e.jpg" alt="2018年4月12日上午，中央军委在南海海域隆重举行海上阅兵，习近平检阅部队并发表重要讲话。这是习近平同长沙舰部分官兵合影。新华社记者 李刚摄" style="border: 0px; vertical-align: middle; max-width: 100%;"/></p><p class="news_img_title" style="margin-top: 0px; margin-bottom: 0px; padding: 0px 0px 24px; color: rgb(102, 102, 102); font-size: 16px; line-height: 29.6px; text-align: center; font-family: &quot;Hiragino Sans GB&quot;, &quot;Microsoft YaHei&quot;, &quot;WenQuanYi Micro Hei&quot;, Tahoma, arial, sans-serif; white-space: normal; background-color: rgb(255, 255, 255);"><cite style="font-style: normal; display: inline-block; text-align: left; text-indent: 2em;">2018年4月12日上午，中央军委在南海海域隆重举行海上阅兵，习近平检阅部队并发表重要讲话。这是习近平同长沙舰部分官兵合影。新华社记者 李刚摄</cite></p><p style="margin-top: 0px; margin-bottom: 0px; padding: 0px 0px 24px; text-indent: 2em; color: rgb(27, 27, 27); font-family: &quot;Hiragino Sans GB&quot;, &quot;Microsoft YaHei&quot;, &quot;WenQuanYi Micro Hei&quot;, Tahoma, arial, sans-serif; font-size: 18px; white-space: normal; background-color: rgb(255, 255, 255);"><br/></p><p style="margin-top: 0px; margin-bottom: 0px; padding: 0px 0px 24px; text-indent: 2em; color: rgb(27, 27, 27); font-family: &quot;Hiragino Sans GB&quot;, &quot;Microsoft YaHei&quot;, &quot;WenQuanYi Micro Hei&quot;, Tahoma, arial, sans-serif; font-size: 18px; white-space: normal; background-color: rgb(255, 255, 255);"><strong>登上长沙舰检阅海上编队</strong></p><p style="margin-top: 0px; margin-bottom: 0px; padding: 0px 0px 24px; text-indent: 2em; color: rgb(27, 27, 27); font-family: &quot;Hiragino Sans GB&quot;, &quot;Microsoft YaHei&quot;, &quot;WenQuanYi Micro Hei&quot;, Tahoma, arial, sans-serif; font-size: 18px; white-space: normal; background-color: rgb(255, 255, 255);">2018年4月12日9时许，习近平来到海军某驱逐舰支队码头，登上执行检阅任务的长沙舰。检阅舰按照海军最高礼仪悬挂代满旗，五星红旗、八一军旗迎风飘扬，军乐队奏响中华人民共和国国歌。习近平在飞行甲板检阅舰艇仪仗队。随后，检阅舰鸣笛起航，在护卫舰艇拱卫下，向阅兵海域进发。</p><p style="margin-top: 0px; margin-bottom: 0px; padding: 0px 0px 24px; text-indent: 2em; color: rgb(27, 27, 27); font-family: &quot;Hiragino Sans GB&quot;, &quot;Microsoft YaHei&quot;, &quot;WenQuanYi Micro Hei&quot;, Tahoma, arial, sans-serif; font-size: 18px; white-space: normal; background-color: rgb(255, 255, 255);">此刻，人民海军48艘战舰铁流澎湃，76架战机振翅欲飞，10000余名官兵雄姿英发……这是新中国历史上规模最大的海上阅兵，是新时代人民海军的豪迈亮相。</p><p style="margin-top: 0px; margin-bottom: 0px; padding: 0px 0px 24px; text-indent: 2em; color: rgb(27, 27, 27); font-family: &quot;Hiragino Sans GB&quot;, &quot;Microsoft YaHei&quot;, &quot;WenQuanYi Micro Hei&quot;, Tahoma, arial, sans-serif; font-size: 18px; white-space: normal; background-color: rgb(255, 255, 255);">10时许，检阅舰到达预定海域。海军司令员沈金龙、政治委员秦生祥报告海上编队集结完毕，习近平下达检阅开始的命令。</p><p class="pcenter" style="margin-top: 0px; margin-bottom: 0px; padding: 0px 0px 24px; text-align: center; color: rgb(27, 27, 27); font-family: &quot;Hiragino Sans GB&quot;, &quot;Microsoft YaHei&quot;, &quot;WenQuanYi Micro Hei&quot;, Tahoma, arial, sans-serif; font-size: 18px; white-space: normal; background-color: rgb(255, 255, 255);"><img src="https://img2.utuku.china.com/400x0/mili/20190422/fcabee4e-a70a-4b03-a544-d368cd3f4d13.jpg" alt="2018年4月12日上午，辽宁舰航母编队精彩亮相。解放军报记者 张雷摄" style="border: 0px; vertical-align: middle; max-width: 100%;"/></p><p><br/></p>', 1555921080, 1555921080, 1, 1555921080, 5, 0, 0, 0, '0', 0, '1', 0, '0'),
(2, 1, 1, '台名嘴：美军实际没那么能打 台当局别幻想抱大腿', 0, '<p style="margin-top: 0px; margin-bottom: 0px; padding: 0px 0px 24px; text-indent: 2em; font-family: &quot;Microsoft YaHei&quot;, &quot;Hiragino Sans GB&quot;, &quot;WenQuanYi Micro Hei&quot;, 微软雅黑, 宋体, sans-serif; font-size: 18px; white-space: normal;">摘要：赖岳谦表示，事实上<span class="kw">美军</span>没那么能打，蔡英文当局似乎还在幻想引进美军势力来跟中国大陆对抗，“这无异于缘木求鱼，这只是在把台湾推入一个非常危险的境地。”</p><p class="pcenter" style="margin-top: 0px; margin-bottom: 0px; padding: 0px 0px 24px; text-align: center; font-family: &quot;Microsoft YaHei&quot;, &quot;Hiragino Sans GB&quot;, &quot;WenQuanYi Micro Hei&quot;, 微软雅黑, 宋体, sans-serif; font-size: 18px; white-space: normal;"><img src="https://img2.utuku.china.com/527x0/mili/20190422/33918a23-0a3b-4525-952f-6efd83be3f56.jpg" alt="蔡英文（视觉中国）" style="border: 0px; vertical-align: middle; max-width: 100%;"/></p><p class="news_img_title" style="margin-top: 0px; margin-bottom: 0px; padding: 0px 0px 24px; color: rgb(102, 102, 102); font-size: 16px; line-height: 29.6px; text-align: center; font-family: &quot;Microsoft YaHei&quot;, &quot;Hiragino Sans GB&quot;, &quot;WenQuanYi Micro Hei&quot;, 微软雅黑, 宋体, sans-serif; white-space: normal;"><cite style="display: inline-block; text-align: left; font-style: normal;">蔡英文（视觉中国）</cite></p><p style="margin-top: 0px; margin-bottom: 0px; padding: 0px 0px 24px; text-indent: 2em; font-family: &quot;Microsoft YaHei&quot;, &quot;Hiragino Sans GB&quot;, &quot;WenQuanYi Micro Hei&quot;, 微软雅黑, 宋体, sans-serif; font-size: 18px; white-space: normal;"><strong>海外网4月22日电</strong>&nbsp;一直以来，蔡英文当局从没放弃“依美抗陆”的企图，并不断炮制两岸冲突言论，引舆论声讨。台湾实践大学副教授、政治评论员赖岳谦一针见血表示，事实上美军没那么能打，</p><p style="margin-top: 0px; margin-bottom: 0px; padding: 0px 0px 24px; text-indent: 2em; font-family: &quot;Microsoft YaHei&quot;, &quot;Hiragino Sans GB&quot;, &quot;WenQuanYi Micro Hei&quot;, 微软雅黑, 宋体, sans-serif; font-size: 18px; white-space: normal;">蔡英文当局似乎还在幻想引进美军势力来跟中国大陆对抗，“这无异于缘木求鱼，这只是在把台湾推入一个非常危险的境地。”</p><p style="margin-top: 0px; margin-bottom: 0px; padding: 0px 0px 24px; text-indent: 2em; font-family: &quot;Microsoft YaHei&quot;, &quot;Hiragino Sans GB&quot;, &quot;WenQuanYi Micro Hei&quot;, 微软雅黑, 宋体, sans-serif; font-size: 18px; white-space: normal;">据台湾中时电子报消息，赖岳谦在“无色觉醒”栏目中说，“美国虽然嘴巴与动作很硬，但显然并不像表面那么能打。”他举例称，国际社会好像有个迷思，认为“盟军赢得二战胜利，所以美军很厉害”。赖岳谦直言，他在这方面持保留态度，为什么呢？“别忘了德国与美国的土地、人口差距，而且美军最后阶段才参战。”</p><p class="pcenter" style="margin-top: 0px; margin-bottom: 0px; padding: 0px 0px 24px; text-align: center; font-family: &quot;Microsoft YaHei&quot;, &quot;Hiragino Sans GB&quot;, &quot;WenQuanYi Micro Hei&quot;, 微软雅黑, 宋体, sans-serif; font-size: 18px; white-space: normal;"><img src="https://img1.utuku.china.com/440x0/mili/20190422/1ebfb8f8-5680-4ace-84ba-a08ef5bf6d8b.png" alt="赖岳谦（台媒）" style="border: 0px; vertical-align: middle; max-width: 100%;"/></p><p class="news_img_title" style="margin-top: 0px; margin-bottom: 0px; padding: 0px 0px 24px; color: rgb(102, 102, 102); font-size: 16px; line-height: 29.6px; text-align: center; font-family: &quot;Microsoft YaHei&quot;, &quot;Hiragino Sans GB&quot;, &quot;WenQuanYi Micro Hei&quot;, 微软雅黑, 宋体, sans-serif; white-space: normal;"><cite style="display: inline-block; text-align: left; font-style: normal;">赖岳谦（台媒）</cite></p><p><br/></p>', 1555921129, 1555921129, 1, 1555921129, 3, 0, 0, 0, '0', 0, '1', 0, '0'),
(3, 100, 2, '滇西小哥', 0, '<p><span style="color: rgb(51, 51, 51); font-family: Arial, &quot;PingFang SC&quot;, &quot;Hiragino Sans GB&quot;, &quot;Microsoft YaHei&quot;, &quot;WenQuanYi Micro Hei&quot;, sans-serif; background-color: rgb(255, 255, 255);">小时候，每到土豆成熟的季节，奶奶和妈妈总会变着花样的做土豆给我吃，煎炒、凉拌、舂泥……都是儿时的美味！又到了土豆成熟的季节，来一桌土豆宴，还原奶奶和妈妈的味道！</span></p>', 1556180323, 1556180323, 1, 1556180323, 1, 0, 0, 0, '0', 0, '1', 0, '0'),
(4, 100, 2, '一带一路国际合作高峰论坛 ​', 0, '<p><span style="color: rgb(51, 51, 51); font-family: Arial, &quot;PingFang SC&quot;, &quot;Hiragino Sans GB&quot;, &quot;Microsoft YaHei&quot;, &quot;WenQuanYi Micro Hei&quot;, sans-serif; background-color: rgb(255, 255, 255);">【中国人民银行行长易纲会见阿斯塔纳国际金融中心（AIFC）总裁克里姆别托夫】2019年4月25日，中国人民银行行长易纲会见了来京出席“一带一路”国际合作高峰论坛资金融通分论坛的哈萨克斯坦阿斯塔纳国际金融中心（AIFC）总裁克里姆别托夫。双方就阿斯塔纳国际金融中心建设、中哈双边金融合作等议题交换了意见。</span></p>', 1556180396, 1556180396, 1, 1556180396, 3, 0, 0, 0, '0', 0, '1', 0, '0'),
(5, 1, 4, '200余名军地优秀青年男女赴爱情之约', 0, '<p style="word-wrap: break-word; margin-top: 0px; margin-bottom: 0px; padding: 0px; font-family: Tahoma, Helvetica, SimSun, sans-serif; white-space: normal; background-color: rgb(255, 255, 255); text-align: center;"><span style="word-wrap: break-word; color: rgb(171, 25, 66);">再靠近一点点，就让你牵手<br style="word-wrap: break-word;"/></span></p><p style="word-wrap: break-word; margin-top: 0px; margin-bottom: 0px; padding: 0px; font-family: Tahoma, Helvetica, SimSun, sans-serif; white-space: normal; background-color: rgb(255, 255, 255); text-align: center;"><span style="word-wrap: break-word; color: rgb(171, 25, 66);">再勇敢一点点，我就跟你走<br style="word-wrap: break-word;"/>你还等什么，时间已经不多<br style="word-wrap: break-word;"/>再下去，只好只做朋友<br style="word-wrap: break-word;"/>再向前一点点，我就会点头<br style="word-wrap: break-word;"/>再冲动一点点，我就不闪躲<br style="word-wrap: break-word;"/>不过三个字，别犹豫这么久<br style="word-wrap: break-word;"/>只要你说出口，你就能拥有我</span></p><p><br/></p>', 1556180748, 1556180748, 1, 1556181133, 7, 1, 0, 0, '0', 0, '1', 0, '0'),
(6, 101, 1, '测试', 0, '<p>厕所测试厕所测试测试1111</p>', 1557740878, 1557740878, 1, 1557740906, 11, 1, 0, 0, '0', 0, '1', 0, '0');

-- --------------------------------------------------------

--
-- 表的结构 `ocenter_forum_post_reply`
--

CREATE TABLE IF NOT EXISTS `ocenter_forum_post_reply` (
  `id` int(11) NOT NULL,
  `uid` int(11) NOT NULL,
  `post_id` int(11) NOT NULL,
  `parse` int(11) NOT NULL,
  `content` text NOT NULL,
  `reward` int(11) NOT NULL DEFAULT '0' COMMENT '打赏id',
  `create_time` int(11) NOT NULL,
  `update_time` int(11) NOT NULL,
  `status` int(11) NOT NULL
) ENGINE=MyISAM AUTO_INCREMENT=9 DEFAULT CHARSET=utf8;

--
-- 转存表中的数据 `ocenter_forum_post_reply`
--

INSERT INTO `ocenter_forum_post_reply` (`id`, `uid`, `post_id`, `parse`, `content`, `reward`, `create_time`, `update_time`, `status`) VALUES
(7, 1, 5, 0, '<p>回复不错哦！</p>', 0, 1556181133, 1556181133, 1),
(8, 101, 6, 0, '<p>111111</p>', 0, 1557740906, 1557740906, 1);

-- --------------------------------------------------------

--
-- 表的结构 `ocenter_forum_type`
--

CREATE TABLE IF NOT EXISTS `ocenter_forum_type` (
  `id` int(11) NOT NULL,
  `title` varchar(100) NOT NULL COMMENT '标题',
  `status` tinyint(4) NOT NULL DEFAULT '1',
  `sort` int(11) NOT NULL,
  `pid` int(11) NOT NULL
) ENGINE=MyISAM AUTO_INCREMENT=5 DEFAULT CHARSET=utf8 COMMENT='论坛分类表';

--
-- 转存表中的数据 `ocenter_forum_type`
--

INSERT INTO `ocenter_forum_type` (`id`, `title`, `status`, `sort`, `pid`) VALUES
(1, '军营生活', 1, 0, 0),
(2, '官方板块', 1, 1, 0);

-- --------------------------------------------------------

--
-- 表的结构 `ocenter_hooks`
--

CREATE TABLE IF NOT EXISTS `ocenter_hooks` (
  `id` int(10) unsigned NOT NULL COMMENT '主键',
  `name` varchar(40) NOT NULL DEFAULT '' COMMENT '钩子名称',
  `description` text NOT NULL COMMENT '描述',
  `type` tinyint(1) unsigned NOT NULL DEFAULT '1' COMMENT '类型',
  `update_time` int(10) unsigned NOT NULL DEFAULT '0' COMMENT '更新时间',
  `addons` varchar(255) NOT NULL DEFAULT '' COMMENT '钩子挂载的插件 ''，''分割'
) ENGINE=MyISAM AUTO_INCREMENT=10000 DEFAULT CHARSET=utf8;

--
-- 转存表中的数据 `ocenter_hooks`
--

INSERT INTO `ocenter_hooks` (`id`, `name`, `description`, `type`, `update_time`, `addons`) VALUES
(38, 'pageHeader', '页面header钩子，一般用于加载插件CSS文件和代码', 1, 0, ''),
(39, 'pageFooter', '页面footer钩子，一般用于加载插件JS文件和JS代码', 1, 0, 'SuperLinks'),
(40, 'adminEditor', '后台内容编辑页编辑器', 1, 1378982734, 'EditorForAdmin'),
(41, 'AdminIndex', '首页小格子个性化显示', 1, 1382596073, 'SiteStat,SyncLogin,DevTeam,SystemInfo,LocalComment'),
(42, 'topicComment', '评论提交方式扩展钩子。', 1, 1380163518, ''),
(43, 'app_begin', '应用开始', 2, 1384481614, 'Iswaf'),
(44, 'checkIn', '签到', 1, 1395371353, 'CheckIn'),
(46, 'support', '赞', 1, 1398264759, 'Support'),
(47, 'localComment', '本地评论插件', 1, 1399440321, 'LocalComment'),
(48, 'weiboType', '微博类型', 1, 1409121894, 'InsertLocalVideo'),
(49, 'repost', '转发钩子', 1, 1403668286, ''),
(50, 'syncLogin', '第三方登陆位置', 1, 1403700579, 'SyncLogin'),
(51, 'syncMeta', '第三方登陆meta接口', 1, 1403700633, 'SyncLogin'),
(52, 'J_China_City', '每个系统都需要的一个中国省市区三级联动插件。', 1, 1403841931, 'ChinaCity'),
(54, 'imageSlider', '图片轮播钩子', 1, 1407144022, ''),
(55, 'friendLink', '友情链接插件', 1, 1407156413, 'SuperLinks'),
(56, 'beforeSendWeibo', '在发微博之前预处理微博', 2, 1408084504, 'InsertFile'),
(57, 'beforeSendRepost', '转发微博前的预处理钩子', 2, 1408085689, ''),
(58, 'parseWeiboContent', '解析微博内容钩子', 2, 1409121261, ''),
(59, 'userConfig', '用户配置页面钩子', 1, 1417137557, 'SyncLogin'),
(60, 'weiboSide', '微博侧边钩子', 1, 1417063425, 'Retopic,Recommend'),
(61, 'personalMenus', '顶部导航栏个人下拉菜单', 1, 1417146501, ''),
(62, 'dealPicture', '上传图片处理', 2, 1417139975, ''),
(63, 'ucenterSideMenu', '用户中心左侧菜单', 1, 1417161205, ''),
(64, 'afterTop', '顶部导航之后的钩子，调用公告等', 1, 1429671392, ''),
(65, 'report', '举报钩子', 1, 1429511732, 'Report'),
(66, 'handleAction', '行为的额外操作', 2, 1433300260, 'CheckIn'),
(67, 'uploadDriver', '附件图片上传引擎', 2, 1435306269, ''),
(68, 'sms', '短信插件钩子', 2, 1437382105, ''),
(69, 'filterHtmlContent', '渲染富文本', 2, 1441951420, ''),
(70, 'parseContent', '解析内容', 2, 1445828128, 'Sensitive'),
(71, 'tool', '返回顶部，右下角工具栏', 1, 1445828128, ''),
(72, 'homeIndex', '网站首页', 2, 1445828128, '');

-- --------------------------------------------------------

--
-- 表的结构 `ocenter_iexpression`
--

CREATE TABLE IF NOT EXISTS `ocenter_iexpression` (
  `id` int(11) NOT NULL,
  `path` varchar(200) NOT NULL,
  `driver` varchar(50) NOT NULL,
  `md5` varchar(32) NOT NULL,
  `create_time` int(11) NOT NULL
) ENGINE=MyISAM DEFAULT CHARSET=utf8;

-- --------------------------------------------------------

--
-- 表的结构 `ocenter_iexpression_link`
--

CREATE TABLE IF NOT EXISTS `ocenter_iexpression_link` (
  `id` int(11) NOT NULL,
  `iexpression_id` int(11) NOT NULL,
  `uid` int(10) NOT NULL
) ENGINE=MyISAM DEFAULT CHARSET=utf8;

-- --------------------------------------------------------

--
-- 表的结构 `ocenter_invite`
--

CREATE TABLE IF NOT EXISTS `ocenter_invite` (
  `id` int(11) NOT NULL COMMENT 'PRIMARY_KEY',
  `invite_type` int(11) NOT NULL COMMENT '邀请类型id',
  `code` varchar(25) NOT NULL COMMENT '邀请码',
  `uid` int(11) NOT NULL COMMENT '用户id',
  `can_num` int(10) NOT NULL COMMENT '可以注册用户（含升级）',
  `already_num` int(10) NOT NULL COMMENT '已经注册用户（含升级）',
  `end_time` int(11) NOT NULL COMMENT '有效期至',
  `status` tinyint(2) NOT NULL COMMENT '0：已用完，1：还可注册，2：用户取消邀请，-1：管理员删除',
  `create_time` int(11) NOT NULL COMMENT '创建时间'
) ENGINE=MyISAM AUTO_INCREMENT=11 DEFAULT CHARSET=utf8 COMMENT='邀请码表';

--
-- 转存表中的数据 `ocenter_invite`
--

INSERT INTO `ocenter_invite` (`id`, `invite_type`, `code`, `uid`, `can_num`, `already_num`, `end_time`, `status`, `create_time`) VALUES
(1, 1, 'M9TR2PPaHWY', 1, 100000, 0, 1818494575, 1, 1502961774),
(2, 1, 'MkEdDcZAJ15', 100, 100000, 0, 1871799395, 1, 1556180195),
(3, 1, 'gBKNTafXTaQ', 101, 100000, 0, 1873358639, 1, 1557739439),
(4, 1, 'YAJiSZRw0lC', 102, 100000, 0, 1873696515, 1, 1558077315),
(5, 1, '3yAnW7CkT81', 103, 100000, 0, 1873696713, 1, 1558077513),
(6, 1, 'e4XZcbmQguZ', 104, 100000, 0, 1873696885, 1, 1558077685),
(7, 1, 'OkLgnW70bCX', 105, 100000, 0, 1873696973, 1, 1558077773),
(8, 1, 'ah1fZ8rcaXz', 106, 100000, 0, 1873697080, 1, 1558077880),
(9, 1, 'HTvJEJKFQQH', 107, 100000, 0, 1873697292, 1, 1558078092),
(10, 1, '2AW4MXeSKGQ', 108, 100000, 0, 1873950883, 1, 1558331683);

-- --------------------------------------------------------

--
-- 表的结构 `ocenter_invite_buy_log`
--

CREATE TABLE IF NOT EXISTS `ocenter_invite_buy_log` (
  `id` int(11) NOT NULL COMMENT 'PRIMARY_KEY',
  `invite_type` int(11) NOT NULL COMMENT '邀请类型id',
  `uid` int(11) NOT NULL COMMENT '用户id',
  `num` int(10) NOT NULL COMMENT '可邀请名额',
  `content` varchar(200) NOT NULL COMMENT '记录信息',
  `create_time` int(11) NOT NULL COMMENT '创建时间（做频率用）'
) ENGINE=MyISAM DEFAULT CHARSET=utf8 COMMENT='用户购买邀请名额记录';

-- --------------------------------------------------------

--
-- 表的结构 `ocenter_invite_log`
--

CREATE TABLE IF NOT EXISTS `ocenter_invite_log` (
  `id` int(11) NOT NULL COMMENT 'PRIMARY_KEY',
  `uid` int(11) NOT NULL COMMENT '用户id',
  `inviter_id` int(11) NOT NULL COMMENT '邀请人id',
  `invite_id` int(11) NOT NULL COMMENT '邀请码id',
  `content` varchar(200) NOT NULL COMMENT '记录内容',
  `create_time` int(11) NOT NULL COMMENT '创建时间'
) ENGINE=MyISAM DEFAULT CHARSET=utf8 COMMENT='邀请注册成功记录表';

-- --------------------------------------------------------

--
-- 表的结构 `ocenter_invite_type`
--

CREATE TABLE IF NOT EXISTS `ocenter_invite_type` (
  `id` int(11) NOT NULL COMMENT 'PRIMARY_KEY',
  `title` varchar(25) NOT NULL COMMENT '标题',
  `length` int(10) NOT NULL DEFAULT '11' COMMENT '验证码长度',
  `time` varchar(50) NOT NULL COMMENT '有效时长，带单位的时间',
  `cycle_num` int(10) NOT NULL COMMENT '周期内可购买个数',
  `cycle_time` varchar(50) NOT NULL COMMENT '周期时长，带单位的时间',
  `roles` varchar(50) NOT NULL COMMENT '绑定角色ids',
  `auth_groups` varchar(50) NOT NULL COMMENT '允许购买的权限组ids',
  `pay_score` int(10) NOT NULL COMMENT '购买消耗积分',
  `pay_score_type` int(11) NOT NULL COMMENT '购买消耗积分类型',
  `income_score` int(10) NOT NULL COMMENT '每邀请成功一个用户，邀请者增加积分',
  `income_score_type` int(11) NOT NULL COMMENT '邀请成功后增加积分类型id',
  `is_follow` tinyint(2) NOT NULL COMMENT '邀请成功后是否互相关注',
  `status` tinyint(2) NOT NULL,
  `create_time` int(11) NOT NULL COMMENT '创建时间',
  `update_time` int(11) NOT NULL COMMENT '更新时间'
) ENGINE=MyISAM AUTO_INCREMENT=2 DEFAULT CHARSET=utf8 COMMENT='邀请注册码类型表';

--
-- 转存表中的数据 `ocenter_invite_type`
--

INSERT INTO `ocenter_invite_type` (`id`, `title`, `length`, `time`, `cycle_num`, `cycle_time`, `roles`, `auth_groups`, `pay_score`, `pay_score_type`, `income_score`, `income_score_type`, `is_follow`, `status`, `create_time`, `update_time`) VALUES
(1, '系统默认邀请码', 11, '10 year', 1, '1 second', '[1]', '[1],[2]', 0, 1, 0, 1, 1, 1, 1466749163, 1471247871);

-- --------------------------------------------------------

--
-- 表的结构 `ocenter_invite_user_info`
--

CREATE TABLE IF NOT EXISTS `ocenter_invite_user_info` (
  `id` int(11) NOT NULL COMMENT 'PRIMARY_KEY',
  `invite_type` int(11) NOT NULL COMMENT '邀请类型id',
  `uid` int(11) NOT NULL COMMENT '用户id',
  `num` int(11) NOT NULL COMMENT '可邀请名额',
  `already_num` int(11) NOT NULL COMMENT '已邀请名额',
  `success_num` int(11) NOT NULL COMMENT '成功邀请名额'
) ENGINE=MyISAM DEFAULT CHARSET=utf8 COMMENT='邀请注册用户信息';

-- --------------------------------------------------------

--
-- 表的结构 `ocenter_local_comment`
--

CREATE TABLE IF NOT EXISTS `ocenter_local_comment` (
  `id` int(11) NOT NULL,
  `uid` int(11) NOT NULL,
  `app` text NOT NULL,
  `mod` text NOT NULL,
  `row_id` int(11) NOT NULL,
  `parse` int(11) NOT NULL,
  `content` varchar(1000) NOT NULL,
  `create_time` int(11) NOT NULL,
  `pid` int(11) NOT NULL,
  `status` int(11) NOT NULL,
  `ip` bigint(20) NOT NULL,
  `area` varchar(30) NOT NULL
) ENGINE=MyISAM AUTO_INCREMENT=6 DEFAULT CHARSET=utf8;

--
-- 转存表中的数据 `ocenter_local_comment`
--

INSERT INTO `ocenter_local_comment` (`id`, `uid`, `app`, `mod`, `row_id`, `parse`, `content`, `create_time`, `pid`, `status`, `ip`, `area`) VALUES
(1, 101, 'Video', 'VideoContent', 71, 0, '11', 1557998091, 0, 1, 3232235929, ''),
(2, 1, 'Video', 'VideoContent', 70, 0, '11', 1558079237, 0, 1, 3232235929, ''),
(3, 106, 'Video', 'VideoContent', 75, 0, '111', 1558151503, 0, 1, 3232235929, ''),
(4, 106, 'Album', 'AlbumComment', 20, 0, '11', 1558162745, 0, 1, 3232235929, ''),
(5, 106, 'Album', 'AlbumComment', 20, 0, '11', 1558162747, 0, 1, 3232235929, '');

-- --------------------------------------------------------

--
-- 表的结构 `ocenter_member`
--

CREATE TABLE IF NOT EXISTS `ocenter_member` (
  `uid` int(10) unsigned NOT NULL COMMENT '用户ID',
  `nickname` char(32) NOT NULL DEFAULT '' COMMENT '昵称',
  `sex` tinyint(3) unsigned NOT NULL DEFAULT '0' COMMENT '性别',
  `birthday` date NOT NULL DEFAULT '0000-00-00' COMMENT '生日',
  `qq` char(10) NOT NULL DEFAULT '' COMMENT 'qq号',
  `login` int(10) unsigned NOT NULL DEFAULT '0' COMMENT '登录次数',
  `reg_ip` bigint(20) NOT NULL DEFAULT '0' COMMENT '注册IP',
  `reg_time` int(10) unsigned NOT NULL DEFAULT '0' COMMENT '注册时间',
  `last_login_ip` bigint(20) NOT NULL DEFAULT '0' COMMENT '最后登录IP',
  `last_login_time` int(10) unsigned NOT NULL DEFAULT '0' COMMENT '最后登录时间',
  `status` tinyint(4) NOT NULL DEFAULT '0' COMMENT '会员状态',
  `last_login_role` int(11) NOT NULL,
  `show_role` int(11) NOT NULL COMMENT '个人主页显示角色',
  `signature` text NOT NULL,
  `pos_province` int(11) NOT NULL,
  `pos_city` int(11) NOT NULL,
  `pos_district` int(11) NOT NULL,
  `pos_community` int(11) NOT NULL,
  `score1` double DEFAULT '0' COMMENT '用户积分',
  `score2` double DEFAULT '0' COMMENT 'score2',
  `score3` double DEFAULT '0' COMMENT 'score3',
  `score4` double DEFAULT '0' COMMENT 'score4',
  `con_check` int(11) NOT NULL DEFAULT '0',
  `total_check` int(11) NOT NULL DEFAULT '0',
  `fans` int(11) NOT NULL DEFAULT '0' COMMENT '粉丝数',
  `session_id` varchar(225) NOT NULL,
  `alive_line` int(11) NOT NULL DEFAULT '0' COMMENT '用户禁用时间至该值'
) ENGINE=MyISAM AUTO_INCREMENT=109 DEFAULT CHARSET=utf8 COMMENT='会员表';

--
-- 转存表中的数据 `ocenter_member`
--

INSERT INTO `ocenter_member` (`uid`, `nickname`, `sex`, `birthday`, `qq`, `login`, `reg_ip`, `reg_time`, `last_login_ip`, `last_login_time`, `status`, `last_login_role`, `show_role`, `signature`, `pos_province`, `pos_city`, `pos_district`, `pos_community`, `score1`, `score2`, `score3`, `score4`, `con_check`, `total_check`, `fans`, `session_id`, `alive_line`) VALUES
(1, '肥丿肥', 0, '0000-00-00', '', 132, 0, 1555554076, 3232235843, 1558401400, 1, 1, 1, '这个家伙特别的懒，什么信息都没有留下啊！', 610000, 610100, 610101, 0, 151, 0, 0, 0, 0, 2, 3, '6h9gdb44cbcp8lllakc8mn9tk3', 0),
(100, '肥肥', 0, '0000-00-00', '', 1, 3232235777, 1556180195, 3232235777, 1556180195, 1, 1, 1, '', 0, 0, 0, 0, 14, 0, 0, 0, 0, 0, 2, '0slu0gmj4ak4vg4skvr5ktj0d7', 0),
(101, 'Alina', 0, '0000-00-00', '', 44, 3232235929, 1557739439, 3232235929, 1558342874, 1, 1, 1, '中国霸气回应：谈，大门敞开；打，奉陪到底！', 0, 0, 0, 0, 83, 0, 0, 0, 0, 1, 1, 'utkc7kr02nmdidnj6grr3s6ej1', 0),
(102, '阿涛', 0, '0000-00-00', '', 1, 3232235819, 1558077315, 3232235819, 1558077315, 1, 1, 1, '', 0, 0, 0, 0, 12, 0, 0, 0, 0, 0, 0, 'svf1sn51b0l4kfa99mf5f4csg3', 0),
(103, '囡囡', 0, '0000-00-00', '', 1, 3232235929, 1558077513, 3232235929, 1558077513, 1, 1, 1, '', 0, 0, 0, 0, 12, 0, 0, 0, 0, 0, 0, 'utkc7kr02nmdidnj6grr3s6ej1', 0),
(104, '欢子', 0, '0000-00-00', '', 1, 3232235929, 1558077685, 3232235929, 1558077685, 1, 1, 1, '', 0, 0, 0, 0, 12, 0, 0, 0, 0, 0, 0, 'utkc7kr02nmdidnj6grr3s6ej1', 0),
(105, '强子', 0, '0000-00-00', '', 1, 3232235929, 1558077773, 3232235929, 1558077773, 1, 1, 1, '', 0, 0, 0, 0, 12, 0, 0, 0, 0, 0, 0, 'utkc7kr02nmdidnj6grr3s6ej1', 0),
(106, '阿俊', 0, '0000-00-00', '', 41, 3232235929, 1558077880, 3232235799, 1558576955, 1, 1, 1, '', 0, 0, 0, 0, 88, 0, 0, 0, 0, 2, 0, '3jknjvutqf6ffhh04v7fohi625', 0),
(107, '小敏', 0, '0000-00-00', '', 1, 3232235929, 1558078092, 3232235929, 1558078092, 1, 1, 1, '', 0, 0, 0, 0, 12, 0, 0, 0, 0, 0, 1, 'utkc7kr02nmdidnj6grr3s6ej1', 0),
(108, '111111', 0, '0000-00-00', '', 4, 3232235803, 1558331683, 3232235803, 1558333056, 1, 1, 1, '', 0, 0, 0, 0, 10, 0, 0, 0, 0, 0, 0, '27geepscsd3o19f19ad5c76eh6', 0);

-- --------------------------------------------------------

--
-- 表的结构 `ocenter_menu`
--

CREATE TABLE IF NOT EXISTS `ocenter_menu` (
  `id` int(10) unsigned NOT NULL COMMENT '文档ID',
  `title` varchar(50) NOT NULL DEFAULT '' COMMENT '标题',
  `pid` int(10) unsigned NOT NULL DEFAULT '0' COMMENT '上级分类ID',
  `sort` int(10) unsigned NOT NULL DEFAULT '0' COMMENT '排序（同级有效）',
  `url` char(255) NOT NULL DEFAULT '' COMMENT '链接地址',
  `hide` tinyint(1) unsigned NOT NULL DEFAULT '0' COMMENT '是否隐藏',
  `tip` varchar(255) NOT NULL DEFAULT '' COMMENT '提示',
  `group` varchar(50) DEFAULT '' COMMENT '分组',
  `is_dev` tinyint(1) unsigned NOT NULL DEFAULT '0' COMMENT '是否仅开发者模式可见',
  `icon` varchar(20) NOT NULL COMMENT '导航图标',
  `module` varchar(50) NOT NULL
) ENGINE=MyISAM AUTO_INCREMENT=10136 DEFAULT CHARSET=utf8;

--
-- 转存表中的数据 `ocenter_menu`
--

INSERT INTO `ocenter_menu` (`id`, `title`, `pid`, `sort`, `url`, `hide`, `tip`, `group`, `is_dev`, `icon`, `module`) VALUES
(1, '首页', 0, 1, 'Index/index', 0, '', '', 0, 'home', ''),
(2, '用户与身份', 0, 2, 'User/index', 0, '', '', 0, 'user', ''),
(3, '用户信息', 2, 2, 'User/index', 0, '', '用户配置', 0, '', ''),
(4, '积分规则', 197, 3, 'User/action', 0, '', '行为与积分', 0, '', ''),
(5, '新增用户行为', 4, 0, 'User/addaction', 0, '', '', 0, '', ''),
(6, '编辑用户行为', 4, 0, 'User/editaction', 0, '', '', 0, '', ''),
(7, '保存用户行为', 4, 0, 'User/saveAction', 0, '"用户->用户行为"保存编辑和新增的用户行为', '', 0, '', ''),
(8, '变更行为状态', 4, 0, 'User/setStatus', 0, '"用户->用户行为"中的启用,禁用和删除权限', '', 0, '', ''),
(9, '禁用会员', 4, 0, 'User/changeStatus?method=forbidUser', 0, '"用户->用户信息"中的禁用', '', 0, '', ''),
(10, '启用会员', 4, 0, 'User/changeStatus?method=resumeUser', 0, '"用户->用户信息"中的启用', '', 0, '', ''),
(11, '删除会员', 4, 0, 'User/changeStatus?method=deleteUser', 0, '"用户->用户信息"中的删除', '', 0, '', ''),
(12, '权限组管理', 2, 5, 'AuthManager/index', 0, '', '用户配置', 0, '', ''),
(13, '删除', 12, 0, 'AuthManager/changeStatus?method=deleteGroup', 0, '删除权限组', '', 1, '', ''),
(14, '禁用', 12, 0, 'AuthManager/changeStatus?method=forbidGroup', 0, '禁用权限组', '', 1, '', ''),
(15, '恢复', 12, 0, 'AuthManager/changeStatus?method=resumeGroup', 0, '恢复已禁用的权限组', '', 1, '', ''),
(16, '新增', 12, 0, 'AuthManager/createGroup', 0, '创建新的权限组', '', 1, '', ''),
(17, '编辑', 12, 0, 'AuthManager/editGroup', 0, '编辑权限组名称和描述', '', 1, '', ''),
(18, '保存权限组', 12, 0, 'AuthManager/writeGroup', 0, '新增和编辑权限组的"保存"按钮', '', 0, '', ''),
(19, '授权', 12, 0, 'AuthManager/group', 0, '"后台 \\ 用户 \\ 用户信息"列表页的"授权"操作按钮,用于设置用户所属权限组', '', 0, '', ''),
(20, '访问授权', 12, 0, 'AuthManager/access', 0, '"后台 \\ 用户 \\ 权限管理"列表页的"访问授权"操作按钮', '', 0, '', ''),
(21, '成员授权', 12, 0, 'AuthManager/user', 0, '"后台 \\ 用户 \\ 权限管理"列表页的"成员授权"操作按钮', '', 0, '', ''),
(22, '解除授权', 12, 0, 'AuthManager/removeFromGroup', 0, '"成员授权"列表页内的解除授权操作按钮', '', 0, '', ''),
(23, '保存成员授权', 12, 0, 'AuthManager/addToGroup', 0, '"用户信息"列表页"授权"时的"保存"按钮和"成员授权"里右上角的"添加"按钮)', '', 0, '', ''),
(24, '分类授权', 12, 0, 'AuthManager/category', 0, '"后台 \\ 用户 \\ 权限管理"列表页的"分类授权"操作按钮', '', 0, '', ''),
(25, '保存分类授权', 12, 0, 'AuthManager/addToCategory', 0, '"分类授权"页面的"保存"按钮', '', 0, '', ''),
(26, '模型授权', 12, 0, 'AuthManager/modelauth', 0, '"后台 \\ 用户 \\ 权限管理"列表页的"模型授权"操作按钮', '', 0, '', ''),
(27, '保存模型授权', 12, 0, 'AuthManager/addToModel', 0, '"分类授权"页面的"保存"按钮', '', 0, '', ''),
(28, '新增权限节点', 12, 0, 'AuthManager/addNode', 1, '', '', 1, '', ''),
(29, '前台权限管理', 12, 0, 'AuthManager/accessUser', 1, '', '权限管理', 0, '', ''),
(30, '删除权限节点', 12, 0, 'AuthManager/deleteNode', 1, '', '', 1, '', ''),
(31, '行为日志', 197, 4, 'Action/actionlog', 0, '', '行为与积分', 0, '', ''),
(32, '查看行为日志', 31, 0, 'action/edit', 1, '', '', 0, '', ''),
(33, '修改密码', 2, 3, 'User/updatePassword', 1, '', '', 0, '', ''),
(34, '修改昵称', 2, 4, 'User/updateNickname', 1, '', '', 0, '', ''),
(35, '查看用户', 2, 1, 'Rank/userList', 0, '', '头衔管理', 0, '', ''),
(36, '用户头衔列表', 35, 0, 'Rank/userRankList', 1, '', '', 0, '', ''),
(37, '关联新头衔', 35, 0, 'Rank/userAddRank', 1, '', '', 0, '', ''),
(38, '编辑头衔关联', 35, 0, 'Rank/userChangeRank', 1, '', '', 0, '', ''),
(39, '扩展资料', 2, 3, 'User/profile', 0, '', '标签与资料', 0, '', ''),
(40, '添加、编辑分组', 39, 0, 'Admin/User/editProfile', 0, '', '', 0, '', ''),
(41, '分组排序', 39, 0, 'Admin/User/sortProfile', 0, '', '', 0, '', ''),
(42, '字段列表', 39, 0, 'Admin/User/field', 0, '', '', 0, '', ''),
(43, '添加、编辑字段', 39, 0, 'Admin/User/editFieldSetting', 0, '', '', 0, '', ''),
(44, '字段排序', 39, 0, 'Admin/User/sortField', 0, '', '', 0, '', ''),
(45, '用户扩展资料列表', 2, 7, 'User/expandinfo_select', 0, '', '标签与资料', 0, '', ''),
(46, '扩展资料详情', 45, 0, 'User/expandinfo_details', 0, '', '', 0, '', ''),
(47, '待审核用户头衔', 2, 2, 'Rank/rankVerify', 0, '', '头衔管理', 0, '', ''),
(48, '被驳回的头衔申请', 2, 3, 'Rank/rankVerifyFailure', 0, '', '头衔管理', 0, '', ''),
(49, '转移权限组', 2, 7, 'User/changeGroup', 1, '批量转移权限组', '', 0, '', ''),
(50, '基础配置', 2, 1, 'UserConfig/index', 0, '', '用户配置', 0, '', ''),
(51, '积分类型', 197, 1, 'User/scoreList', 0, '', '行为与积分', 0, '', ''),
(52, '新增/编辑类型', 197, 2, 'User/editScoreType', 1, '', '行为与积分', 0, '', ''),
(53, '充值积分', 197, 5, 'User/recharge', 1, '', '', 0, '用户管理', ''),
(54, '头衔列表', 2, 6, 'Rank/index', 0, '', '头衔管理', 0, '', ''),
(55, '添加头衔', 54, 2, 'Rank/editRank', 1, '', '头衔管理', 0, '', ''),
(57, '插件管理', 105, 4, 'Addons/index', 0, '', '本地', 0, '', ''),
(58, '钩子管理', 57, 2, 'Addons/hooks', 0, '', '本地', 0, '', ''),
(59, '创建', 57, 0, 'Addons/create', 0, '服务器上创建插件结构向导', '', 0, '', ''),
(60, '检测创建', 57, 0, 'Addons/checkForm', 0, '检测插件是否可以创建', '', 0, '', ''),
(61, '预览', 57, 0, 'Addons/preview', 0, '预览插件定义类文件', '', 0, '', ''),
(62, '快速生成插件', 57, 0, 'Addons/build', 0, '开始生成插件结构', '', 0, '', ''),
(64, '设置', 57, 0, 'Addons/config', 0, '设置插件配置', '', 0, '', ''),
(65, '禁用', 57, 0, 'Addons/disable', 0, '禁用插件', '', 0, '', ''),
(66, '启用', 57, 0, 'Addons/enable', 0, '启用插件', '', 0, '', ''),
(67, '安装', 57, 0, 'Addons/install', 0, '安装插件', '', 0, '', ''),
(68, '卸载', 57, 0, 'Addons/uninstall', 0, '卸载插件', '', 0, '', ''),
(69, '更新配置', 57, 0, 'Addons/saveconfig', 0, '更新插件配置处理', '', 0, '', ''),
(70, '插件后台列表', 57, 0, 'Addons/adminList', 0, '', '', 0, '', ''),
(71, 'URL方式访问插件', 57, 0, 'Addons/execute', 0, '控制是否有权限通过url访问插件控制器方法', '', 0, '', ''),
(72, '新增钩子', 58, 0, 'Addons/addHook', 0, '', '', 0, '', ''),
(73, '编辑钩子', 58, 0, 'Addons/edithook', 0, '', '', 0, '', ''),
(74, '系统', 0, 7, 'Config/group', 0, '', '', 0, 'windows', ''),
(75, '网站设置', 74, 1, 'Config/group', 0, '', '网站设置', 0, '', ''),
(76, '配置管理', 74, 7, 'Config/index', 0, '', '网站设置', 0, '', ''),
(77, '编辑', 76, 0, 'Config/edit', 0, '新增编辑和保存配置', '', 0, '', ''),
(78, '删除', 76, 0, 'Config/del', 0, '删除配置', '', 0, '', ''),
(79, '新增', 76, 0, 'Config/add', 0, '新增配置', '', 0, '', ''),
(80, '保存', 76, 0, 'Config/save', 0, '保存配置', '', 0, '', ''),
(81, '排序', 76, 0, 'Config/sort', 1, '', '', 0, '', ''),
(82, '后台菜单管理', 74, 6, 'Menu/index', 0, '', '导航管理', 1, '', ''),
(83, '新增', 82, 0, 'Menu/add', 0, '', '系统设置', 0, '', ''),
(84, '编辑', 82, 0, 'Menu/edit', 0, '', '', 0, '', ''),
(85, '导入', 82, 0, 'Menu/import', 0, '', '', 0, '', ''),
(86, '排序', 82, 0, 'Menu/sort', 1, '', '', 0, '', ''),
(87, '顶部导航', 74, 3, 'Channel/index', 0, '', '导航管理', 0, '', ''),
(88, '新增', 87, 0, 'Channel/add', 0, '', '', 0, '', ''),
(89, '编辑', 87, 0, 'Channel/edit', 0, '', '', 0, '', ''),
(90, '删除', 87, 0, 'Channel/del', 0, '', '', 0, '', ''),
(91, '排序', 87, 0, 'Channel/sort', 1, '', '', 0, '', ''),
(92, '备份数据库', 74, 8, 'Database/index?type=export', 0, '', '网站数据管理', 0, '', ''),
(93, '备份', 92, 0, 'Database/export', 0, '备份数据库', '', 0, '', ''),
(94, '优化表', 92, 0, 'Database/optimize', 0, '优化数据表', '', 0, '', ''),
(95, '修复表', 92, 0, 'Database/repair', 0, '修复数据表', '', 0, '', ''),
(96, '还原数据库', 74, 9, 'Database/index?type=import', 0, '', '网站数据管理', 0, '', ''),
(97, '恢复', 96, 0, 'Database/import', 0, '数据库恢复', '', 0, '', ''),
(98, '删除', 96, 0, 'Database/del', 0, '删除备份文件', '', 0, '', ''),
(99, 'SEO规则管理', 197, 8, 'SEO/index', 0, '', 'SEO管理', 0, '', ''),
(100, '新增、编辑', 99, 0, 'SEO/editRule', 0, '', '', 0, '', ''),
(101, '排序', 99, 0, 'SEO/sortRule', 1, '', '', 0, '', ''),
(102, 'SEO规则回收站', 197, 9, 'SEO/ruleTrash', 0, '', 'SEO管理', 0, '', ''),
(103, '全部补丁', 74, 16, 'Update/quick', 1, '', '升级补丁', 0, '', ''),
(104, '新增补丁', 74, 15, 'Update/addpack', 1, '', '升级补丁', 0, '', ''),
(105, '扩展', 0, 11, 'Cloud/index', 0, '', '', 0, 'cloud', ''),
(106, '模块安装', 105, 3, 'module/install', 1, '', '本地', 0, '', ''),
(107, '模块管理', 105, 5, 'module/lists', 0, '', '本地', 0, '', ''),
(108, '卸载模块', 105, 7, 'module/uninstall', 1, '', '本地', 0, '', ''),
(109, '授权', 0, 6, 'authorize/ssoSetting', 0, '', '', 1, 'lock', ''),
(110, '单点登录配置', 109, 0, 'Authorize/ssoSetting', 0, '', '单点登录', 1, '', ''),
(111, '应用列表', 109, 0, 'Authorize/ssolist', 0, '', '单点登录', 1, '', ''),
(112, '新增/编辑应用', 109, 0, 'authorize/editssoapp', 1, '', '单点登录', 1, '', ''),
(114, '用户行为', 197, 6, 'ActionLimit/limitList', 0, '', '行为与积分', 0, '', ''),
(115, '新增/编辑行为限制', 197, 7, 'ActionLimit/editLimit', 1, '', '行为与积分', 0, '', ''),
(117, '身份列表', 2, 1, 'Role/index', 0, '', '身份管理', 0, '', ''),
(118, '编辑身份', 2, 2, 'Role/editRole', 1, '', '身份管理', 0, '', ''),
(119, '启用、禁用、删除身份', 2, 3, 'Role/setStatus', 1, '', '身份管理', 0, '', ''),
(120, '身份排序', 2, 4, 'Role/sort', 1, '', '身份管理', 0, '', ''),
(121, '默认积分配置', 117, 0, 'Role/configScore', 1, '', '', 0, '', ''),
(122, '默认权限配置', 117, 0, 'Role/configAuth', 1, '', '', 0, '', ''),
(123, '默认头像配置', 117, 0, 'Role/configAvatar', 1, '', '', 0, '', ''),
(124, '默认头衔配置', 117, 0, 'Role/configRank', 1, '', '', 0, '', ''),
(125, '默认字段管理', 117, 0, 'Role/configField', 1, '', '', 0, '', ''),
(126, '身份分组', 2, 5, 'Role/group', 0, '', '身份管理', 0, '', ''),
(127, '编辑分组', 126, 0, 'Role/editGroup', 1, '', '', 0, '', ''),
(128, '删除分组', 126, 0, 'Role/deleteGroup', 1, '', '', 0, '', ''),
(129, '身份基本信息配置', 2, 6, 'Role/config', 1, '', '身份管理', 0, '', ''),
(130, '用户身份归属列表', 2, 7, 'Role/userList', 0, '', '身份管理', 0, '', ''),
(131, '设置用户状态', 130, 0, 'Role/setUserStatus', 1, '', '', 0, '', ''),
(132, '审核用户', 130, 0, 'Role/setUserAudit', 1, '', '', 0, '', ''),
(133, '迁移用户', 130, 0, 'Role/changeRole', 1, '', '', 0, '', ''),
(134, '上传默认头像', 123, 0, 'Role/uploadPicture', 1, '', '', 0, '', ''),
(135, '邀请码类型', 197, 8, 'Invite/index', 0, '', '邀请注册管理', 0, '', ''),
(136, '邀请码管理', 197, 9, 'Invite/invite', 0, '', '邀请注册管理', 0, '', ''),
(138, '兑换记录', 197, 11, 'Invite/buyLog', 0, '', '邀请注册管理', 0, '', ''),
(139, '用户邀请记录', 197, 12, 'Invite/inviteLog', 0, '', '邀请注册管理', 0, '', ''),
(140, '邀请码列表', 197, 13, 'Invite/userInfo', 0, '', '邀请注册管理', 0, '', ''),
(141, '编辑邀请注册类型', 135, 0, 'Invite/edit', 1, '', '', 0, '', ''),
(142, '删除邀请', 135, 0, 'Invite/setStatus', 1, '', '', 0, '', ''),
(143, '删除邀请码', 136, 0, 'Invite/delete', 1, '', '', 0, '', ''),
(144, '生成邀请码', 136, 0, 'Invite/createCode', 1, '', '', 0, '', ''),
(145, '删除无用邀请码', 136, 0, 'Invite/deleteTrue', 1, '', '', 0, '', ''),
(146, '导出cvs', 136, 0, 'Invite/cvs', 1, '', '', 0, '', ''),
(147, '用户信息编辑', 140, 0, 'Invite/editUserInfo', 1, '', '', 0, '', ''),
(148, '删除日志', 31, 0, 'Action/remove', 1, '', '', 0, '', ''),
(149, '清空日志', 31, 0, 'Action/clear', 1, '', '', 0, '', ''),
(150, '设置积分状态', 51, 0, 'User/setTypeStatus', 1, '', '', 0, '', ''),
(151, '删除积分类型', 51, 0, 'User/delType', 1, '', '', 0, '', ''),
(152, '充值积分-获取用户昵称', 53, 0, 'User/getNickname', 1, '', '', 0, '', ''),
(153, '删除菜单', 82, 0, 'Menu/del', 1, '', '', 0, '', ''),
(154, '设置开发者模式可见', 82, 0, 'Menu/toogleDev', 1, '', '', 0, '', ''),
(155, '设置显示隐藏', 82, 0, 'Menu/toogleHide', 1, '', '', 0, '', ''),
(156, '行为限制启用、禁用、删除', 114, 0, 'ActionLimit/setLimitStatus', 1, '', '', 0, '', ''),
(157, '启用、禁用、删除、回收站还原', 99, 0, 'SEO/setRuleStatus', 1, '', '', 0, '', ''),
(158, '回收站彻底删除', 102, 0, 'SEO/doClear', 1, '', '', 0, '', ''),
(159, '初始化无角色用户', 130, 0, 'Role/initUnhaveUser', 1, '', '', 0, '', ''),
(160, '删除钩子', 58, 0, 'Addons/delHook', 0, '', '', 0, '', ''),
(161, '使用补丁', 103, 0, 'Update/usePack', 1, '', '', 0, '', ''),
(162, '查看补丁', 103, 0, 'Update/view', 1, '', '', 0, '', ''),
(163, '删除补丁', 103, 0, 'Update/delPack', 1, '', '', 0, '', ''),
(164, '用户标签列表', 2, 4, 'UserTag/userTag', 0, '', '标签与资料', 0, '', ''),
(165, '添加分类、标签', 164, 0, 'UserTag/add', 1, '', '', 0, '', ''),
(166, '设置分类、标签状态', 164, 0, 'UserTag/setStatus', 1, '', '', 0, '', ''),
(167, '分类、标签回收站', 164, 0, 'UserTag/tagTrash', 1, '', '', 0, '', ''),
(168, '测底删除回收站内容', 164, 0, 'UserTag/userTagClear', 1, '', '', 0, '', ''),
(169, '可拥有标签配置', 2, 14, 'role/configusertag', 1, '', '标签与资料', 0, '', ''),
(170, '编辑模块', 107, 0, 'Module/edit', 1, '', '模块管理', 0, '', ''),
(171, '网站信息', 74, 2, 'Config/website', 0, '', '网站设置', 0, '', ''),
(172, '主题管理', 105, 6, 'Theme/tpls', 0, '', '本地', 0, '', ''),
(173, '使用主题', 105, 8, 'Theme/setTheme', 1, '', '本地', 0, '', ''),
(174, '查看主题', 105, 9, 'Theme/lookTheme', 1, '', '本地', 0, '', ''),
(175, '主题打包下载', 105, 10, 'Theme/packageDownload', 1, '', '本地', 0, '', ''),
(176, '卸载删除主题', 105, 11, 'Theme/delete', 1, '', '本地', 0, '', ''),
(177, '上传安装主题', 105, 12, 'Theme/add', 1, '', '本地', 0, '', ''),
(178, '云市场', 105, 1, 'Cloud/index', 0, '', '云市场', 0, '', ''),
(197, '运营', 0, 4, 'Super_links/index', 0, '', '', 0, 'laptop', ''),
(198, '群发消息用户列表', 74, 99, 'message/userList', 0, '', '群发消息', 0, '', ''),
(199, '群发消息', 197, 5, 'message/sendMessage', 1, '', '群发消息', 0, '', ''),
(200, '在线安装', 178, 0, 'Cloud/install', 1, '', '', 0, '', ''),
(201, '重置用户密码', 3, 0, 'User/initpass', 1, '', '', 0, '', ''),
(202, '自动升级', 105, 2, 'Cloud/update', 0, '', '云市场', 0, '', ''),
(203, '获取版本信息', 202, 0, 'Cloud/version', 1, '', '', 0, '', ''),
(204, '获取文件列表', 202, 0, 'Cloud/getFileList', 1, '', '', 0, '', ''),
(205, '比较本地文件', 202, 0, 'Cloud/compare', 1, '', '', 0, '', ''),
(206, '覆盖文件', 202, 0, 'Cloud/cover', 1, '', '', 0, '', ''),
(207, '更新数据库', 202, 0, 'Cloud/updb', 1, '', '', 0, '', ''),
(208, '更新完成', 202, 0, 'Cloud/finish', 1, '', '', 0, '', ''),
(209, '表情设置', 197, 4, 'Expression/index', 0, '', '表情管理', 0, '', ''),
(210, '添加表情包', 197, 5, 'Expression/add', 1, '', '表情管理', 0, '', ''),
(211, '表情包列表', 197, 6, 'Expression/package', 0, '', '表情管理', 0, '', ''),
(212, '表情列表', 197, 7, 'Expression/expressionList', 1, '', '表情管理', 0, '', ''),
(213, '删除表情包', 197, 8, 'Expression/delPackage', 1, '', '表情管理', 0, '', ''),
(214, '编辑表情包', 197, 9, 'Expression/editPackage', 1, '', '表情管理', 0, '', ''),
(215, '删除表情', 197, 10, 'Expression/delExpression', 1, '', '表情管理', 0, '', ''),
(216, '上传表情包', 197, 11, 'Expression/upload', 1, '', '表情管理', 0, '', ''),
(217, '用户头衔审核', 47, 2, 'Rank/setVerifyStatus', 1, '', '头衔管理', 0, '', ''),
(218, '获取扩展升级列表', 106, 0, 'Cloud/getVersionList', 1, '', '', 0, '', ''),
(219, '自动升级', 178, 0, 'Cloud/updateGoods', 1, '', '', 0, '', ''),
(220, '自动升级1-获取文件列表', 178, 0, 'Cloud/Updating1', 1, '', '', 0, '', ''),
(221, '自动升级2-比较文件', 178, 0, 'Cloud/Updating2', 1, '', '', 0, '', ''),
(222, '自动升级3-升级代码', 178, 0, 'Cloud/updating3', 1, '', '', 0, '', ''),
(223, '自动升级4-导入数据库', 178, 0, 'Cloud/updating4', 1, '', '', 0, '', ''),
(224, '自动升级5-重置版本号', 178, 0, 'Cloud/updating5', 1, '', '', 0, '', ''),
(225, '广告位', 197, 0, 'Adv/pos', 0, '', '广告配置', 0, '', ''),
(226, '广告管理', 197, 0, 'Adv/adv', 0, '', '广告配置', 0, '', ''),
(227, '新增广告', 226, 0, 'Adv/editAdv', 1, '', '', 0, '', ''),
(228, '编辑广告位', 225, 0, 'Adv/editPos', 1, '', '', 0, '', ''),
(229, '设置广告位状态', 225, 0, 'Adv/setPosStatus', 1, '', '', 0, '', ''),
(230, '广告排期', 226, 0, 'Adv/schedule', 1, '', '', 0, '', ''),
(231, '用户导航', 74, 0, 'Channel/user', 0, '', '导航管理', 0, '', 'Core'),
(232, '积分日志', 197, 0, 'Action/scoreLog', 0, '', '行为与积分', 0, '', ''),
(233, '仪表盘', 1, 1, 'Index/index', 0, '', '系统首页', 0, '', ''),
(234, '数据概览', 1, 2, 'Index/stats', 0, '', '系统首页', 0, '', ''),
(235, '公告列表', 197, 0, 'Announce/announceList', 0, '', '友链与公告', 0, '', ''),
(236, '发布公告', 197, 0, 'Announce/add', 0, '', '友链与公告', 0, '', ''),
(237, '设置公告状态', 235, 0, 'Announce/setStatus', 1, '', '公告管理', 0, '', ''),
(238, '公告送达情况', 235, 0, 'Announce/arrive', 1, '', '公告管理', 0, '', ''),
(239, '会话列表', 74, 0, 'Message/messageSessionList', 0, '', '消息管理', 0, '', ''),
(240, '会话模板', 74, 0, 'Message/messageTplList', 0, '', '消息管理', 0, '', ''),
(241, '刷新会话列表', 74, 0, 'Message/sessionRefresh', 1, '', '消息管理', 0, '', ''),
(242, '刷新会话模板列表', 74, 0, 'Message/tplRefresh', 1, '', '消息管理', 0, '', ''),
(243, '计划任务列表', 74, 99, 'admin/schedule/scheduleList', 0, '', '计划任务', 0, '', ''),
(244, '新增/编辑计划任务', 243, 0, 'Schedule/editSchedule', 1, '', '计划任务', 0, '', ''),
(245, '运行/停止计划任务', 243, 0, 'admin/schedule/run', 1, '', '计划任务', 0, '', ''),
(246, '查看日志', 243, 0, 'Schedule/showLog', 1, '', '计划任务', 0, '', ''),
(247, '清空日志', 243, 0, 'admin/schedule/clearLog', 1, '', '计划任务', 0, '', ''),
(248, '重启计划任务', 243, 0, 'Schedule/reRun', 1, '', '计划任务', 0, '', ''),
(249, '设置计划任务状态', 243, 0, 'Schedule/setScheduleStatus', 1, '', '计划任务', 0, '', ''),
(250, '网站统计', 1, 3, 'Count/index', 0, '', '数据统计', 0, '', ''),
(251, '流失率统计', 1, 4, 'Count/lost', 0, '', '数据统计', 0, '', ''),
(252, '留存率统计', 1, 5, 'Count/remain', 0, '', '数据统计', 0, '', ''),
(253, '充值用户统计', 1, 6, 'Count/consumption', 0, '', '数据统计', 0, '', ''),
(254, '活跃用户统计', 1, 7, 'Count/active', 0, '', '数据统计', 0, '', ''),
(255, '设置活跃度绑定的行为', 1, 0, 'Count/setActiveAction', 1, '', '数据统计', 0, '', ''),
(256, '在线用户列表', 1, 8, 'Count/nowUserList', 0, '', '数据统计', 0, '', ''),
(257, '下线在线用户', 1, 0, 'Count/downUser', 1, '', '数据统计', 0, '', ''),
(258, '会话设置', 74, 0, 'Message/config', 0, '', '消息管理', 0, '', ''),
(259, '频道编辑', 87, 0, 'Channel/customEdit', 0, '', '', 0, '', ''),
(260, '添加', 233, 0, 'Index/addTo', 0, '', '', 0, '', ''),
(261, '删除', 233, 0, 'Index/delTile', 0, '', '', 0, '', ''),
(262, '修改', 233, 0, 'Index/setTile', 0, '', '', 0, '', ''),
(263, '友情链接', 197, 0, 'SuperLinks/index', 0, '', '友链与公告', 0, '', ''),
(264, '图片水印设置', 197, 0, 'Picture/config', 0, '', '图片管理', 0, '', ''),
(265, '上传水印图片', 264, 0, 'Picture/uploadWater', 1, '', '图片管理', 0, '', ''),
(266, '图片列表', 197, 0, 'Picture/pictureList', 0, '', '图片管理', 0, '', ''),
(267, '设置图片状态、删除图片', 266, 0, 'Picture/setStatus', 1, '', '图片管理', 0, '', ''),
(268, '敏感词列表', 197, 0, 'Sensitive/index', 0, '', '敏感词', 0, '', ''),
(269, '敏感词设置', 197, 0, 'Sensitive/config', 0, '', '敏感词', 0, '', ''),
(270, '批量添加', 197, 0, 'Sensitive/addMore', 0, '', '敏感词', 0, '', ''),
(271, '新增、编辑敏感词', 268, 0, 'Sensitive/edit', 1, '', '', 0, '', ''),
(272, '设置敏感词状态', 268, 0, 'Sensitive/setStatus', 1, '', '', 0, '', ''),
(273, '自定义表情列表', 197, 0, 'Expression/iexpressionList', 0, '', '表情管理', 0, '', ''),
(274, '允许身份访问', 1, 0, 'Role/moduleRole', 0, '', '模块权限', 0, '', ''),
(275, '认证类型', 2, 0, 'Attest/attestTypes', 0, '', '认证管理', 0, '', 'Ucenter'),
(276, '认证条件设置', 275, 0, 'Attest/setCondition', 1, '', '认证管理', 0, '', 'Ucenter'),
(277, '认证字段管理', 275, 0, 'Attest/setFields', 1, '', '认证管理', 0, '', 'Ucenter'),
(278, '编辑认证类型', 275, 0, 'Attest/editType', 1, '', '认证管理', 0, '', 'Ucenter'),
(279, '认证用户列表', 2, 0, 'Attest/attestList', 0, '', '认证管理', 0, '', ''),
(280, '设置认证状态', 279, 0, 'Attest/setAttestStatus', 1, '', '认证管理', 0, '', ''),
(281, '微信绑定', 2, 0, 'User/bindwechat', 0, '', '用户配置', 0, '', ''),
(282, '短信日志', 197, 4, 'Action/smslog', 0, '', '行为与积分', 0, '', ''),
(283, '编辑器配置', 74, 7, 'EditorTool/config', 0, '', '系统设置', 0, '', ''),
(284, 'MarkDown配置', 74, 7, 'MarkDown/config', 0, '', '系统设置', 0, '', ''),
(285, '消息模板', 74, 0, 'Message/listMessageEvent', 0, '', '消息管理', 0, '', ''),
(10000, '网站主页', 0, 0, 'Home/config', 1, '', '', 0, 'home', 'Home'),
(10001, '基本设置', 10000, 0, 'Home/config', 0, '', '设置', 0, '', 'Home'),
(10072, '设置圈子类型状态', 10071, 0, 'Weibo/setcrowdtypestatus', 1, '', '', 0, '', 'Weibo'),
(10071, '圈子类型', 10055, 0, 'Weibo/crowdType', 0, '', '圈子管理', 0, '', 'Weibo'),
(10070, '圈子配置', 10055, 0, 'Weibo/crowdConfig', 0, '', '圈子管理', 0, '', 'Weibo'),
(10069, '删除话题', 10055, 0, 'Weibo/delTopic', 1, '', '', 0, '', 'Weibo'),
(10068, '设置置顶话题', 10055, 0, 'Weibo/setTopicTop', 1, '', '', 0, '', 'Weibo'),
(10067, '设置微博评论状态', 10055, 0, 'Weibo/setCommentStatus', 1, '', '', 0, '', 'Weibo'),
(10066, '清除微博html缓存', 10065, 0, 'weibo/cleanWeiboHtmlCache', 1, '', '', 0, '', 'Weibo'),
(10065, '微博管理', 10055, 1, 'Weibo/weibo', 0, '', '微博', 0, '', 'Weibo'),
(10064, '回复管理', 10055, 3, 'Weibo/comment', 0, '', '回复', 0, '', 'Weibo'),
(10063, '编辑微博', 10055, 0, 'Weibo/editWeibo', 1, '', '', 0, '', 'Weibo'),
(10016, '会员展示', 0, 22, 'People/config', 1, '', '', 0, '', 'People'),
(10017, '基本设置', 10016, 0, 'People/config', 0, '', '配置', 0, '', 'People'),
(10018, '论坛', 0, 22, 'Forum/index', 1, '', '', 0, '', 'Forum'),
(10019, '板块管理', 10018, 1, 'Forum/forum', 0, '', '板块', 0, '', 'Forum'),
(10020, '编辑／创建板块', 10019, 0, 'Forum/editForum', 1, '', '', 0, '', 'Forum'),
(10021, '排序', 10019, 0, 'Forum/sortForum', 1, '', '板块', 0, '', 'Forum'),
(10022, '设置版块状态', 10019, 0, 'Forum/setForumStatus', 1, '', '', 0, '', 'Forum'),
(10023, '设置版块排序', 10019, 0, 'Forum/doSortForum', 1, '', '', 0, '', 'Forum'),
(10024, '帖子管理', 10018, 3, 'Forum/post', 0, '', '帖子', 0, '', 'Forum'),
(10025, '编辑帖子', 10024, 0, 'Forum/editPost', 1, '', '', 0, '', 'Forum'),
(10026, '设置帖子状态', 10024, 0, 'Forum/setPostStatus', 1, '', '', 0, '', 'Forum'),
(10027, '板块回收站', 10018, 2, 'Forum/forumTrash', 0, '', '板块', 0, '', 'Forum'),
(10028, '帖子回收站', 10018, 4, 'Forum/postTrash', 0, '', '帖子', 0, '', 'Forum'),
(10029, '回复回收站', 10018, 6, 'Forum/replyTrash', 0, '', '回复', 0, '', 'Forum'),
(10030, '回复管理', 10018, 6, 'Forum/replyManager', 0, '', '回复', 0, '', 'Forum'),
(10031, '新增/编辑回复', 10030, 0, 'Forum/editReply', 1, '', '', 0, '', 'Forum'),
(10032, '设置回复状态', 10030, 0, 'Forum/setReplyStatus', 1, '', '', 0, '', 'Forum'),
(10033, '论坛设置', 10018, 10, 'Forum/config', 0, '', '设置', 0, '', 'Forum'),
(10034, '分类管理', 10018, 0, 'Forum/type', 0, '分类管理', '分类管理', 0, '', 'Forum'),
(10035, '新增/编辑分类', 10034, 0, 'Forum/addType', 1, '', '', 0, '', 'Forum'),
(10036, '设置分类状态', 10034, 0, 'Forum/setTypeStatus', 1, '', '', 0, '', 'Forum'),
(10062, '编辑回复', 10055, 0, 'Weibo/editComment', 1, '', '', 0, '', 'Weibo'),
(10061, '微博回收站', 10055, 2, 'Weibo/weiboTrash', 0, '', '微博', 0, '', 'Weibo'),
(10060, '回复回收站', 10055, 4, 'Weibo/commentTrash', 0, '', '回复', 0, '', 'Weibo'),
(10059, '微博设置', 10055, 0, 'Weibo/config', 0, '微博的基本配置', '设置', 0, '', 'Weibo'),
(10058, '话题管理', 10055, 0, 'Weibo/topic', 0, '微博的话题', '话题管理', 0, '', 'Weibo'),
(10057, '置顶微博', 10055, 0, 'Weibo/setWeiboTop', 1, '', '', 0, '', 'Weibo'),
(10056, '设置微博状态', 10055, 0, 'Weibo/setWeiboStatus', 1, '', '', 0, '', 'Weibo'),
(10055, '微博', 0, 8, 'Weibo/weibo', 1, '', '', 0, '', 'Weibo'),
(10046, 'APi', 0, 0, 'Api/index', 1, '', '', 0, '', 'Api'),
(10047, 'IM服务', 10046, 2, 'Api/IMConfig', 0, '配置即时聊天的授权凭证', '插件配置', 0, '', 'Api'),
(10048, '分类信息', 10046, 1, 'Api/setCatIcon', 0, '用于客户端模块的配置', '模块配置', 0, '', 'Api'),
(10049, '设置分类信息图标', 10048, 0, 'Api/editCat', 1, '用于配置客户端分类信息分类图标', '', 0, '', 'Api'),
(10050, '个推服务', 10046, 2, 'Api/igtConfig', 0, '用于配置个推服务的授权信息', '插件配置', 0, '', 'Api'),
(10051, '基本配置', 10046, 0, 'Api/config', 0, '客户端程序可基本配置信息，必须配置。', '基础配置', 0, '', 'Api'),
(10052, '第三方登陆', 10046, 2, 'Api/syncLoginConfig', 0, '第三方登陆配置', '插件配置', 0, '', 'Api'),
(10053, '版本控制', 10046, 0, 'Api/versionCtrl', 0, '客户端版本控制中心', '基础配置', 0, '', 'Api'),
(10054, '导航管理', 10046, 0, 'Api/navCtrl', 0, '导航栏控制', '基础配置', 0, '', 'Api'),
(10073, '圈子列表', 10055, 0, 'Weibo/crowd', 0, '', '圈子管理', 0, '', 'Weibo'),
(10074, '设置圈子状态', 10073, 0, 'Weibo/setcrowdstatus', 1, '', '圈子管理', 0, '', 'Weibo'),
(10075, '编辑圈子', 10055, 0, 'Weibo/editCrowd', 1, '', '圈子管理', 0, '', 'Weibo'),
(10076, '圈子允许发送微博', 10055, 0, 'Weibo/doCrowdAllowPost', 1, '', '圈子管理', 0, '', 'Weibo'),
(10077, '执行默认关注', 10055, 0, 'Weibo/followcrowd', 1, '', '圈子管理', 0, '', 'Weibo'),
(10081, '编辑圈子', 10055, 0, 'Weibo/editCrowd', 1, '', '圈子管理', 0, '', 'Weibo'),
(10082, '设置圈子类型状态', 10055, 0, 'Weibo/setcrowdtypestatus', 1, '', '圈子管理', 0, '', 'Weibo'),
(10083, '设置圈子状态', 10055, 0, 'Weibo/setcrowdstatus', 1, '', '圈子管理', 0, '', 'Weibo'),
(10084, '圈子是否可发送微博', 10055, 0, 'Weibo/doCrowdAllowPost', 1, '', '圈子管理', 0, '', 'Weibo'),
(10085, '执行默认关注', 10055, 0, 'Weibo/followCrowd', 1, '', '圈子管理', 0, '', 'Weibo'),
(10086, '修复关注数脚本', 10055, 0, 'Weibo/repaircrowdfollow', 1, '', '圈子管理', 0, '', 'Weibo'),
(10087, '图章列表', 10055, 0, 'Weibo/stampList', 0, '', '图章管理', 0, '', 'Weibo'),
(10088, '编辑图章', 10055, 0, 'Weibo/editStamp', 0, '', '图章管理', 0, '', 'Weibo'),
(10092, '编辑圈子', 10055, 0, 'Weibo/editCrowd', 1, '', '圈子管理', 0, '', 'Weibo'),
(10093, '设置圈子类型状态', 10055, 0, 'Weibo/setcrowdtypestatus', 1, '', '圈子管理', 0, '', 'Weibo'),
(10094, '设置圈子状态', 10055, 0, 'Weibo/setcrowdstatus', 1, '', '圈子管理', 0, '', 'Weibo'),
(10095, '圈子是否可发送微博', 10055, 0, 'Weibo/doCrowdAllowPost', 1, '', '圈子管理', 0, '', 'Weibo'),
(10096, '执行默认关注', 10055, 0, 'Weibo/followCrowd', 1, '', '圈子管理', 0, '', 'Weibo'),
(10097, '修复关注数脚本', 10055, 0, 'Weibo/repaircrowdfollow', 1, '', '圈子管理', 0, '', 'Weibo'),
(10111, '分类管理', 10107, 0, 'Video/video', 0, '', '分类管理', 0, '', 'Video'),
(10110, '内容审核', 10107, 0, 'Video/verify', 0, '', '内容', 0, '', 'Video'),
(10109, '添加', 10107, 0, 'video/add', 1, '', '', 0, '', 'Video'),
(10108, '内容回收站', 10107, 0, 'video/contentTrash', 1, '', '内容', 0, '', 'Video'),
(10107, '视频', 0, 0, 'VIdeo/contents', 1, '', '', 0, '', 'Video'),
(10112, '配置', 10107, 0, 'Video/config', 0, '', '视频配置', 0, '', 'Video'),
(10113, '内容详情', 10107, 0, 'Video/contents', 0, '', '内容', 0, '', 'Video'),
(10114, '相册', 0, 99, 'Album/contnets', 1, '', '', 0, '', 'Album'),
(10115, '照片管理', 10114, 0, 'Album/photo', 0, '', '照片管理', 0, '', 'Album'),
(10116, '分类管理', 10114, 0, 'Album/type', 0, '', '分类管理', 0, '', 'Album'),
(10117, '添加编辑分类', 10116, 0, 'Album/add', 0, '', '分类管理', 0, '', 'Album'),
(10118, '相册管理', 10114, 0, 'Album/contents', 0, '', '相册管理', 0, '', 'Album'),
(10119, '设置相册状态', 10118, 0, 'Album/setAlbumStatus', 0, '', '', 0, '', 'Album'),
(10120, '相册设置', 10114, 0, 'album/config', 0, '', '设置', 0, '', 'Album'),
(10121, '相册回收站', 10114, 0, 'Album/albumTrash', 0, '', '相册管理', 0, '', 'Album'),
(10122, '问答', 0, 22, 'Question/index', 1, '', '', 0, 'question', 'Question'),
(10123, '编辑话题', 10122, 0, 'Question/editQuestionTopic', 1, '', '话题设置', 0, '', 'Question'),
(10124, '话题设置', 10122, 0, 'Question/topicSetting', 0, '', '问答管理', 0, '', 'Question'),
(10125, '问题预设', 10122, 0, 'Question/presetQuestion', 0, '', '问答管理', 0, '', 'Question'),
(10126, '回答列表', 10122, 0, 'Question/answer', 0, '', '问答管理', 0, '', 'Question'),
(10127, '设置回答状态（启用、禁用、删除）', 10126, 0, 'Question/setAnswerStatus', 1, '', '', 0, '', 'Question'),
(10128, '话题回收站', 10122, 0, 'Question/topictrash', 0, '', '问答管理', 0, '', 'Question'),
(10129, '问题列表', 10122, 0, 'Question/index', 0, '', '问答管理', 0, '', 'Question'),
(10130, '设置问题状态（审核、启用、禁用、删除）', 10129, 0, 'Question/setQuestionStatus', 1, '', '', 0, '', 'Question'),
(10131, '推荐设置', 10129, 0, 'Question/recommend', 1, '', '', 0, '', 'Question'),
(10132, '基础配置', 10122, 0, 'Question/config', 0, '', '配置管理', 0, '', 'Question'),
(10133, '分类管理', 10122, 0, 'Question/category', 0, '', '配置管理', 0, '', 'Question'),
(10134, '编辑、添加分类', 10133, 0, 'Question/add', 1, '', '', 0, '', 'Question'),
(10135, '设置分类状态', 10133, 0, 'Question/setStatus', 1, '', '', 0, '', 'Question');

-- --------------------------------------------------------

--
-- 表的结构 `ocenter_message`
--

CREATE TABLE IF NOT EXISTS `ocenter_message` (
  `id` int(11) NOT NULL,
  `content_id` int(11) NOT NULL,
  `from_uid` int(11) NOT NULL,
  `to_uid` int(11) NOT NULL,
  `create_time` int(11) NOT NULL,
  `is_read` tinyint(4) NOT NULL,
  `last_toast` int(11) NOT NULL,
  `status` tinyint(4) NOT NULL,
  `type` varchar(25) NOT NULL COMMENT '消息类型',
  `tpl` varchar(100) NOT NULL COMMENT '消息模板'
) ENGINE=MyISAM AUTO_INCREMENT=185 DEFAULT CHARSET=utf8 COMMENT='消息表';

--
-- 转存表中的数据 `ocenter_message`
--

INSERT INTO `ocenter_message` (`id`, `content_id`, `from_uid`, `to_uid`, `create_time`, `is_read`, `last_toast`, `status`, `type`, `tpl`) VALUES
(1, 5, 1, 1, 1555921129, 1, 1555921130, 1, 'Common_system', ''),
(2, 12, 1, 1, 1556185759, 1, 1556185760, 1, 'Common_system', ''),
(3, 13, 1, 100, 1557134598, 0, 0, 1, 'Ucenter', ''),
(4, 14, 1, 100, 1557134600, 0, 0, 1, 'Ucenter', ''),
(5, 23, 1, 100, 1557737339, 0, 0, 1, 'Ucenter', ''),
(6, 24, 1, 100, 1557737340, 0, 0, 1, 'Ucenter', ''),
(7, 25, 101, 1, 1557739518, 1, 1557739520, 1, 'Weibo_crowd', ''),
(8, 28, 1, 100, 1557740701, 0, 0, 1, 'Ucenter', ''),
(9, 29, 1, 100, 1557740705, 0, 0, 1, 'Ucenter', ''),
(10, 30, 1, 101, 1557740705, 1, 1557740706, 1, 'Ucenter', ''),
(11, 31, 1, 101, 1557740706, 1, 1557740714, 1, 'Ucenter', ''),
(12, 32, 1, 100, 1557740713, 0, 0, 1, 'Ucenter', ''),
(13, 33, 1, 100, 1557740714, 0, 0, 1, 'Ucenter', ''),
(14, 62, 1, 101, 1557801581, 1, 1557801584, 1, 'Weibo', 'Common_comment'),
(15, 83, 1, 101, 1557803720, 1, 1557803720, 1, 'Ucenter', ''),
(16, 86, 1, 101, 1557803726, 1, 1557803727, 1, 'Ucenter', ''),
(17, 97, 101, 100, 1557828638, 0, 0, 1, 'Ucenter', ''),
(18, 98, 101, 1, 1557828640, 0, 1557828642, 1, 'Ucenter', ''),
(19, 99, 101, 100, 1557884358, 0, 0, 1, 'Ucenter', ''),
(20, 100, 101, 100, 1557884360, 0, 0, 1, 'Ucenter', ''),
(21, 101, 1, 101, 1557885078, 1, 1557885147, 1, 'Ucenter', ''),
(22, 104, 1, 101, 1557885088, 1, 1557885147, 1, 'Ucenter', ''),
(23, 105, 1, 101, 1557885090, 1, 1557885147, 1, 'Ucenter', ''),
(24, 106, 101, 1, 1557885451, 0, 1557885451, 1, 'Ucenter', ''),
(25, 107, 101, 1, 1557885451, 0, 1557885452, 1, 'Ucenter', ''),
(26, 108, 101, 100, 1557885454, 0, 0, 1, 'Ucenter', ''),
(27, 109, 101, 100, 1557885454, 0, 0, 1, 'Ucenter', ''),
(28, 110, 1, 101, 1557885519, 1, 1557885520, 1, 'Ucenter', ''),
(29, 111, 1, 101, 1557885520, 1, 1557885530, 1, 'Ucenter', ''),
(30, 112, 1, 101, 1557885596, 1, 1557885597, 1, 'Ucenter', ''),
(31, 113, 1, 101, 1557885596, 1, 1557885597, 1, 'Ucenter', ''),
(32, 114, 1, 101, 1557885917, 1, 1557885924, 1, 'Ucenter', ''),
(33, 115, 1, 101, 1557885918, 1, 1557885924, 1, 'Ucenter', ''),
(34, 116, 1, 101, 1557885998, 1, 1557886005, 1, 'Ucenter', ''),
(35, 117, 1, 100, 1557886041, 0, 0, 1, 'Ucenter', ''),
(36, 118, 1, 100, 1557886042, 0, 0, 1, 'Ucenter', ''),
(37, 119, 101, 1, 1557900559, 0, 1557904005, 1, 'Weibo_crowd', ''),
(38, 120, 101, 1, 1557900561, 0, 1557904005, 1, 'Weibo_crowd', ''),
(39, 121, 1, 100, 1557904017, 0, 0, 1, 'Ucenter', ''),
(40, 122, 1, 100, 1557904026, 0, 0, 1, 'Ucenter', ''),
(41, 123, 1, 100, 1557904027, 0, 0, 1, 'Ucenter', ''),
(42, 124, 1, 101, 1557904029, 1, 1557904030, 1, 'Ucenter', ''),
(43, 125, 1, 101, 1557904031, 1, 1557904040, 1, 'Ucenter', ''),
(44, 128, 1, 101, 1557911989, 1, 1557911991, 1, 'Ucenter', ''),
(45, 129, 1, 101, 1557911990, 1, 1557911991, 1, 'Ucenter', ''),
(46, 130, 1, 100, 1557911992, 0, 0, 1, 'Ucenter', ''),
(47, 131, 1, 100, 1557911992, 0, 0, 1, 'Ucenter', ''),
(48, 144, 101, 1, 1557914165, 0, 1557914165, 1, 'Weibo_crowd', ''),
(49, 145, 101, 1, 1557914407, 0, 1557914415, 1, 'Ucenter', ''),
(50, 148, 101, 1, 1557914410, 0, 1557914415, 1, 'Ucenter', ''),
(51, 151, 101, 1, 1557914421, 0, 1557914425, 1, 'Weibo_crowd', ''),
(52, 152, 101, 1, 1557914422, 0, 1557914425, 1, 'Weibo_crowd', ''),
(53, 153, 101, 1, 1557914423, 0, 1557914425, 1, 'Weibo_crowd', ''),
(54, 154, 101, 1, 1557914424, 0, 1557914425, 1, 'Weibo_crowd', ''),
(55, 157, 101, 1, 1557914850, 1, 1557914855, 1, 'Weibo', 'Common_comment'),
(56, 158, 101, 1, 1557915118, 0, 1557915121, 1, 'Weibo_crowd', ''),
(57, 159, 101, 100, 1557915123, 0, 0, 1, 'Ucenter', ''),
(58, 160, 101, 100, 1557915124, 0, 0, 1, 'Ucenter', ''),
(59, 161, 101, 1, 1557915125, 0, 1557915125, 1, 'Ucenter', ''),
(60, 162, 101, 1, 1557915125, 0, 1557915125, 1, 'Ucenter', ''),
(61, 163, 101, 1, 1557915766, 0, 1557915771, 1, 'Ucenter', ''),
(62, 166, 101, 1, 1557915781, 0, 1557915781, 1, 'Ucenter', ''),
(63, 201, 101, 1, 1557969013, 0, 1557969670, 1, 'Ucenter', ''),
(64, 204, 101, 1, 1557969015, 0, 1557969670, 1, 'Ucenter', ''),
(65, 207, 101, 1, 1557969020, 0, 1557969670, 1, 'Ucenter', ''),
(66, 210, 101, 1, 1557969023, 0, 1557969670, 1, 'Ucenter', ''),
(67, 213, 101, 1, 1557969027, 0, 1557969670, 1, 'Weibo_crowd', ''),
(68, 214, 101, 1, 1557969028, 0, 1557969670, 1, 'Weibo_crowd', ''),
(69, 215, 101, 1, 1557969030, 0, 1557969670, 1, 'Weibo_crowd', ''),
(70, 216, 101, 1, 1557969031, 0, 1557969670, 1, 'Weibo_crowd', ''),
(71, 217, 101, 1, 1557974655, 0, 1557974665, 1, 'Ucenter', ''),
(72, 222, 101, 1, 1557975110, 0, 1557975115, 1, 'Ucenter', ''),
(73, 229, 1, 101, 1557989732, 0, 1557994213, 1, 'Ucenter', ''),
(74, 286, 1, 101, 1557993961, 0, 1557994213, 1, 'Ucenter', ''),
(75, 287, 1, 101, 1557993962, 0, 1557994213, 1, 'Ucenter', ''),
(76, 288, 101, 1, 1557994440, 0, 1557994442, 1, 'Weibo_crowd', ''),
(77, 309, 101, 1, 1557998091, 0, 1557998095, 1, 'Common_system', ''),
(78, 322, 1, 101, 1558062679, 0, 1558064492, 1, 'Ucenter', ''),
(79, 323, 1, 101, 1558062680, 0, 1558064492, 1, 'Ucenter', ''),
(80, 324, 101, 1, 1558076154, 0, 1558078980, 1, 'Weibo_crowd', ''),
(81, 329, 103, 100, 1558077636, 0, 0, 1, 'Ucenter', ''),
(82, 330, 103, 100, 1558077638, 0, 0, 1, 'Ucenter', ''),
(83, 339, 106, 107, 1558078770, 0, 0, 1, 'Ucenter', ''),
(84, 340, 106, 101, 1558145259, 0, 1558145870, 1, 'Ucenter', ''),
(85, 343, 106, 101, 1558145267, 0, 1558145870, 1, 'Ucenter', ''),
(86, 346, 106, 101, 1558146692, 0, 1558148465, 1, 'Ucenter', ''),
(87, 349, 106, 101, 1558147717, 0, 1558148465, 1, 'Ucenter', ''),
(88, 352, 106, 101, 1558147726, 0, 1558148465, 1, 'Ucenter', ''),
(89, 355, 106, 107, 1558147732, 0, 0, 1, 'Ucenter', ''),
(90, 360, 106, 107, 1558148044, 0, 0, 1, 'Ucenter', ''),
(91, 363, 106, 1, 1558148262, 0, 1558150582, 1, 'Weibo_crowd', ''),
(92, 366, 106, 1, 1558148847, 0, 1558150582, 1, 'Ucenter', ''),
(93, 369, 106, 1, 1558148852, 0, 1558150582, 1, 'Ucenter', ''),
(94, 372, 101, 106, 1558149395, 1, 1558149396, 1, 'Weibo', 'Common_comment'),
(95, 383, 106, 101, 1558152065, 0, 1558342875, 1, 'Ucenter', ''),
(96, 386, 106, 101, 1558156068, 0, 1558342875, 1, 'Ucenter', ''),
(97, 435, 106, 1, 1558161992, 0, 1558162000, 1, 'Ucenter', ''),
(98, 438, 106, 1, 1558161997, 0, 1558162000, 1, 'Ucenter', ''),
(99, 441, 106, 1, 1558162007, 1, 1558162011, 1, 'Ucenter', ''),
(100, 474, 106, 101, 1558162745, 0, 1558342875, 1, 'Common_system', ''),
(101, 475, 106, 101, 1558162747, 0, 1558342875, 1, 'Common_system', ''),
(102, 524, 106, 1, 1558166331, 1, 1558166333, 1, 'Ucenter', ''),
(103, 533, 106, 105, 1558167702, 0, 0, 1, 'Ucenter', ''),
(104, 544, 106, 103, 1558168426, 0, 0, 1, 'Ucenter', ''),
(105, 619, 106, 102, 1558170262, 0, 0, 1, 'Ucenter', ''),
(106, 622, 1, 106, 1558170262, 1, 1558170263, 1, 'Ucenter', ''),
(107, 625, 1, 106, 1558170270, 1, 1558170272, 1, 'Ucenter', ''),
(108, 628, 106, 102, 1558170280, 0, 0, 1, 'Ucenter', ''),
(109, 633, 1, 106, 1558170291, 1, 1558170292, 1, 'Ucenter', ''),
(110, 636, 1, 106, 1558170295, 1, 1558170295, 1, 'Ucenter', ''),
(111, 641, 1, 106, 1558170300, 1, 1558170302, 1, 'Ucenter', ''),
(112, 656, 106, 104, 1558170703, 0, 0, 1, 'Ucenter', ''),
(113, 661, 106, 104, 1558170709, 0, 0, 1, 'Ucenter', ''),
(114, 664, 106, 102, 1558170717, 0, 0, 1, 'Ucenter', ''),
(115, 671, 106, 102, 1558170729, 0, 0, 1, 'Ucenter', ''),
(116, 678, 1, 1, 1558171015, 0, 1558171017, 1, 'Common_system', ''),
(117, 721, 106, 1, 1558172108, 0, 1558172471, 1, 'Ucenter', ''),
(118, 734, 1, 1, 1558173315, 0, 1558173319, 1, 'Common_system', ''),
(119, 735, 1, 1, 1558173316, 0, 1558173319, 1, 'Common_system', ''),
(120, 736, 106, 107, 1558173469, 0, 0, 1, 'Ucenter', ''),
(121, 745, 106, 105, 1558315839, 0, 0, 1, 'Ucenter', ''),
(122, 748, 106, 102, 1558315853, 0, 0, 1, 'Ucenter', ''),
(123, 771, 106, 1, 1558323130, 0, 1558332042, 1, 'Ucenter', ''),
(124, 772, 106, 1, 1558323132, 0, 1558332042, 1, 'Ucenter', ''),
(125, 775, 106, 1, 1558323775, 0, 1558332042, 1, 'Ucenter', ''),
(126, 776, 106, 100, 1558324079, 0, 0, 1, 'Ucenter', ''),
(127, 777, 106, 100, 1558324081, 0, 0, 1, 'Ucenter', ''),
(128, 778, 108, 1, 1558332540, 0, 1558332548, 1, 'Weibo_crowd', ''),
(129, 779, 108, 1, 1558332740, 0, 1558332748, 1, 'Ucenter', ''),
(130, 780, 106, 1, 1558332799, 0, 1558332808, 1, 'Common_system', ''),
(131, 781, 1, 106, 1558332839, 1, 1558332846, 1, 'Common_system', ''),
(132, 784, 108, 106, 1558333078, 1, 1558333086, 1, 'Weibo', 'Common_comment'),
(133, 785, 108, 106, 1558333078, 1, 1558333086, 1, 'Weibo', 'Common_comment'),
(134, 792, 108, 101, 1558333191, 0, 1558342875, 1, 'Weibo_crowd', ''),
(135, 795, 108, 1, 1558333412, 0, 1558333418, 1, 'Common_system', ''),
(136, 796, 108, 106, 1558333444, 1, 1558333444, 1, 'Ucenter', ''),
(137, 797, 108, 106, 1558333447, 1, 1558333454, 1, 'Ucenter', ''),
(138, 798, 108, 1, 1558334158, 0, 1558334668, 1, 'Weibo', 'Common_comment'),
(139, 803, 108, 1, 1558334226, 0, 1558334668, 1, 'Weibo', 'Common_comment'),
(140, 806, 108, 1, 1558334242, 0, 1558334668, 1, 'Weibo', 'Common_comment'),
(141, 813, 108, 1, 1558334287, 0, 1558334668, 1, 'Weibo', 'Common_comment'),
(142, 818, 108, 1, 1558334343, 0, 1558334668, 1, 'Weibo', 'Common_comment'),
(143, 823, 106, 108, 1558334401, 1, 1558334402, 1, 'Weibo', 'Common_comment'),
(144, 826, 106, 108, 1558334420, 1, 1558334421, 1, 'Weibo', 'Common_comment'),
(145, 833, 106, 108, 1558334555, 0, 1558334557, 1, 'Weibo', 'Common_comment'),
(146, 836, 106, 108, 1558334569, 0, 1558334569, 1, 'Weibo', 'Common_comment'),
(147, 839, 106, 108, 1558334590, 1, 1558334592, 1, 'Weibo', 'Common_comment'),
(148, 842, 106, 108, 1558334616, 0, 1558334621, 1, 'Weibo', 'Common_comment'),
(149, 845, 106, 108, 1558334630, 0, 1558334633, 1, 'Weibo', 'Common_comment'),
(150, 848, 106, 108, 1558334735, 0, 0, 1, 'Weibo', 'Common_comment'),
(151, 851, 106, 108, 1558334753, 0, 0, 1, 'Weibo', 'Common_comment'),
(152, 858, 106, 108, 1558334838, 0, 0, 1, 'Weibo', 'Common_comment'),
(153, 863, 106, 108, 1558335164, 0, 0, 1, 'Weibo', 'Common_comment'),
(154, 868, 106, 108, 1558335214, 0, 0, 1, 'Weibo', 'Common_comment'),
(155, 873, 106, 108, 1558335577, 0, 0, 1, 'Weibo', 'Common_comment'),
(156, 878, 106, 108, 1558335686, 0, 0, 1, 'Weibo', 'Common_comment'),
(157, 883, 106, 108, 1558335981, 0, 0, 1, 'Weibo', 'Common_comment'),
(158, 888, 106, 108, 1558336100, 0, 0, 1, 'Weibo', 'Common_comment'),
(159, 893, 106, 108, 1558336244, 0, 0, 1, 'Weibo', 'Common_comment'),
(160, 898, 106, 108, 1558336598, 0, 0, 1, 'Weibo', 'Common_comment'),
(161, 900, 106, 108, 1558336601, 0, 0, 1, 'Common_email', ''),
(162, 903, 106, 108, 1558337202, 0, 0, 1, 'Weibo', 'Common_comment'),
(163, 905, 106, 108, 1558337204, 0, 0, 1, 'Common_email', ''),
(164, 910, 106, 108, 1558337849, 0, 0, 1, 'Weibo', 'Common_comment'),
(165, 912, 106, 108, 1558337851, 0, 0, 1, 'Common_email', ''),
(166, 913, 106, 1, 1558337851, 0, 1558337852, 1, 'Weibo', 'Common_comment'),
(167, 915, 106, 1, 1558337853, 1, 1558337860, 1, 'Common_email', ''),
(168, 918, 106, 108, 1558337885, 0, 0, 1, 'Weibo', 'Common_comment'),
(169, 920, 106, 108, 1558337887, 0, 0, 1, 'Common_email', ''),
(170, 921, 106, 1, 1558337887, 1, 1558337892, 1, 'Weibo', 'Common_comment'),
(171, 923, 106, 1, 1558337889, 1, 1558337892, 1, 'Common_email', ''),
(172, 926, 106, 108, 1558337895, 0, 0, 1, 'Weibo', 'Common_comment'),
(173, 928, 106, 108, 1558337897, 0, 0, 1, 'Common_email', ''),
(174, 929, 106, 1, 1558337897, 1, 1558337902, 1, 'Weibo', 'Common_comment'),
(175, 931, 106, 1, 1558337899, 1, 1558337902, 1, 'Common_email', ''),
(176, 934, 1, 106, 1558341154, 1, 1558341155, 1, 'Common_system', ''),
(177, 935, 1, 106, 1558341154, 1, 1558341155, 1, 'Common_system', ''),
(178, 936, 1, 106, 1558341341, 1, 1558341345, 1, 'Common_system', ''),
(179, 937, 1, 108, 1558341341, 0, 0, 1, 'Common_system', ''),
(180, 938, 1, 106, 1558342080, 1, 1558342082, 1, 'Common_system', ''),
(181, 939, 101, 1, 1558342952, 0, 1558342961, 1, 'Common_system', ''),
(182, 939, 101, 106, 1558342952, 1, 1558343862, 1, 'Common_system', ''),
(183, 940, 106, 1, 1558400820, 0, 1558401402, 1, 'Ucenter', ''),
(184, 941, 106, 1, 1558400822, 0, 1558401402, 1, 'Ucenter', '');

-- --------------------------------------------------------

--
-- 表的结构 `ocenter_message_content`
--

CREATE TABLE IF NOT EXISTS `ocenter_message_content` (
  `id` int(11) NOT NULL,
  `from_id` int(11) NOT NULL,
  `title` varchar(500) NOT NULL,
  `content` text NOT NULL,
  `url` varchar(100) NOT NULL,
  `args` text NOT NULL,
  `type` varchar(25) NOT NULL,
  `create_time` int(11) NOT NULL,
  `status` int(11) NOT NULL
) ENGINE=MyISAM AUTO_INCREMENT=942 DEFAULT CHARSET=utf8;

--
-- 转存表中的数据 `ocenter_message_content`
--

INSERT INTO `ocenter_message_content` (`id`, `from_id`, `title`, `content`, `url`, `args`, `type`, `create_time`, `status`) VALUES
(1, 1, 'admin@了您', '有人@了您，快去看看吧^……^！http://192.168.1.210/index.php?s=/weibo/index/weibodetail/id/1.html', 'Weibo/Index/weiboDetail', '{"id":1}', 'Common_mobile', 1555920581, 1),
(2, 1, 'admin@了您', '有人@了您，快去看看吧^……^！http://192.168.1.210/index.php?s=/weibo/index/weibodetail/id/1.html', 'Weibo/Index/weiboDetail', '{"id":1}', 'Common_email', 1555920581, 1),
(3, 1, 'admin赞了您', '有人赞了您的微博，快去看看吧^……^！http://192.168.1.210/index.php?s=/weibo/index/weibodetail/id/1.html', 'weibo/index/weibodetail', '{"id":"1"}', 'Common_mobile', 1555920705, 1),
(4, 1, 'admin赞了您', '有人赞了您的微博，快去看看吧^……^！http://192.168.1.210/index.php?s=/weibo/index/weibodetail/id/1.html', 'weibo/index/weibodetail', '{"id":"1"}', 'Common_email', 1555920705, 1),
(5, 1, '系统消息', '操作太频繁！1分钟后再试~', 'http://192.168.1.210/index.php?s=/forum/index/edit/forum_id/4.html', '', 'Common_system', 1555921129, 1),
(6, 100, '肥肥@了您', '有人@了您，快去看看吧^……^！http://192.168.1.210/weibo/detail/1.html', 'Weibo/Index/weiboDetail', '{"id":1}', 'Common_mobile', 1556180248, 1),
(7, 100, '肥肥@了您', '有人@了您，快去看看吧^……^！http://192.168.1.210/weibo/detail/1.html', 'Weibo/Index/weiboDetail', '{"id":1}', 'Common_email', 1556180248, 1),
(8, 100, '肥肥@了您', '有人@了您，快去看看吧^……^！http://192.168.1.210/weibo/detail/4.html', 'Weibo/Index/weiboDetail', '{"id":4}', 'Common_mobile', 1556180441, 1),
(9, 100, '肥肥@了您', '有人@了您，快去看看吧^……^！http://192.168.1.210/weibo/detail/4.html', 'Weibo/Index/weiboDetail', '{"id":4}', 'Common_email', 1556180441, 1),
(10, 1, 'admin@了您', '有人@了您，快去看看吧^……^！http://192.168.1.210/weibo/detail/6.html', 'Weibo/Index/weiboDetail', '{"id":6}', 'Common_mobile', 1556180921, 1),
(11, 1, 'admin@了您', '有人@了您，快去看看吧^……^！http://192.168.1.210/weibo/detail/6.html', 'Weibo/Index/weiboDetail', '{"id":6}', 'Common_email', 1556180921, 1),
(12, 1, '系统消息', '操作太频繁！2秒后再试~', 'http://192.168.1.210/home', '', 'Common_system', 1556185759, 1),
(13, 1, '粉丝数增加', '系统推荐用户 肥丿肥 关注了你。', 'Ucenter/Index/index', '{"uid":1}', 'Ucenter', 1557134598, 1),
(14, 1, '粉丝数减少', '肥丿肥 取消了对你的关注。', 'Ucenter/Index/index', '{"uid":"1"}', 'Ucenter', 1557134600, 1),
(15, 1, '肥丿肥@了您', '有人@了您，快去看看吧^……^！http://192.168.1.210/weibo/detail/9.html', 'Weibo/Index/weiboDetail', '{"id":9}', 'Common_mobile', 1557366289, 1),
(16, 1, '肥丿肥@了您', '有人@了您，快去看看吧^……^！http://192.168.1.210/weibo/detail/9.html', 'Weibo/Index/weiboDetail', '{"id":9}', 'Common_email', 1557366289, 1),
(17, 1, '肥丿肥@了您', '有人@了您，快去看看吧^……^！http://192.168.1.210/weibo/detail/10.html', 'Weibo/Index/weiboDetail', '{"id":10}', 'Common_mobile', 1557367085, 1),
(18, 1, '肥丿肥@了您', '有人@了您，快去看看吧^……^！http://192.168.1.210/weibo/detail/10.html', 'Weibo/Index/weiboDetail', '{"id":10}', 'Common_email', 1557367085, 1),
(19, 1, '肥丿肥@了您', '有人@了您，快去看看吧^……^！http://192.168.1.210/weibo/detail/11.html', 'Weibo/Index/weiboDetail', '{"id":11}', 'Common_mobile', 1557384240, 1),
(20, 1, '肥丿肥@了您', '有人@了您，快去看看吧^……^！http://192.168.1.210/weibo/detail/11.html', 'Weibo/Index/weiboDetail', '{"id":11}', 'Common_email', 1557384240, 1),
(21, 1, '肥丿肥赞了您', '有人赞了您的微博，快去看看吧^……^！http://192.168.1.210/weibo/detail/10.html', 'weibo/index/weibodetail', '{"id":"10"}', 'Common_mobile', 1557716688, 1),
(22, 1, '肥丿肥赞了您', '有人赞了您的微博，快去看看吧^……^！http://192.168.1.210/weibo/detail/10.html', 'weibo/index/weibodetail', '{"id":"10"}', 'Common_email', 1557716688, 1),
(23, 1, '粉丝数增加', '肥丿肥 关注了你。', 'Ucenter/Index/index', '{"uid":"1"}', 'Ucenter', 1557737339, 1),
(24, 1, '粉丝数减少', '肥丿肥 取消了对你的关注。', 'Ucenter/Index/index', '{"uid":"1"}', 'Ucenter', 1557737340, 1),
(25, 101, '加入圈子提醒', 'lina已加入圈子【帝都】', 'Weibo/Crowd/crowd', '{"id":5,"type":"member"}', 'Weibo_crowd', 1557739518, 1),
(26, 101, 'lina@了您', '有人@了您，快去看看吧^……^！http://192.168.1.210/weibo/detail/12.html', 'Weibo/Index/weiboDetail', '{"id":12}', 'Common_mobile', 1557739537, 1),
(27, 101, 'lina@了您', '有人@了您，快去看看吧^……^！http://192.168.1.210/weibo/detail/12.html', 'Weibo/Index/weiboDetail', '{"id":12}', 'Common_email', 1557739537, 1),
(28, 1, '粉丝数增加', '肥丿肥 关注了你。', 'Ucenter/Index/index', '{"uid":"1"}', 'Ucenter', 1557740701, 1),
(29, 1, '粉丝数减少', '肥丿肥 取消了对你的关注。', 'Ucenter/Index/index', '{"uid":"1"}', 'Ucenter', 1557740705, 1),
(30, 1, '粉丝数增加', '肥丿肥 关注了你。', 'Ucenter/Index/index', '{"uid":"1"}', 'Ucenter', 1557740705, 1),
(31, 1, '粉丝数减少', '肥丿肥 取消了对你的关注。', 'Ucenter/Index/index', '{"uid":"1"}', 'Ucenter', 1557740706, 1),
(32, 1, '粉丝数增加', '系统推荐用户 肥丿肥 关注了你。', 'Ucenter/Index/index', '{"uid":1}', 'Ucenter', 1557740713, 1),
(33, 1, '粉丝数减少', '肥丿肥 取消了对你的关注。', 'Ucenter/Index/index', '{"uid":"1"}', 'Ucenter', 1557740714, 1),
(34, 101, 'lina@了您', '有人@了您，快去看看吧^……^！http://192.168.1.210/weibo/detail/14.html', 'Weibo/Index/weiboDetail', '{"id":14}', 'Common_mobile', 1557799533, 1),
(35, 101, 'lina@了您', '有人@了您，快去看看吧^……^！http://192.168.1.210/weibo/detail/14.html', 'Weibo/Index/weiboDetail', '{"id":14}', 'Common_email', 1557799533, 1),
(36, 101, 'lina赞了您', '有人赞了您的微博，快去看看吧^……^！http://192.168.1.210/weibo/detail/14.html', 'weibo/index/weibodetail', '{"id":"14"}', 'Common_mobile', 1557799965, 1),
(37, 101, 'lina赞了您', '有人赞了您的微博，快去看看吧^……^！http://192.168.1.210/weibo/detail/14.html', 'weibo/index/weibodetail', '{"id":"14"}', 'Common_email', 1557799965, 1),
(38, 101, '评论消息', '您的微博被评论，快去看看吧^……^！http://192.168.1.210/weibo/detail/15.html', 'Weibo/Index/weiboDetail', '{"id":15}', 'Common_mobile', 1557800030, 1),
(39, 101, '评论消息', '您的微博被评论，快去看看吧^……^！http://192.168.1.210/weibo/detail/15.html', 'Weibo/Index/weiboDetail', '{"id":15}', 'Common_email', 1557800030, 1),
(40, 101, 'lina@了您', '有人@了您，快去看看吧^……^！http://192.168.1.210/weibo/detail/15.html', 'Weibo/Index/weiboDetail', '{"id":15}', 'Common_mobile', 1557800030, 1),
(41, 101, 'lina@了您', '有人@了您，快去看看吧^……^！http://192.168.1.210/weibo/detail/15.html', 'Weibo/Index/weiboDetail', '{"id":15}', 'Common_email', 1557800030, 1),
(42, 101, 'lina赞了您', '有人赞了您的微博，快去看看吧^……^！http://192.168.1.210/weibo/detail/3.html', 'weibo/index/weibodetail', '{"id":"3"}', 'Common_mobile', 1557800037, 1),
(43, 101, 'lina赞了您', '有人赞了您的微博，快去看看吧^……^！http://192.168.1.210/weibo/detail/3.html', 'weibo/index/weibodetail', '{"id":"3"}', 'Common_email', 1557800037, 1),
(44, 101, 'lina@了您', '有人@了您，快去看看吧^……^！http://192.168.1.210/weibo/detail/16.html', 'Weibo/Index/weiboDetail', '{"id":16}', 'Common_mobile', 1557800245, 1),
(45, 101, 'lina@了您', '有人@了您，快去看看吧^……^！http://192.168.1.210/weibo/detail/16.html', 'Weibo/Index/weiboDetail', '{"id":16}', 'Common_email', 1557800245, 1),
(46, 101, 'lina@了您', '有人@了您，快去看看吧^……^！http://192.168.1.210/weibo/detail/17.html', 'Weibo/Index/weiboDetail', '{"id":17}', 'Common_mobile', 1557800453, 1),
(47, 101, 'lina@了您', '有人@了您，快去看看吧^……^！http://192.168.1.210/weibo/detail/17.html', 'Weibo/Index/weiboDetail', '{"id":17}', 'Common_email', 1557800453, 1),
(48, 101, 'lina@了您', '有人@了您，快去看看吧^……^！http://192.168.1.210/weibo/detail/18.html', 'Weibo/Index/weiboDetail', '{"id":18}', 'Common_mobile', 1557800552, 1),
(49, 101, 'lina@了您', '有人@了您，快去看看吧^……^！http://192.168.1.210/weibo/detail/18.html', 'Weibo/Index/weiboDetail', '{"id":18}', 'Common_email', 1557800552, 1),
(50, 101, 'lina@了您', '有人@了您，快去看看吧^……^！http://192.168.1.210/weibo/detail/19.html', 'Weibo/Index/weiboDetail', '{"id":19}', 'Common_mobile', 1557801432, 1),
(51, 101, 'lina@了您', '有人@了您，快去看看吧^……^！http://192.168.1.210/weibo/detail/19.html', 'Weibo/Index/weiboDetail', '{"id":19}', 'Common_email', 1557801432, 1),
(52, 101, 'lina赞了您', '有人赞了您的微博，快去看看吧^……^！http://192.168.1.210/weibo/detail/19.html', 'weibo/index/weibodetail', '{"id":"19"}', 'Common_mobile', 1557801437, 1),
(53, 101, 'lina赞了您', '有人赞了您的微博，快去看看吧^……^！http://192.168.1.210/weibo/detail/19.html', 'weibo/index/weibodetail', '{"id":"19"}', 'Common_email', 1557801437, 1),
(54, 1, '肥丿肥@了您', '有人@了您，快去看看吧^……^！http://192.168.1.210/weibo/detail/20.html', 'Weibo/Index/weiboDetail', '{"id":20}', 'Common_mobile', 1557801514, 1),
(55, 1, '肥丿肥@了您', '有人@了您，快去看看吧^……^！http://192.168.1.210/weibo/detail/20.html', 'Weibo/Index/weiboDetail', '{"id":20}', 'Common_email', 1557801514, 1),
(56, 1, '肥丿肥赞了您', '有人赞了您的微博，快去看看吧^……^！http://192.168.1.210/weibo/detail/20.html', 'weibo/index/weibodetail', '{"id":"20"}', 'Common_mobile', 1557801524, 1),
(57, 1, '肥丿肥赞了您', '有人赞了您的微博，快去看看吧^……^！http://192.168.1.210/weibo/detail/20.html', 'weibo/index/weibodetail', '{"id":"20"}', 'Common_email', 1557801524, 1),
(58, 1, '评论消息', '您的微博被评论，快去看看吧^……^！http://192.168.1.210/weibo/detail/20.html', 'Weibo/Index/weiboDetail', '{"id":20}', 'Common_mobile', 1557801547, 1),
(59, 1, '评论消息', '您的微博被评论，快去看看吧^……^！http://192.168.1.210/weibo/detail/20.html', 'Weibo/Index/weiboDetail', '{"id":20}', 'Common_email', 1557801547, 1),
(60, 1, '肥丿肥@了您', '有人@了您，快去看看吧^……^！http://192.168.1.210/weibo/detail/20.html', 'Weibo/Index/weiboDetail', '{"id":20}', 'Common_mobile', 1557801547, 1),
(61, 1, '肥丿肥@了您', '有人@了您，快去看看吧^……^！http://192.168.1.210/weibo/detail/20.html', 'Weibo/Index/weiboDetail', '{"id":20}', 'Common_email', 1557801547, 1),
(62, 1, '评论消息', '{"keyword1":"qweqweqwewe","keyword2":"\\u8bc4\\u8bba\\u6211\\u7684\\u52a8\\u6001\\uff1a","keyword3":"#\\u6e05\\u660e\\u8282\\u4e0d\\u597d\\u8fc7#1111111111111111111111"}', 'Weibo/Index/weiboDetail', '{"id":18}', 'Weibo', 1557801581, 1),
(63, 1, '评论消息', '您的微博被评论，快去看看吧^……^！http://192.168.1.210/weibo/detail/18.html', 'Weibo/Index/weiboDetail', '{"id":18}', 'Common_mobile', 1557801581, 1),
(64, 1, '评论消息', '您的微博被评论，快去看看吧^……^！http://192.168.1.210/weibo/detail/18.html', 'Weibo/Index/weiboDetail', '{"id":18}', 'Common_email', 1557801581, 1),
(65, 1, '肥丿肥@了您', '有人@了您，快去看看吧^……^！http://192.168.1.210/weibo/detail/18.html', 'Weibo/Index/weiboDetail', '{"id":18}', 'Common_mobile', 1557801581, 1),
(66, 1, '肥丿肥@了您', '有人@了您，快去看看吧^……^！http://192.168.1.210/weibo/detail/18.html', 'Weibo/Index/weiboDetail', '{"id":18}', 'Common_email', 1557801581, 1),
(67, 1, '肥丿肥@了您', '有人@了您，快去看看吧^……^！http://192.168.1.210/weibo/detail/21.html', 'Weibo/Index/weiboDetail', '{"id":21}', 'Common_mobile', 1557801611, 1),
(68, 1, '肥丿肥@了您', '有人@了您，快去看看吧^……^！http://192.168.1.210/weibo/detail/21.html', 'Weibo/Index/weiboDetail', '{"id":21}', 'Common_email', 1557801611, 1),
(69, 1, '肥丿肥@了您', '有人@了您，快去看看吧^……^！http://192.168.1.210/weibo/detail/22.html', 'Weibo/Index/weiboDetail', '{"id":22}', 'Common_mobile', 1557801665, 1),
(70, 1, '肥丿肥@了您', '有人@了您，快去看看吧^……^！http://192.168.1.210/weibo/detail/22.html', 'Weibo/Index/weiboDetail', '{"id":22}', 'Common_email', 1557801665, 1),
(71, 101, 'lina@了您', '有人@了您，快去看看吧^……^！http://192.168.1.210/weibo/detail/23.html', 'Weibo/Index/weiboDetail', '{"id":23}', 'Common_mobile', 1557801720, 1),
(72, 101, 'lina@了您', '有人@了您，快去看看吧^……^！http://192.168.1.210/weibo/detail/23.html', 'Weibo/Index/weiboDetail', '{"id":23}', 'Common_email', 1557801720, 1),
(73, 101, 'lina@了您', '有人@了您，快去看看吧^……^！http://192.168.1.210/weibo/detail/24.html', 'Weibo/Index/weiboDetail', '{"id":24}', 'Common_mobile', 1557802432, 1),
(74, 101, 'lina@了您', '有人@了您，快去看看吧^……^！http://192.168.1.210/weibo/detail/24.html', 'Weibo/Index/weiboDetail', '{"id":24}', 'Common_email', 1557802432, 1),
(75, 101, 'lina赞了您', '有人赞了您的微博，快去看看吧^……^！http://192.168.1.210/weibo/detail/24.html', 'weibo/index/weibodetail', '{"id":"24"}', 'Common_mobile', 1557802450, 1),
(76, 101, 'lina赞了您', '有人赞了您的微博，快去看看吧^……^！http://192.168.1.210/weibo/detail/24.html', 'weibo/index/weibodetail', '{"id":"24"}', 'Common_email', 1557802450, 1),
(77, 101, '评论消息', '您的微博被评论，快去看看吧^……^！http://192.168.1.210/weibo/detail/24.html', 'Weibo/Index/weiboDetail', '{"id":24}', 'Common_mobile', 1557802458, 1),
(78, 101, '评论消息', '您的微博被评论，快去看看吧^……^！http://192.168.1.210/weibo/detail/24.html', 'Weibo/Index/weiboDetail', '{"id":24}', 'Common_email', 1557802458, 1),
(79, 101, 'lina@了您', '有人@了您，快去看看吧^……^！http://192.168.1.210/weibo/detail/24.html', 'Weibo/Index/weiboDetail', '{"id":24}', 'Common_mobile', 1557802458, 1),
(80, 101, 'lina@了您', '有人@了您，快去看看吧^……^！http://192.168.1.210/weibo/detail/24.html', 'Weibo/Index/weiboDetail', '{"id":24}', 'Common_email', 1557802458, 1),
(81, 101, 'lina@了您', '有人@了您，快去看看吧^……^！http://192.168.1.210/weibo/detail/25.html', 'Weibo/Index/weiboDetail', '{"id":25}', 'Common_mobile', 1557802496, 1),
(82, 101, 'lina@了您', '有人@了您，快去看看吧^……^！http://192.168.1.210/weibo/detail/25.html', 'Weibo/Index/weiboDetail', '{"id":25}', 'Common_email', 1557802496, 1),
(83, 1, '肥丿肥赞了您', '有人赞了您的微博，快去看看吧^……^！', 'weibo/index/weibodetail', '{"id":"14"}', 'Ucenter', 1557803720, 1),
(84, 1, '肥丿肥赞了您', '有人赞了您的微博，快去看看吧^……^！http://192.168.1.210/weibo/detail/14.html', 'weibo/index/weibodetail', '{"id":"14"}', 'Common_mobile', 1557803720, 1),
(85, 1, '肥丿肥赞了您', '有人赞了您的微博，快去看看吧^……^！http://192.168.1.210/weibo/detail/14.html', 'weibo/index/weibodetail', '{"id":"14"}', 'Common_email', 1557803720, 1),
(86, 1, '肥丿肥赞了您', '有人赞了您的微博，快去看看吧^……^！', 'weibo/index/weibodetail', '{"id":"14"}', 'Ucenter', 1557803726, 1),
(87, 1, '肥丿肥赞了您', '有人赞了您的微博，快去看看吧^……^！http://192.168.1.210/weibo/detail/14.html', 'weibo/index/weibodetail', '{"id":"14"}', 'Common_mobile', 1557803726, 1),
(88, 1, '肥丿肥赞了您', '有人赞了您的微博，快去看看吧^……^！http://192.168.1.210/weibo/detail/14.html', 'weibo/index/weibodetail', '{"id":"14"}', 'Common_email', 1557803726, 1),
(89, 101, 'lina@了您', '有人@了您，快去看看吧^……^！http://192.168.1.210/weibo/detail/26.html', 'Weibo/Index/weiboDetail', '{"id":26}', 'Common_mobile', 1557823070, 1),
(90, 101, 'lina@了您', '有人@了您，快去看看吧^……^！http://192.168.1.210/weibo/detail/26.html', 'Weibo/Index/weiboDetail', '{"id":26}', 'Common_email', 1557823070, 1),
(91, 101, '评论消息', '您的微博被评论，快去看看吧^……^！http://192.168.1.210/weibo/detail/26.html', 'Weibo/Index/weiboDetail', '{"id":26}', 'Common_mobile', 1557823082, 1),
(92, 101, '评论消息', '您的微博被评论，快去看看吧^……^！http://192.168.1.210/weibo/detail/26.html', 'Weibo/Index/weiboDetail', '{"id":26}', 'Common_email', 1557823082, 1),
(93, 101, 'lina@了您', '有人@了您，快去看看吧^……^！http://192.168.1.210/weibo/detail/26.html', 'Weibo/Index/weiboDetail', '{"id":26}', 'Common_mobile', 1557823082, 1),
(94, 101, 'lina@了您', '有人@了您，快去看看吧^……^！http://192.168.1.210/weibo/detail/26.html', 'Weibo/Index/weiboDetail', '{"id":26}', 'Common_email', 1557823082, 1),
(95, 101, 'lina赞了您', '有人赞了您的微博，快去看看吧^……^！http://192.168.1.210/weibo/detail/26.html', 'weibo/index/weibodetail', '{"id":"26"}', 'Common_mobile', 1557823093, 1),
(96, 101, 'lina赞了您', '有人赞了您的微博，快去看看吧^……^！http://192.168.1.210/weibo/detail/26.html', 'weibo/index/weibodetail', '{"id":"26"}', 'Common_email', 1557823093, 1),
(97, 101, '粉丝数增加', 'lina 关注了你。', 'Ucenter/Index/index', '{"uid":"101"}', 'Ucenter', 1557828638, 1),
(98, 101, '粉丝数增加', 'lina 关注了你。', 'Ucenter/Index/index', '{"uid":"101"}', 'Ucenter', 1557828640, 1),
(99, 101, '粉丝数减少', 'lina 取消了对你的关注。', 'Ucenter/Index/index', '{"uid":"101"}', 'Ucenter', 1557884358, 1),
(100, 101, '粉丝数增加', 'lina 关注了你。', 'Ucenter/Index/index', '{"uid":"101"}', 'Ucenter', 1557884360, 1),
(101, 1, '肥丿肥赞了您', '有人赞了您的微博，快去看看吧^……^！', 'weibo/index/weibodetail', '{"id":"26"}', 'Ucenter', 1557885078, 1),
(102, 1, '肥丿肥赞了您', '有人赞了您的微博，快去看看吧^……^！http://192.168.1.210/weibo/detail/26.html', 'weibo/index/weibodetail', '{"id":"26"}', 'Common_mobile', 1557885078, 1),
(103, 1, '肥丿肥赞了您', '有人赞了您的微博，快去看看吧^……^！http://192.168.1.210/weibo/detail/26.html', 'weibo/index/weibodetail', '{"id":"26"}', 'Common_email', 1557885078, 1),
(104, 1, '粉丝数增加', '系统推荐用户 肥丿肥 关注了你。', 'Ucenter/Index/index', '{"uid":1}', 'Ucenter', 1557885088, 1),
(105, 1, '粉丝数减少', '肥丿肥 取消了对你的关注。', 'Ucenter/Index/index', '{"uid":"1"}', 'Ucenter', 1557885090, 1),
(106, 101, '粉丝数减少', 'lina 取消了对你的关注。', 'Ucenter/Index/index', '{"uid":"101"}', 'Ucenter', 1557885451, 1),
(107, 101, '粉丝数增加', 'lina 关注了你。', 'Ucenter/Index/index', '{"uid":"101"}', 'Ucenter', 1557885451, 1),
(108, 101, '粉丝数减少', 'lina 取消了对你的关注。', 'Ucenter/Index/index', '{"uid":"101"}', 'Ucenter', 1557885454, 1),
(109, 101, '粉丝数增加', 'lina 关注了你。', 'Ucenter/Index/index', '{"uid":"101"}', 'Ucenter', 1557885454, 1),
(110, 1, '粉丝数增加', '肥丿肥 关注了你。', 'Ucenter/Index/index', '{"uid":"1"}', 'Ucenter', 1557885519, 1),
(111, 1, '粉丝数减少', '肥丿肥 取消了对你的关注。', 'Ucenter/Index/index', '{"uid":"1"}', 'Ucenter', 1557885520, 1),
(112, 1, '粉丝数增加', '肥丿肥 关注了你。', 'Ucenter/Index/index', '{"uid":"1"}', 'Ucenter', 1557885596, 1),
(113, 1, '粉丝数减少', '肥丿肥 取消了对你的关注。', 'Ucenter/Index/index', '{"uid":"1"}', 'Ucenter', 1557885596, 1),
(114, 1, '粉丝数增加', '肥丿肥 关注了你。', 'Ucenter/Index/index', '{"uid":"1"}', 'Ucenter', 1557885917, 1),
(115, 1, '粉丝数减少', '肥丿肥 取消了对你的关注。', 'Ucenter/Index/index', '{"uid":"1"}', 'Ucenter', 1557885918, 1),
(116, 1, '粉丝数增加', '肥丿肥 关注了你。', 'Ucenter/Index/index', '{"uid":"1"}', 'Ucenter', 1557885998, 1),
(117, 1, '粉丝数增加', '肥丿肥 关注了你。', 'Ucenter/Index/index', '{"uid":"1"}', 'Ucenter', 1557886041, 1),
(118, 1, '粉丝数减少', '肥丿肥 取消了对你的关注。', 'Ucenter/Index/index', '{"uid":"1"}', 'Ucenter', 1557886042, 1),
(119, 101, '退出圈子提醒', 'lina已退出圈子【帝都】', 'Ucenter/Index/information', '{"uid":"101"}', 'Weibo_crowd', 1557900559, 1),
(120, 101, '加入圈子提醒', 'lina已加入圈子【帝都】', 'Weibo/Crowd/crowd', '{"id":5,"type":"member"}', 'Weibo_crowd', 1557900561, 1),
(121, 1, '粉丝数增加', '肥丿肥 关注了你。', 'Ucenter/Index/index', '{"uid":"1"}', 'Ucenter', 1557904017, 1),
(122, 1, '粉丝数减少', '肥丿肥 取消了对你的关注。', 'Ucenter/Index/index', '{"uid":"1"}', 'Ucenter', 1557904026, 1),
(123, 1, '粉丝数增加', '肥丿肥 关注了你。', 'Ucenter/Index/index', '{"uid":"1"}', 'Ucenter', 1557904027, 1),
(124, 1, '粉丝数减少', '肥丿肥 取消了对你的关注。', 'Ucenter/Index/index', '{"uid":"1"}', 'Ucenter', 1557904029, 1),
(125, 1, '粉丝数增加', '肥丿肥 关注了你。', 'Ucenter/Index/index', '{"uid":"1"}', 'Ucenter', 1557904031, 1),
(126, 101, 'lina@了您', '有人@了您，快去看看吧^……^！http://192.168.1.210/weibo/detail/27.html', 'Weibo/Index/weiboDetail', '{"id":27}', 'Common_mobile', 1557908858, 1),
(127, 101, 'lina@了您', '有人@了您，快去看看吧^……^！http://192.168.1.210/weibo/detail/27.html', 'Weibo/Index/weiboDetail', '{"id":27}', 'Common_email', 1557908858, 1),
(128, 1, '粉丝数减少', '肥丿肥 取消了对你的关注。', 'Ucenter/Index/index', '{"uid":"1"}', 'Ucenter', 1557911989, 1),
(129, 1, '粉丝数增加', '肥丿肥 关注了你。', 'Ucenter/Index/index', '{"uid":"1"}', 'Ucenter', 1557911990, 1),
(130, 1, '粉丝数减少', '肥丿肥 取消了对你的关注。', 'Ucenter/Index/index', '{"uid":"1"}', 'Ucenter', 1557911992, 1),
(131, 1, '粉丝数增加', '肥丿肥 关注了你。', 'Ucenter/Index/index', '{"uid":"1"}', 'Ucenter', 1557911992, 1),
(132, 101, 'lina赞了您', '有人赞了您的微博，快去看看吧^……^！http://192.168.1.210/weibo/detail/27.html', 'weibo/index/weibodetail', '{"id":"27"}', 'Common_mobile', 1557913483, 1),
(133, 101, 'lina赞了您', '有人赞了您的微博，快去看看吧^……^！http://192.168.1.210/weibo/detail/27.html', 'weibo/index/weibodetail', '{"id":"27"}', 'Common_email', 1557913483, 1),
(134, 101, '评论消息', '您的微博被评论，快去看看吧^……^！http://192.168.1.210/weibo/detail/27.html', 'Weibo/Index/weiboDetail', '{"id":27}', 'Common_mobile', 1557913529, 1),
(135, 101, '评论消息', '您的微博被评论，快去看看吧^……^！http://192.168.1.210/weibo/detail/27.html', 'Weibo/Index/weiboDetail', '{"id":27}', 'Common_email', 1557913529, 1),
(136, 101, 'lina@了您', '有人@了您，快去看看吧^……^！http://192.168.1.210/weibo/detail/27.html', 'Weibo/Index/weiboDetail', '{"id":27}', 'Common_mobile', 1557913529, 1),
(137, 101, 'lina@了您', '有人@了您，快去看看吧^……^！http://192.168.1.210/weibo/detail/27.html', 'Weibo/Index/weiboDetail', '{"id":27}', 'Common_email', 1557913529, 1),
(138, 101, 'lina赞了您', '有人赞了您的微博，快去看看吧^……^！http://192.168.1.210/weibo/detail/27.html', 'weibo/index/weibodetail', '{"id":"27"}', 'Common_mobile', 1557913918, 1),
(139, 101, 'lina赞了您', '有人赞了您的微博，快去看看吧^……^！http://192.168.1.210/weibo/detail/27.html', 'weibo/index/weibodetail', '{"id":"27"}', 'Common_email', 1557913918, 1),
(140, 101, 'lina赞了您', '有人赞了您的微博，快去看看吧^……^！http://192.168.1.210/weibo/detail/27.html', 'weibo/index/weibodetail', '{"id":"27"}', 'Common_mobile', 1557913924, 1),
(141, 101, 'lina赞了您', '有人赞了您的微博，快去看看吧^……^！http://192.168.1.210/weibo/detail/27.html', 'weibo/index/weibodetail', '{"id":"27"}', 'Common_email', 1557913924, 1),
(142, 101, 'lina赞了您', '有人赞了您的微博，快去看看吧^……^！http://192.168.1.210/weibo/index/dosupport.html', '', '{"id":""}', 'Common_mobile', 1557913935, 1),
(143, 101, 'lina赞了您', '有人赞了您的微博，快去看看吧^……^！http://192.168.1.210/weibo/index/dosupport.html', '', '{"id":""}', 'Common_email', 1557913935, 1),
(144, 101, '退出圈子提醒', 'lina已退出圈子【帝都】', 'Ucenter/Index/information', '{"uid":"101"}', 'Weibo_crowd', 1557914165, 1),
(145, 101, 'lina赞了您', '有人赞了您的微博，快去看看吧^……^！', 'weibo/index/weibodetail', '{"id":"21"}', 'Ucenter', 1557914407, 1),
(146, 101, 'lina赞了您', '有人赞了您的微博，快去看看吧^……^！http://192.168.1.210/weibo/detail/21.html', 'weibo/index/weibodetail', '{"id":"21"}', 'Common_mobile', 1557914407, 1),
(147, 101, 'lina赞了您', '有人赞了您的微博，快去看看吧^……^！http://192.168.1.210/weibo/detail/21.html', 'weibo/index/weibodetail', '{"id":"21"}', 'Common_email', 1557914407, 1),
(148, 101, 'lina赞了您', '有人赞了您的微博，快去看看吧^……^！', 'weibo/index/weibodetail', '{"id":"21"}', 'Ucenter', 1557914410, 1),
(149, 101, 'lina赞了您', '有人赞了您的微博，快去看看吧^……^！http://192.168.1.210/weibo/detail/21.html', 'weibo/index/weibodetail', '{"id":"21"}', 'Common_mobile', 1557914410, 1),
(150, 101, 'lina赞了您', '有人赞了您的微博，快去看看吧^……^！http://192.168.1.210/weibo/detail/21.html', 'weibo/index/weibodetail', '{"id":"21"}', 'Common_email', 1557914410, 1),
(151, 101, '加入圈子提醒', 'lina已加入圈子【bug反馈】', 'Weibo/Crowd/crowd', '{"id":3,"type":"member"}', 'Weibo_crowd', 1557914421, 1),
(152, 101, '退出圈子提醒', 'lina已退出圈子【bug反馈】', 'Ucenter/Index/information', '{"uid":"101"}', 'Weibo_crowd', 1557914422, 1),
(153, 101, '加入圈子提醒', 'lina已加入圈子【新闻资讯】', 'Weibo/Crowd/crowd', '{"id":2,"type":"member"}', 'Weibo_crowd', 1557914423, 1),
(154, 101, '退出圈子提醒', 'lina已退出圈子【新闻资讯】', 'Ucenter/Index/information', '{"uid":"101"}', 'Weibo_crowd', 1557914424, 1),
(155, 101, 'lina@了您', '有人@了您，快去看看吧^……^！http://192.168.1.210/weibo/detail/28.html', 'Weibo/Index/weiboDetail', '{"id":28}', 'Common_mobile', 1557914850, 1),
(156, 101, 'lina@了您', '有人@了您，快去看看吧^……^！http://192.168.1.210/weibo/detail/28.html', 'Weibo/Index/weiboDetail', '{"id":28}', 'Common_email', 1557914850, 1),
(157, 101, '转发提醒', '{"keyword1":"\\/\\/@\\u80a5\\u4e3f\\u80a5\\uff1a123123123123111","keyword2":"\\u8f6c\\u53d1\\u4e86\\u4f60\\u7684\\u5fae\\u535a\\uff1a","keyword3":""}', 'Weibo/Index/weiboDetail', '{"id":28}', 'Weibo', 1557914850, 1),
(158, 101, '加入圈子提醒', 'lina已加入圈子【bug反馈】', 'Weibo/Crowd/crowd', '{"id":3,"type":"member"}', 'Weibo_crowd', 1557915118, 1),
(159, 101, '粉丝数减少', 'lina 取消了对你的关注。', 'Ucenter/Index/index', '{"uid":"101"}', 'Ucenter', 1557915123, 1),
(160, 101, '粉丝数增加', 'lina 关注了你。', 'Ucenter/Index/index', '{"uid":"101"}', 'Ucenter', 1557915124, 1),
(161, 101, '粉丝数减少', 'lina 取消了对你的关注。', 'Ucenter/Index/index', '{"uid":"101"}', 'Ucenter', 1557915125, 1),
(162, 101, '粉丝数增加', 'lina 关注了你。', 'Ucenter/Index/index', '{"uid":"101"}', 'Ucenter', 1557915125, 1),
(163, 101, 'lina赞了您', '有人赞了您的微博，快去看看吧^……^！', 'weibo/index/weibodetail', '{"id":"21"}', 'Ucenter', 1557915766, 1),
(164, 101, 'lina赞了您', '有人赞了您的微博，快去看看吧^……^！http://192.168.1.210/weibo/detail/21.html', 'weibo/index/weibodetail', '{"id":"21"}', 'Common_mobile', 1557915766, 1),
(165, 101, 'lina赞了您', '有人赞了您的微博，快去看看吧^……^！http://192.168.1.210/weibo/detail/21.html', 'weibo/index/weibodetail', '{"id":"21"}', 'Common_email', 1557915766, 1),
(166, 101, 'lina赞了您', '有人赞了您的微博，快去看看吧^……^！', 'weibo/index/weibodetail', '{"id":"21"}', 'Ucenter', 1557915781, 1),
(167, 101, 'lina赞了您', '有人赞了您的微博，快去看看吧^……^！http://192.168.1.210/weibo/detail/21.html', 'weibo/index/weibodetail', '{"id":"21"}', 'Common_mobile', 1557915781, 1),
(168, 101, 'lina赞了您', '有人赞了您的微博，快去看看吧^……^！http://192.168.1.210/weibo/detail/21.html', 'weibo/index/weibodetail', '{"id":"21"}', 'Common_email', 1557915781, 1),
(169, 101, 'lina赞了您', '有人赞了您的微博，快去看看吧^……^！http://192.168.1.210/weibo/detail/28.html', 'weibo/index/weibodetail', '{"id":"28"}', 'Common_mobile', 1557915811, 1),
(170, 101, 'lina赞了您', '有人赞了您的微博，快去看看吧^……^！http://192.168.1.210/weibo/detail/28.html', 'weibo/index/weibodetail', '{"id":"28"}', 'Common_email', 1557915811, 1),
(171, 101, 'lina赞了您', '有人赞了您的微博，快去看看吧^……^！http://192.168.1.210/weibo/detail/28.html', 'weibo/index/weibodetail', '{"id":"28"}', 'Common_mobile', 1557915813, 1),
(172, 101, 'lina赞了您', '有人赞了您的微博，快去看看吧^……^！http://192.168.1.210/weibo/detail/28.html', 'weibo/index/weibodetail', '{"id":"28"}', 'Common_email', 1557915813, 1),
(173, 101, 'lina赞了您', '有人赞了您的微博，快去看看吧^……^！http://192.168.1.210/weibo/detail/28.html', 'weibo/index/weibodetail', '{"id":"28"}', 'Common_mobile', 1557915814, 1),
(174, 101, 'lina赞了您', '有人赞了您的微博，快去看看吧^……^！http://192.168.1.210/weibo/detail/28.html', 'weibo/index/weibodetail', '{"id":"28"}', 'Common_email', 1557915814, 1),
(175, 101, 'lina赞了您', '有人赞了您的微博，快去看看吧^……^！http://192.168.1.210/weibo/detail/28.html', 'weibo/index/weibodetail', '{"id":"28"}', 'Common_mobile', 1557915815, 1),
(176, 101, 'lina赞了您', '有人赞了您的微博，快去看看吧^……^！http://192.168.1.210/weibo/detail/28.html', 'weibo/index/weibodetail', '{"id":"28"}', 'Common_email', 1557915815, 1),
(177, 101, 'lina赞了您', '有人赞了您的微博，快去看看吧^……^！http://192.168.1.210/weibo/detail/28.html', 'weibo/index/weibodetail', '{"id":"28"}', 'Common_mobile', 1557915815, 1),
(178, 101, 'lina赞了您', '有人赞了您的微博，快去看看吧^……^！http://192.168.1.210/weibo/detail/28.html', 'weibo/index/weibodetail', '{"id":"28"}', 'Common_email', 1557915815, 1),
(179, 101, 'lina赞了您', '有人赞了您的微博，快去看看吧^……^！http://192.168.1.210/weibo/detail/28.html', 'weibo/index/weibodetail', '{"id":"28"}', 'Common_mobile', 1557915816, 1),
(180, 101, 'lina赞了您', '有人赞了您的微博，快去看看吧^……^！http://192.168.1.210/weibo/detail/28.html', 'weibo/index/weibodetail', '{"id":"28"}', 'Common_email', 1557915816, 1),
(181, 101, 'lina赞了您', '有人赞了您的微博，快去看看吧^……^！http://192.168.1.210/weibo/detail/28.html', 'weibo/index/weibodetail', '{"id":"28"}', 'Common_mobile', 1557915816, 1),
(182, 101, 'lina赞了您', '有人赞了您的微博，快去看看吧^……^！http://192.168.1.210/weibo/detail/28.html', 'weibo/index/weibodetail', '{"id":"28"}', 'Common_email', 1557915816, 1),
(183, 101, 'lina赞了您', '有人赞了您的微博，快去看看吧^……^！http://192.168.1.210/weibo/detail/28.html', 'weibo/index/weibodetail', '{"id":"28"}', 'Common_mobile', 1557915816, 1),
(184, 101, 'lina赞了您', '有人赞了您的微博，快去看看吧^……^！http://192.168.1.210/weibo/detail/28.html', 'weibo/index/weibodetail', '{"id":"28"}', 'Common_email', 1557915816, 1),
(185, 101, 'lina赞了您', '有人赞了您的微博，快去看看吧^……^！http://192.168.1.210/weibo/detail/28.html', 'weibo/index/weibodetail', '{"id":"28"}', 'Common_mobile', 1557915817, 1),
(186, 101, 'lina赞了您', '有人赞了您的微博，快去看看吧^……^！http://192.168.1.210/weibo/detail/28.html', 'weibo/index/weibodetail', '{"id":"28"}', 'Common_email', 1557915817, 1),
(187, 101, 'lina赞了您', '有人赞了您的微博，快去看看吧^……^！http://192.168.1.210/weibo/detail/28.html', 'weibo/index/weibodetail', '{"id":"28"}', 'Common_mobile', 1557915817, 1),
(188, 101, 'lina赞了您', '有人赞了您的微博，快去看看吧^……^！http://192.168.1.210/weibo/detail/28.html', 'weibo/index/weibodetail', '{"id":"28"}', 'Common_email', 1557915817, 1),
(189, 101, 'lina赞了您', '有人赞了您的微博，快去看看吧^……^！http://192.168.1.210/weibo/detail/28.html', 'weibo/index/weibodetail', '{"id":"28"}', 'Common_mobile', 1557915817, 1),
(190, 101, 'lina赞了您', '有人赞了您的微博，快去看看吧^……^！http://192.168.1.210/weibo/detail/28.html', 'weibo/index/weibodetail', '{"id":"28"}', 'Common_email', 1557915817, 1),
(191, 101, 'lina赞了您', '有人赞了您的微博，快去看看吧^……^！http://192.168.1.210/weibo/detail/28.html', 'weibo/index/weibodetail', '{"id":"28"}', 'Common_mobile', 1557915818, 1),
(192, 101, 'lina赞了您', '有人赞了您的微博，快去看看吧^……^！http://192.168.1.210/weibo/detail/28.html', 'weibo/index/weibodetail', '{"id":"28"}', 'Common_email', 1557915818, 1),
(193, 101, 'lina赞了您', '有人赞了您的微博，快去看看吧^……^！http://192.168.1.210/weibo/detail/28.html', 'weibo/index/weibodetail', '{"id":"28"}', 'Common_mobile', 1557915818, 1),
(194, 101, 'lina赞了您', '有人赞了您的微博，快去看看吧^……^！http://192.168.1.210/weibo/detail/28.html', 'weibo/index/weibodetail', '{"id":"28"}', 'Common_email', 1557915818, 1),
(195, 101, 'lina赞了您', '有人赞了您的微博，快去看看吧^……^！http://192.168.1.210/weibo/detail/28.html', 'weibo/index/weibodetail', '{"id":"28"}', 'Common_mobile', 1557915818, 1),
(196, 101, 'lina赞了您', '有人赞了您的微博，快去看看吧^……^！http://192.168.1.210/weibo/detail/28.html', 'weibo/index/weibodetail', '{"id":"28"}', 'Common_email', 1557915818, 1),
(197, 101, 'lina赞了您', '有人赞了您的微博，快去看看吧^……^！http://192.168.1.210/weibo/detail/28.html', 'weibo/index/weibodetail', '{"id":"28"}', 'Common_mobile', 1557915819, 1),
(198, 101, 'lina赞了您', '有人赞了您的微博，快去看看吧^……^！http://192.168.1.210/weibo/detail/28.html', 'weibo/index/weibodetail', '{"id":"28"}', 'Common_email', 1557915819, 1),
(199, 101, 'lina赞了您', '有人赞了您的微博，快去看看吧^……^！http://192.168.1.210/weibo/detail/28.html', 'weibo/index/weibodetail', '{"id":"28"}', 'Common_mobile', 1557915819, 1),
(200, 101, 'lina赞了您', '有人赞了您的微博，快去看看吧^……^！http://192.168.1.210/weibo/detail/28.html', 'weibo/index/weibodetail', '{"id":"28"}', 'Common_email', 1557915819, 1),
(201, 101, 'lina赞了您', '有人赞了您的微博，快去看看吧^……^！', 'weibo/index/weibodetail', '{"id":"21"}', 'Ucenter', 1557969013, 1),
(202, 101, 'lina赞了您', '有人赞了您的微博，快去看看吧^……^！http://192.168.1.210/weibo/detail/21.html', 'weibo/index/weibodetail', '{"id":"21"}', 'Common_mobile', 1557969013, 1),
(203, 101, 'lina赞了您', '有人赞了您的微博，快去看看吧^……^！http://192.168.1.210/weibo/detail/21.html', 'weibo/index/weibodetail', '{"id":"21"}', 'Common_email', 1557969013, 1),
(204, 101, 'lina赞了您', '有人赞了您的微博，快去看看吧^……^！', 'weibo/index/weibodetail', '{"id":"21"}', 'Ucenter', 1557969015, 1),
(205, 101, 'lina赞了您', '有人赞了您的微博，快去看看吧^……^！http://192.168.1.210/weibo/detail/21.html', 'weibo/index/weibodetail', '{"id":"21"}', 'Common_mobile', 1557969015, 1),
(206, 101, 'lina赞了您', '有人赞了您的微博，快去看看吧^……^！http://192.168.1.210/weibo/detail/21.html', 'weibo/index/weibodetail', '{"id":"21"}', 'Common_email', 1557969015, 1),
(207, 101, 'lina赞了您', '有人赞了您的微博，快去看看吧^……^！', 'weibo/index/weibodetail', '{"id":"21"}', 'Ucenter', 1557969020, 1),
(208, 101, 'lina赞了您', '有人赞了您的微博，快去看看吧^……^！http://192.168.1.210/weibo/detail/21.html', 'weibo/index/weibodetail', '{"id":"21"}', 'Common_mobile', 1557969020, 1),
(209, 101, 'lina赞了您', '有人赞了您的微博，快去看看吧^……^！http://192.168.1.210/weibo/detail/21.html', 'weibo/index/weibodetail', '{"id":"21"}', 'Common_email', 1557969020, 1),
(210, 101, 'lina赞了您', '有人赞了您的微博，快去看看吧^……^！', 'weibo/index/weibodetail', '{"id":"21"}', 'Ucenter', 1557969023, 1),
(211, 101, 'lina赞了您', '有人赞了您的微博，快去看看吧^……^！http://192.168.1.210/weibo/detail/21.html', 'weibo/index/weibodetail', '{"id":"21"}', 'Common_mobile', 1557969023, 1),
(212, 101, 'lina赞了您', '有人赞了您的微博，快去看看吧^……^！http://192.168.1.210/weibo/detail/21.html', 'weibo/index/weibodetail', '{"id":"21"}', 'Common_email', 1557969023, 1),
(213, 101, '加入圈子提醒', 'lina已加入圈子【帝都】', 'Weibo/Crowd/crowd', '{"id":5,"type":"member"}', 'Weibo_crowd', 1557969027, 1),
(214, 101, '退出圈子提醒', 'lina已退出圈子【帝都】', 'Ucenter/Index/information', '{"uid":"101"}', 'Weibo_crowd', 1557969028, 1),
(215, 101, '加入圈子提醒', 'lina已加入圈子【再开发及插件】', 'Weibo/Crowd/crowd', '{"id":4,"type":"member"}', 'Weibo_crowd', 1557969030, 1),
(216, 101, '退出圈子提醒', 'lina已退出圈子【再开发及插件】', 'Ucenter/Index/information', '{"uid":"101"}', 'Weibo_crowd', 1557969031, 1),
(217, 101, 'lina赞了您', '有人赞了您的微博，快去看看吧^……^！', 'weibo/index/weibodetail', '{"id":"21"}', 'Ucenter', 1557974655, 1),
(218, 101, 'lina赞了您', '有人赞了您的微博，快去看看吧^……^！http://192.168.1.210/weibo/detail/21.html', 'weibo/index/weibodetail', '{"id":"21"}', 'Common_mobile', 1557974655, 1),
(219, 101, 'lina赞了您', '有人赞了您的微博，快去看看吧^……^！http://192.168.1.210/weibo/detail/21.html', 'weibo/index/weibodetail', '{"id":"21"}', 'Common_email', 1557974655, 1),
(220, 101, 'lina赞了您', '有人赞了您的微博，快去看看吧^……^！http://192.168.1.210/weibo/detail/28.html', 'weibo/index/weibodetail', '{"id":"28"}', 'Common_mobile', 1557974677, 1),
(221, 101, 'lina赞了您', '有人赞了您的微博，快去看看吧^……^！http://192.168.1.210/weibo/detail/28.html', 'weibo/index/weibodetail', '{"id":"28"}', 'Common_email', 1557974677, 1),
(222, 101, 'lina赞了您', '有人赞了您的微博，快去看看吧^……^！', 'weibo/index/weibodetail', '{"id":"21"}', 'Ucenter', 1557975110, 1),
(223, 101, 'lina赞了您', '有人赞了您的微博，快去看看吧^……^！http://192.168.1.210/weibo/detail/21.html', 'weibo/index/weibodetail', '{"id":"21"}', 'Common_mobile', 1557975110, 1),
(224, 101, 'lina赞了您', '有人赞了您的微博，快去看看吧^……^！http://192.168.1.210/weibo/detail/21.html', 'weibo/index/weibodetail', '{"id":"21"}', 'Common_email', 1557975110, 1),
(225, 101, 'lina赞了您', '有人赞了您的微博，快去看看吧^……^！http://192.168.1.210/weibo/detail/28.html', 'weibo/index/weibodetail', '{"id":"28"}', 'Common_mobile', 1557977996, 1),
(226, 101, 'lina赞了您', '有人赞了您的微博，快去看看吧^……^！http://192.168.1.210/weibo/detail/28.html', 'weibo/index/weibodetail', '{"id":"28"}', 'Common_email', 1557977996, 1),
(227, 1, '肥丿肥赞了您', '有人赞了您的微博，快去看看吧^……^！http://192.168.1.210/weibo/detail/21.html', 'weibo/index/weibodetail', '{"id":"21"}', 'Common_mobile', 1557987681, 1),
(228, 1, '肥丿肥赞了您', '有人赞了您的微博，快去看看吧^……^！http://192.168.1.210/weibo/detail/21.html', 'weibo/index/weibodetail', '{"id":"21"}', 'Common_email', 1557987681, 1),
(229, 1, '肥丿肥赞了您', '有人赞了您的微博，快去看看吧^……^！', 'weibo/index/weibodetail', '{"id":"28"}', 'Ucenter', 1557989732, 1),
(230, 1, '肥丿肥赞了您', '有人赞了您的微博，快去看看吧^……^！http://192.168.1.210/weibo/detail/28.html', 'weibo/index/weibodetail', '{"id":"28"}', 'Common_mobile', 1557989732, 1),
(231, 1, '肥丿肥赞了您', '有人赞了您的微博，快去看看吧^……^！http://192.168.1.210/weibo/detail/28.html', 'weibo/index/weibodetail', '{"id":"28"}', 'Common_email', 1557989732, 1),
(232, 1, '肥丿肥赞了您', '有人赞了您的微博，快去看看吧^……^！http://192.168.1.210/weibo/detail/21.html', 'weibo/index/weibodetail', '{"id":"21"}', 'Common_mobile', 1557990870, 1),
(233, 1, '肥丿肥赞了您', '有人赞了您的微博，快去看看吧^……^！http://192.168.1.210/weibo/detail/21.html', 'weibo/index/weibodetail', '{"id":"21"}', 'Common_email', 1557990870, 1),
(234, 1, '肥丿肥赞了您', '有人赞了您的微博，快去看看吧^……^！http://192.168.1.210/weibo/detail/21.html', 'weibo/index/weibodetail', '{"id":"21"}', 'Common_mobile', 1557990883, 1),
(235, 1, '肥丿肥赞了您', '有人赞了您的微博，快去看看吧^……^！http://192.168.1.210/weibo/detail/21.html', 'weibo/index/weibodetail', '{"id":"21"}', 'Common_email', 1557990883, 1),
(236, 1, '肥丿肥赞了您', '有人赞了您的微博，快去看看吧^……^！http://192.168.1.210/weibo/detail/21.html', 'weibo/index/weibodetail', '{"id":"21"}', 'Common_mobile', 1557990885, 1),
(237, 1, '肥丿肥赞了您', '有人赞了您的微博，快去看看吧^……^！http://192.168.1.210/weibo/detail/21.html', 'weibo/index/weibodetail', '{"id":"21"}', 'Common_email', 1557990885, 1),
(238, 1, '肥丿肥@了您', '有人@了您，快去看看吧^……^！http://192.168.1.210/weibo/detail/29.html', 'Weibo/Index/weiboDetail', '{"id":29}', 'Common_mobile', 1557991522, 1),
(239, 1, '肥丿肥@了您', '有人@了您，快去看看吧^……^！http://192.168.1.210/weibo/detail/29.html', 'Weibo/Index/weiboDetail', '{"id":29}', 'Common_email', 1557991522, 1),
(240, 1, '肥丿肥赞了您', '有人赞了您的微博，快去看看吧^……^！http://192.168.1.210/weibo/detail/29.html', 'weibo/index/weibodetail', '{"id":"29"}', 'Common_mobile', 1557991527, 1),
(241, 1, '肥丿肥赞了您', '有人赞了您的微博，快去看看吧^……^！http://192.168.1.210/weibo/detail/29.html', 'weibo/index/weibodetail', '{"id":"29"}', 'Common_email', 1557991527, 1),
(242, 1, '评论消息', '您的微博被评论，快去看看吧^……^！http://192.168.1.210/weibo/detail/29.html', 'Weibo/Index/weiboDetail', '{"id":29}', 'Common_mobile', 1557991552, 1),
(243, 1, '评论消息', '您的微博被评论，快去看看吧^……^！http://192.168.1.210/weibo/detail/29.html', 'Weibo/Index/weiboDetail', '{"id":29}', 'Common_email', 1557991552, 1),
(244, 1, '肥丿肥@了您', '有人@了您，快去看看吧^……^！http://192.168.1.210/weibo/detail/29.html', 'Weibo/Index/weiboDetail', '{"id":29}', 'Common_mobile', 1557991552, 1),
(245, 1, '肥丿肥@了您', '有人@了您，快去看看吧^……^！http://192.168.1.210/weibo/detail/29.html', 'Weibo/Index/weiboDetail', '{"id":29}', 'Common_email', 1557991552, 1),
(246, 1, '评论消息', '您的微博被评论，快去看看吧^……^！http://192.168.1.210/weibo/detail/29.html', 'Weibo/Index/weiboDetail', '{"id":29}', 'Common_mobile', 1557991606, 1),
(247, 1, '评论消息', '您的微博被评论，快去看看吧^……^！http://192.168.1.210/weibo/detail/29.html', 'Weibo/Index/weiboDetail', '{"id":29}', 'Common_email', 1557991606, 1),
(248, 1, '肥丿肥@了您', '有人@了您，快去看看吧^……^！http://192.168.1.210/weibo/detail/29.html', 'Weibo/Index/weiboDetail', '{"id":29}', 'Common_mobile', 1557991606, 1),
(249, 1, '肥丿肥@了您', '有人@了您，快去看看吧^……^！http://192.168.1.210/weibo/detail/29.html', 'Weibo/Index/weiboDetail', '{"id":29}', 'Common_email', 1557991606, 1),
(250, 1, '肥丿肥@了您', '有人@了您，快去看看吧^……^！http://192.168.1.210/weibo/detail/30.html', 'Weibo/Index/weiboDetail', '{"id":30}', 'Common_mobile', 1557991662, 1),
(251, 1, '肥丿肥@了您', '有人@了您，快去看看吧^……^！http://192.168.1.210/weibo/detail/30.html', 'Weibo/Index/weiboDetail', '{"id":30}', 'Common_email', 1557991662, 1),
(252, 1, '评论消息', '您的微博被评论，快去看看吧^……^！http://192.168.1.210/weibo/detail/30.html', 'Weibo/Index/weiboDetail', '{"id":30}', 'Common_mobile', 1557991671, 1),
(253, 1, '评论消息', '您的微博被评论，快去看看吧^……^！http://192.168.1.210/weibo/detail/30.html', 'Weibo/Index/weiboDetail', '{"id":30}', 'Common_email', 1557991671, 1),
(254, 1, '肥丿肥@了您', '有人@了您，快去看看吧^……^！http://192.168.1.210/weibo/detail/30.html', 'Weibo/Index/weiboDetail', '{"id":30}', 'Common_mobile', 1557991671, 1),
(255, 1, '肥丿肥@了您', '有人@了您，快去看看吧^……^！http://192.168.1.210/weibo/detail/30.html', 'Weibo/Index/weiboDetail', '{"id":30}', 'Common_email', 1557991671, 1),
(256, 1, '评论消息', '您的微博被评论，快去看看吧^……^！http://192.168.1.210/weibo/detail/30.html', 'Weibo/Index/weiboDetail', '{"id":30}', 'Common_mobile', 1557991686, 1),
(257, 1, '评论消息', '您的微博被评论，快去看看吧^……^！http://192.168.1.210/weibo/detail/30.html', 'Weibo/Index/weiboDetail', '{"id":30}', 'Common_email', 1557991686, 1),
(258, 1, '肥丿肥@了您', '有人@了您，快去看看吧^……^！http://192.168.1.210/weibo/detail/30.html', 'Weibo/Index/weiboDetail', '{"id":30}', 'Common_mobile', 1557991686, 1),
(259, 1, '肥丿肥@了您', '有人@了您，快去看看吧^……^！http://192.168.1.210/weibo/detail/30.html', 'Weibo/Index/weiboDetail', '{"id":30}', 'Common_email', 1557991686, 1),
(260, 1, '肥丿肥赞了您', '有人赞了您的微博，快去看看吧^……^！http://192.168.1.210/weibo/detail/30.html', 'weibo/index/weibodetail', '{"id":"30"}', 'Common_mobile', 1557991713, 1),
(261, 1, '肥丿肥赞了您', '有人赞了您的微博，快去看看吧^……^！http://192.168.1.210/weibo/detail/30.html', 'weibo/index/weibodetail', '{"id":"30"}', 'Common_email', 1557991713, 1),
(262, 1, '肥丿肥@了您', '有人@了您，快去看看吧^……^！http://192.168.1.210/weibo/detail/31.html', 'Weibo/Index/weiboDetail', '{"id":31}', 'Common_mobile', 1557991961, 1),
(263, 1, '肥丿肥@了您', '有人@了您，快去看看吧^……^！http://192.168.1.210/weibo/detail/31.html', 'Weibo/Index/weiboDetail', '{"id":31}', 'Common_email', 1557991961, 1),
(264, 1, '肥丿肥赞了您', '有人赞了您的微博，快去看看吧^……^！http://192.168.1.210/weibo/detail/31.html', 'weibo/index/weibodetail', '{"id":"31"}', 'Common_mobile', 1557991966, 1),
(265, 1, '肥丿肥赞了您', '有人赞了您的微博，快去看看吧^……^！http://192.168.1.210/weibo/detail/31.html', 'weibo/index/weibodetail', '{"id":"31"}', 'Common_email', 1557991966, 1),
(266, 1, '评论消息', '您的微博被评论，快去看看吧^……^！http://192.168.1.210/weibo/detail/31.html', 'Weibo/Index/weiboDetail', '{"id":31}', 'Common_mobile', 1557991976, 1),
(267, 1, '评论消息', '您的微博被评论，快去看看吧^……^！http://192.168.1.210/weibo/detail/31.html', 'Weibo/Index/weiboDetail', '{"id":31}', 'Common_email', 1557991976, 1),
(268, 1, '肥丿肥@了您', '有人@了您，快去看看吧^……^！http://192.168.1.210/weibo/detail/31.html', 'Weibo/Index/weiboDetail', '{"id":31}', 'Common_mobile', 1557991976, 1),
(269, 1, '肥丿肥@了您', '有人@了您，快去看看吧^……^！http://192.168.1.210/weibo/detail/31.html', 'Weibo/Index/weiboDetail', '{"id":31}', 'Common_email', 1557991976, 1),
(270, 1, '肥丿肥@了您', '有人@了您，快去看看吧^……^！http://192.168.1.210/weibo/detail/32.html', 'Weibo/Index/weiboDetail', '{"id":32}', 'Common_mobile', 1557992033, 1),
(271, 1, '肥丿肥@了您', '有人@了您，快去看看吧^……^！http://192.168.1.210/weibo/detail/32.html', 'Weibo/Index/weiboDetail', '{"id":32}', 'Common_email', 1557992033, 1),
(272, 1, '肥丿肥赞了您', '有人赞了您的微博，快去看看吧^……^！http://192.168.1.210/weibo/detail/32.html', 'weibo/index/weibodetail', '{"id":"32"}', 'Common_mobile', 1557992035, 1),
(273, 1, '肥丿肥赞了您', '有人赞了您的微博，快去看看吧^……^！http://192.168.1.210/weibo/detail/32.html', 'weibo/index/weibodetail', '{"id":"32"}', 'Common_email', 1557992035, 1),
(274, 1, '肥丿肥@了您', '有人@了您，快去看看吧^……^！http://192.168.1.210/weibo/detail/33.html', 'Weibo/Index/weiboDetail', '{"id":33}', 'Common_mobile', 1557992699, 1),
(275, 1, '肥丿肥@了您', '有人@了您，快去看看吧^……^！http://192.168.1.210/weibo/detail/33.html', 'Weibo/Index/weiboDetail', '{"id":33}', 'Common_email', 1557992699, 1),
(276, 1, '肥丿肥赞了您', '有人赞了您的微博，快去看看吧^……^！http://192.168.1.210/weibo/detail/33.html', 'weibo/index/weibodetail', '{"id":"33"}', 'Common_mobile', 1557992702, 1),
(277, 1, '肥丿肥赞了您', '有人赞了您的微博，快去看看吧^……^！http://192.168.1.210/weibo/detail/33.html', 'weibo/index/weibodetail', '{"id":"33"}', 'Common_email', 1557992702, 1),
(278, 1, '肥丿肥@了您', '有人@了您，快去看看吧^……^！http://192.168.1.210/weibo/detail/34.html', 'Weibo/Index/weiboDetail', '{"id":34}', 'Common_mobile', 1557993567, 1),
(279, 1, '肥丿肥@了您', '有人@了您，快去看看吧^……^！http://192.168.1.210/weibo/detail/34.html', 'Weibo/Index/weiboDetail', '{"id":34}', 'Common_email', 1557993567, 1),
(280, 1, '肥丿肥赞了您', '有人赞了您的微博，快去看看吧^……^！http://192.168.1.210/weibo/detail/34.html', 'weibo/index/weibodetail', '{"id":"34"}', 'Common_mobile', 1557993575, 1),
(281, 1, '肥丿肥赞了您', '有人赞了您的微博，快去看看吧^……^！http://192.168.1.210/weibo/detail/34.html', 'weibo/index/weibodetail', '{"id":"34"}', 'Common_email', 1557993575, 1),
(282, 1, '肥丿肥@了您', '有人@了您，快去看看吧^……^！http://192.168.1.210/weibo/detail/35.html', 'Weibo/Index/weiboDetail', '{"id":35}', 'Common_mobile', 1557993674, 1),
(283, 1, '肥丿肥@了您', '有人@了您，快去看看吧^……^！http://192.168.1.210/weibo/detail/35.html', 'Weibo/Index/weiboDetail', '{"id":35}', 'Common_email', 1557993674, 1),
(284, 1, '肥丿肥赞了您', '有人赞了您的微博，快去看看吧^……^！http://192.168.1.210/weibo/detail/35.html', 'weibo/index/weibodetail', '{"id":"35"}', 'Common_mobile', 1557993676, 1),
(285, 1, '肥丿肥赞了您', '有人赞了您的微博，快去看看吧^……^！http://192.168.1.210/weibo/detail/35.html', 'weibo/index/weibodetail', '{"id":"35"}', 'Common_email', 1557993676, 1),
(286, 1, '粉丝数减少', '肥丿肥 取消了对你的关注。', 'Ucenter/Index/index', '{"uid":"1"}', 'Ucenter', 1557993961, 1),
(287, 1, '粉丝数增加', '肥丿肥 关注了你。', 'Ucenter/Index/index', '{"uid":"1"}', 'Ucenter', 1557993962, 1),
(288, 101, '加入圈子提醒', 'lina已加入圈子【新闻资讯】', 'Weibo/Crowd/crowd', '{"id":2,"type":"member"}', 'Weibo_crowd', 1557994440, 1),
(289, 1, '肥丿肥@了您', '有人@了您，快去看看吧^……^！http://192.168.1.210/weibo/detail/36.html', 'Weibo/Index/weiboDetail', '{"id":36}', 'Common_mobile', 1557996186, 1),
(290, 1, '肥丿肥@了您', '有人@了您，快去看看吧^……^！http://192.168.1.210/weibo/detail/36.html', 'Weibo/Index/weiboDetail', '{"id":36}', 'Common_email', 1557996186, 1),
(291, 1, '肥丿肥赞了您', '有人赞了您的微博，快去看看吧^……^！http://192.168.1.210/weibo/detail/36.html', 'weibo/index/weibodetail', '{"id":"36"}', 'Common_mobile', 1557996189, 1),
(292, 1, '肥丿肥赞了您', '有人赞了您的微博，快去看看吧^……^！http://192.168.1.210/weibo/detail/36.html', 'weibo/index/weibodetail', '{"id":"36"}', 'Common_email', 1557996189, 1),
(293, 1, '肥丿肥@了您', '有人@了您，快去看看吧^……^！http://192.168.1.210/weibo/detail/37.html', 'Weibo/Index/weiboDetail', '{"id":37}', 'Common_mobile', 1557996263, 1),
(294, 1, '肥丿肥@了您', '有人@了您，快去看看吧^……^！http://192.168.1.210/weibo/detail/37.html', 'Weibo/Index/weiboDetail', '{"id":37}', 'Common_email', 1557996263, 1),
(295, 1, '肥丿肥赞了您', '有人赞了您的微博，快去看看吧^……^！http://192.168.1.210/weibo/detail/37.html', 'weibo/index/weibodetail', '{"id":"37"}', 'Common_mobile', 1557996265, 1),
(296, 1, '肥丿肥赞了您', '有人赞了您的微博，快去看看吧^……^！http://192.168.1.210/weibo/detail/37.html', 'weibo/index/weibodetail', '{"id":"37"}', 'Common_email', 1557996265, 1),
(297, 1, '肥丿肥@了您', '有人@了您，快去看看吧^……^！http://192.168.1.210/weibo/detail/38.html', 'Weibo/Index/weiboDetail', '{"id":38}', 'Common_mobile', 1557996442, 1),
(298, 1, '肥丿肥@了您', '有人@了您，快去看看吧^……^！http://192.168.1.210/weibo/detail/38.html', 'Weibo/Index/weiboDetail', '{"id":38}', 'Common_email', 1557996442, 1),
(299, 1, '肥丿肥赞了您', '有人赞了您的微博，快去看看吧^……^！http://192.168.1.210/weibo/detail/38.html', 'weibo/index/weibodetail', '{"id":"38"}', 'Common_mobile', 1557996444, 1),
(300, 1, '肥丿肥赞了您', '有人赞了您的微博，快去看看吧^……^！http://192.168.1.210/weibo/detail/38.html', 'weibo/index/weibodetail', '{"id":"38"}', 'Common_email', 1557996444, 1),
(301, 1, '肥丿肥@了您', '有人@了您，快去看看吧^……^！http://192.168.1.210/weibo/detail/39.html', 'Weibo/Index/weiboDetail', '{"id":39}', 'Common_mobile', 1557996551, 1),
(302, 1, '肥丿肥@了您', '有人@了您，快去看看吧^……^！http://192.168.1.210/weibo/detail/39.html', 'Weibo/Index/weiboDetail', '{"id":39}', 'Common_email', 1557996551, 1),
(303, 1, '肥丿肥赞了您', '有人赞了您的微博，快去看看吧^……^！http://192.168.1.210/weibo/detail/39.html', 'weibo/index/weibodetail', '{"id":"39"}', 'Common_mobile', 1557996554, 1),
(304, 1, '肥丿肥赞了您', '有人赞了您的微博，快去看看吧^……^！http://192.168.1.210/weibo/detail/39.html', 'weibo/index/weibodetail', '{"id":"39"}', 'Common_email', 1557996554, 1),
(305, 1, '肥丿肥@了您', '有人@了您，快去看看吧^……^！http://192.168.1.210/weibo/detail/40.html', 'Weibo/Index/weiboDetail', '{"id":40}', 'Common_mobile', 1557996700, 1),
(306, 1, '肥丿肥@了您', '有人@了您，快去看看吧^……^！http://192.168.1.210/weibo/detail/40.html', 'Weibo/Index/weiboDetail', '{"id":40}', 'Common_email', 1557996700, 1),
(307, 1, '肥丿肥赞了您', '有人赞了您的微博，快去看看吧^……^！http://192.168.1.210/weibo/detail/40.html', 'weibo/index/weibodetail', '{"id":"40"}', 'Common_mobile', 1557996703, 1),
(308, 1, '肥丿肥赞了您', '有人赞了您的微博，快去看看吧^……^！http://192.168.1.210/weibo/detail/40.html', 'weibo/index/weibodetail', '{"id":"40"}', 'Common_email', 1557996703, 1),
(309, 101, 'Alina评论了您', '评论内容：11', 'Video/Index/videoContentDetail', '{"id":"71"}', 'Common_system', 1557998091, 1),
(310, 101, 'Alina@了您', '有人@了您，快去看看吧^……^！http://192.168.1.210/weibo/detail/41.html', 'Weibo/Index/weiboDetail', '{"id":41}', 'Common_mobile', 1557998285, 1),
(311, 101, 'Alina@了您', '有人@了您，快去看看吧^……^！http://192.168.1.210/weibo/detail/41.html', 'Weibo/Index/weiboDetail', '{"id":41}', 'Common_email', 1557998285, 1),
(312, 101, 'Alina赞了您', '有人赞了您的微博，快去看看吧^……^！http://192.168.1.210/weibo/detail/41.html', 'weibo/index/weibodetail', '{"id":"41"}', 'Common_mobile', 1557998295, 1),
(313, 101, 'Alina赞了您', '有人赞了您的微博，快去看看吧^……^！http://192.168.1.210/weibo/detail/41.html', 'weibo/index/weibodetail', '{"id":"41"}', 'Common_email', 1557998295, 1),
(314, 1, '肥丿肥赞了您', '有人赞了您的微博，快去看看吧^……^！http://192.168.1.210/weibo/detail/40.html', 'weibo/index/weibodetail', '{"id":"40"}', 'Common_mobile', 1558055893, 1),
(315, 1, '肥丿肥赞了您', '有人赞了您的微博，快去看看吧^……^！http://192.168.1.210/weibo/detail/40.html', 'weibo/index/weibodetail', '{"id":"40"}', 'Common_email', 1558055893, 1),
(316, 1, '肥丿肥赞了您', '有人赞了您的微博，快去看看吧^……^！http://192.168.1.210/weibo/detail/40.html', 'weibo/index/weibodetail', '{"id":"40"}', 'Common_mobile', 1558058757, 1),
(317, 1, '肥丿肥赞了您', '有人赞了您的微博，快去看看吧^……^！http://192.168.1.210/weibo/detail/40.html', 'weibo/index/weibodetail', '{"id":"40"}', 'Common_email', 1558058757, 1),
(318, 1, '肥丿肥赞了您', '有人赞了您的微博，快去看看吧^……^！http://192.168.1.210/weibo/detail/40.html', 'weibo/index/weibodetail', '{"id":"40"}', 'Common_mobile', 1558058876, 1),
(319, 1, '肥丿肥赞了您', '有人赞了您的微博，快去看看吧^……^！http://192.168.1.210/weibo/detail/40.html', 'weibo/index/weibodetail', '{"id":"40"}', 'Common_email', 1558058876, 1),
(320, 1, '肥丿肥@了您', '有人@了您，快去看看吧^……^！http://192.168.1.210/weibo/detail/42.html', 'Weibo/Index/weiboDetail', '{"id":42}', 'Common_mobile', 1558062203, 1),
(321, 1, '肥丿肥@了您', '有人@了您，快去看看吧^……^！http://192.168.1.210/weibo/detail/42.html', 'Weibo/Index/weiboDetail', '{"id":42}', 'Common_email', 1558062203, 1),
(322, 1, '粉丝数减少', '肥丿肥 取消了对你的关注。', 'Ucenter/Index/index', '{"uid":"1"}', 'Ucenter', 1558062679, 1),
(323, 1, '粉丝数增加', '肥丿肥 关注了你。', 'Ucenter/Index/index', '{"uid":"1"}', 'Ucenter', 1558062680, 1),
(324, 101, '加入圈子提醒', 'Alina已加入圈子【军事发展】', 'Weibo/Crowd/crowd', '{"id":5,"type":"member"}', 'Weibo_crowd', 1558076154, 1),
(325, 102, '阿涛@了您', '有人@了您，快去看看吧^……^！http://192.168.1.210/weibo/detail/43.html', 'Weibo/Index/weiboDetail', '{"id":43}', 'Common_mobile', 1558077451, 1),
(326, 102, '阿涛@了您', '有人@了您，快去看看吧^……^！http://192.168.1.210/weibo/detail/43.html', 'Weibo/Index/weiboDetail', '{"id":43}', 'Common_email', 1558077451, 1),
(327, 103, '囡囡@了您', '有人@了您，快去看看吧^……^！http://192.168.1.210/weibo/detail/44.html', 'Weibo/Index/weiboDetail', '{"id":44}', 'Common_mobile', 1558077605, 1),
(328, 103, '囡囡@了您', '有人@了您，快去看看吧^……^！http://192.168.1.210/weibo/detail/44.html', 'Weibo/Index/weiboDetail', '{"id":44}', 'Common_email', 1558077605, 1),
(329, 103, '粉丝数增加', '新入住用户 囡囡 关注了你。', 'Ucenter/Index/index', '{"uid":103}', 'Ucenter', 1558077636, 1),
(330, 103, '粉丝数减少', '囡囡 取消了对你的关注。', 'Ucenter/Index/index', '{"uid":"103"}', 'Ucenter', 1558077638, 1),
(331, 104, '欢子@了您', '有人@了您，快去看看吧^……^！http://192.168.1.210/weibo/detail/45.html', 'Weibo/Index/weiboDetail', '{"id":45}', 'Common_mobile', 1558077724, 1),
(332, 104, '欢子@了您', '有人@了您，快去看看吧^……^！http://192.168.1.210/weibo/detail/45.html', 'Weibo/Index/weiboDetail', '{"id":45}', 'Common_email', 1558077724, 1),
(333, 105, '强子@了您', '有人@了您，快去看看吧^……^！http://192.168.1.210/weibo/detail/46.html', 'Weibo/Index/weiboDetail', '{"id":46}', 'Common_mobile', 1558077842, 1),
(334, 105, '强子@了您', '有人@了您，快去看看吧^……^！http://192.168.1.210/weibo/detail/46.html', 'Weibo/Index/weiboDetail', '{"id":46}', 'Common_email', 1558077842, 1),
(335, 106, '阿俊@了您', '有人@了您，快去看看吧^……^！http://192.168.1.210/weibo/detail/47.html', 'Weibo/Index/weiboDetail', '{"id":47}', 'Common_mobile', 1558078051, 1),
(336, 106, '阿俊@了您', '有人@了您，快去看看吧^……^！http://192.168.1.210/weibo/detail/47.html', 'Weibo/Index/weiboDetail', '{"id":47}', 'Common_email', 1558078051, 1),
(337, 107, '小敏@了您', '有人@了您，快去看看吧^……^！http://192.168.1.210/weibo/detail/48.html', 'Weibo/Index/weiboDetail', '{"id":48}', 'Common_mobile', 1558078171, 1),
(338, 107, '小敏@了您', '有人@了您，快去看看吧^……^！http://192.168.1.210/weibo/detail/48.html', 'Weibo/Index/weiboDetail', '{"id":48}', 'Common_email', 1558078171, 1),
(339, 106, '粉丝数增加', '阿俊 关注了你。', 'Ucenter/Index/index', '{"uid":"106"}', 'Ucenter', 1558078770, 1),
(340, 106, '阿俊赞了您', '有人赞了您的微博，快去看看吧^……^！', 'weibo/index/weibodetail', '{"id":"41"}', 'Ucenter', 1558145259, 1),
(341, 106, '阿俊赞了您', '有人赞了您的微博，快去看看吧^……^！http://192.168.1.210/weibo/detail/41.html', 'weibo/index/weibodetail', '{"id":"41"}', 'Common_mobile', 1558145259, 1),
(342, 106, '阿俊赞了您', '有人赞了您的微博，快去看看吧^……^！http://192.168.1.210/weibo/detail/41.html', 'weibo/index/weibodetail', '{"id":"41"}', 'Common_email', 1558145259, 1),
(343, 106, '阿俊赞了您', '有人赞了您的微博，快去看看吧^……^！', 'weibo/index/weibodetail', '{"id":"41"}', 'Ucenter', 1558145267, 1),
(344, 106, '阿俊赞了您', '有人赞了您的微博，快去看看吧^……^！http://192.168.1.210/weibo/detail/41.html', 'weibo/index/weibodetail', '{"id":"41"}', 'Common_mobile', 1558145267, 1),
(345, 106, '阿俊赞了您', '有人赞了您的微博，快去看看吧^……^！http://192.168.1.210/weibo/detail/41.html', 'weibo/index/weibodetail', '{"id":"41"}', 'Common_email', 1558145267, 1),
(346, 106, '阿俊赞了您', '有人赞了您的微博，快去看看吧^……^！', 'weibo/index/weibodetail', '{"id":"41"}', 'Ucenter', 1558146692, 1),
(347, 106, '阿俊赞了您', '有人赞了您的微博，快去看看吧^……^！http://192.168.1.210/weibo/detail/41.html', 'weibo/index/weibodetail', '{"id":"41"}', 'Common_mobile', 1558146692, 1),
(348, 106, '阿俊赞了您', '有人赞了您的微博，快去看看吧^……^！http://192.168.1.210/weibo/detail/41.html', 'weibo/index/weibodetail', '{"id":"41"}', 'Common_email', 1558146692, 1),
(349, 106, '阿俊赞了您', '有人赞了您的微博，快去看看吧^……^！', 'weibo/index/weibodetail', '{"id":"41"}', 'Ucenter', 1558147717, 1);
INSERT INTO `ocenter_message_content` (`id`, `from_id`, `title`, `content`, `url`, `args`, `type`, `create_time`, `status`) VALUES
(350, 106, '阿俊赞了您', '有人赞了您的微博，快去看看吧^……^！http://192.168.1.210/weibo/detail/41.html', 'weibo/index/weibodetail', '{"id":"41"}', 'Common_mobile', 1558147717, 1),
(351, 106, '阿俊赞了您', '有人赞了您的微博，快去看看吧^……^！http://192.168.1.210/weibo/detail/41.html', 'weibo/index/weibodetail', '{"id":"41"}', 'Common_email', 1558147717, 1),
(352, 106, '阿俊赞了您', '有人赞了您的微博，快去看看吧^……^！', 'weibo/index/weibodetail', '{"id":"41"}', 'Ucenter', 1558147726, 1),
(353, 106, '阿俊赞了您', '有人赞了您的微博，快去看看吧^……^！http://192.168.1.210/weibo/detail/41.html', 'weibo/index/weibodetail', '{"id":"41"}', 'Common_mobile', 1558147726, 1),
(354, 106, '阿俊赞了您', '有人赞了您的微博，快去看看吧^……^！http://192.168.1.210/weibo/detail/41.html', 'weibo/index/weibodetail', '{"id":"41"}', 'Common_email', 1558147726, 1),
(355, 106, '阿俊赞了您', '有人赞了您的微博，快去看看吧^……^！', 'weibo/index/weibodetail', '{"id":"48"}', 'Ucenter', 1558147732, 1),
(356, 106, '阿俊赞了您', '有人赞了您的微博，快去看看吧^……^！http://192.168.1.210/weibo/detail/48.html', 'weibo/index/weibodetail', '{"id":"48"}', 'Common_mobile', 1558147732, 1),
(357, 106, '阿俊赞了您', '有人赞了您的微博，快去看看吧^……^！http://192.168.1.210/weibo/detail/48.html', 'weibo/index/weibodetail', '{"id":"48"}', 'Common_email', 1558147732, 1),
(358, 106, '阿俊赞了您', '有人赞了您的微博，快去看看吧^……^！http://192.168.1.210/weibo/detail/47.html', 'weibo/index/weibodetail', '{"id":"47"}', 'Common_mobile', 1558147735, 1),
(359, 106, '阿俊赞了您', '有人赞了您的微博，快去看看吧^……^！http://192.168.1.210/weibo/detail/47.html', 'weibo/index/weibodetail', '{"id":"47"}', 'Common_email', 1558147735, 1),
(360, 106, '阿俊赞了您', '有人赞了您的微博，快去看看吧^……^！', 'weibo/index/weibodetail', '{"id":"48"}', 'Ucenter', 1558148044, 1),
(361, 106, '阿俊赞了您', '有人赞了您的微博，快去看看吧^……^！http://192.168.1.210/weibo/detail/48.html', 'weibo/index/weibodetail', '{"id":"48"}', 'Common_mobile', 1558148044, 1),
(362, 106, '阿俊赞了您', '有人赞了您的微博，快去看看吧^……^！http://192.168.1.210/weibo/detail/48.html', 'weibo/index/weibodetail', '{"id":"48"}', 'Common_email', 1558148044, 1),
(363, 106, '加入圈子提醒', '阿俊已加入圈子【交通西安】', 'Weibo/Crowd/crowd', '{"id":4,"type":"member"}', 'Weibo_crowd', 1558148262, 1),
(364, 106, '阿俊@了您', '有人@了您，快去看看吧^……^！http://192.168.1.210/weibo/detail/49.html', 'Weibo/Index/weiboDetail', '{"id":49}', 'Common_mobile', 1558148265, 1),
(365, 106, '阿俊@了您', '有人@了您，快去看看吧^……^！http://192.168.1.210/weibo/detail/49.html', 'Weibo/Index/weiboDetail', '{"id":49}', 'Common_email', 1558148265, 1),
(366, 106, '阿俊赞了您', '有人赞了您的微博，快去看看吧^……^！', 'weibo/index/weibodetail', '{"id":"40"}', 'Ucenter', 1558148847, 1),
(367, 106, '阿俊赞了您', '有人赞了您的微博，快去看看吧^……^！http://192.168.1.210/weibo/detail/40.html', 'weibo/index/weibodetail', '{"id":"40"}', 'Common_mobile', 1558148847, 1),
(368, 106, '阿俊赞了您', '有人赞了您的微博，快去看看吧^……^！http://192.168.1.210/weibo/detail/40.html', 'weibo/index/weibodetail', '{"id":"40"}', 'Common_email', 1558148847, 1),
(369, 106, '阿俊赞了您', '有人赞了您的微博，快去看看吧^……^！', 'weibo/index/weibodetail', '{"id":"40"}', 'Ucenter', 1558148852, 1),
(370, 106, '阿俊赞了您', '有人赞了您的微博，快去看看吧^……^！http://192.168.1.210/weibo/detail/40.html', 'weibo/index/weibodetail', '{"id":"40"}', 'Common_mobile', 1558148852, 1),
(371, 106, '阿俊赞了您', '有人赞了您的微博，快去看看吧^……^！http://192.168.1.210/weibo/detail/40.html', 'weibo/index/weibodetail', '{"id":"40"}', 'Common_email', 1558148852, 1),
(372, 101, '评论消息', '{"keyword1":"\\u4f60\\u8fd9\\u662f52855","keyword2":"\\u8bc4\\u8bba\\u6211\\u7684\\u52a8\\u6001\\uff1a","keyword3":"11111"}', 'Weibo/Index/weiboDetail', '{"id":49}', 'Weibo', 1558149395, 1),
(373, 101, '评论消息', '您的微博被评论，快去看看吧^……^！http://192.168.1.210/weibo/detail/49.html', 'Weibo/Index/weiboDetail', '{"id":49}', 'Common_mobile', 1558149395, 1),
(374, 101, '评论消息', '您的微博被评论，快去看看吧^……^！http://192.168.1.210/weibo/detail/49.html', 'Weibo/Index/weiboDetail', '{"id":49}', 'Common_email', 1558149395, 1),
(375, 101, 'Alina@了您', '有人@了您，快去看看吧^……^！http://192.168.1.210/weibo/detail/49.html', 'Weibo/Index/weiboDetail', '{"id":49}', 'Common_mobile', 1558149395, 1),
(376, 101, 'Alina@了您', '有人@了您，快去看看吧^……^！http://192.168.1.210/weibo/detail/49.html', 'Weibo/Index/weiboDetail', '{"id":49}', 'Common_email', 1558149395, 1),
(377, 106, '阿俊@了您', '有人@了您，快去看看吧^……^！http://192.168.1.210/weibo/detail/50.html', 'Weibo/Index/weiboDetail', '{"id":50}', 'Common_mobile', 1558149463, 1),
(378, 106, '阿俊@了您', '有人@了您，快去看看吧^……^！http://192.168.1.210/weibo/detail/50.html', 'Weibo/Index/weiboDetail', '{"id":50}', 'Common_email', 1558149463, 1),
(379, 106, '阿俊@了您', '有人@了您，快去看看吧^……^！http://192.168.1.210/weibo/detail/51.html', 'Weibo/Index/weiboDetail', '{"id":51}', 'Common_mobile', 1558149566, 1),
(380, 106, '阿俊@了您', '有人@了您，快去看看吧^……^！http://192.168.1.210/weibo/detail/51.html', 'Weibo/Index/weiboDetail', '{"id":51}', 'Common_email', 1558149566, 1),
(381, 106, '阿俊赞了您', '有人赞了您的微博，快去看看吧^……^！http://192.168.1.210/weibo/detail/51.html', 'weibo/index/weibodetail', '{"id":"51"}', 'Common_mobile', 1558151977, 1),
(382, 106, '阿俊赞了您', '有人赞了您的微博，快去看看吧^……^！http://192.168.1.210/weibo/detail/51.html', 'weibo/index/weibodetail', '{"id":"51"}', 'Common_email', 1558151977, 1),
(383, 106, '阿俊赞了您', '有人赞了您的微博，快去看看吧^……^！', 'weibo/index/weibodetail', '{"id":"3"}', 'Ucenter', 1558152065, 1),
(384, 106, '阿俊赞了您', '有人赞了您的微博，快去看看吧^……^！http://192.168.1.210/weibo/detail/3.html', 'weibo/index/weibodetail', '{"id":"3"}', 'Common_mobile', 1558152065, 1),
(385, 106, '阿俊赞了您', '有人赞了您的微博，快去看看吧^……^！http://192.168.1.210/weibo/detail/3.html', 'weibo/index/weibodetail', '{"id":"3"}', 'Common_email', 1558152065, 1),
(386, 106, '阿俊赞了您', '有人赞了您的微博，快去看看吧^……^！', 'weibo/index/weibodetail', '{"id":"27"}', 'Ucenter', 1558156068, 1),
(387, 106, '阿俊赞了您', '有人赞了您的微博，快去看看吧^……^！http://192.168.1.210/weibo/detail/27.html', 'weibo/index/weibodetail', '{"id":"27"}', 'Common_mobile', 1558156068, 1),
(388, 106, '阿俊赞了您', '有人赞了您的微博，快去看看吧^……^！http://192.168.1.210/weibo/detail/27.html', 'weibo/index/weibodetail', '{"id":"27"}', 'Common_email', 1558156068, 1),
(389, 106, '阿俊赞了您', '有人赞了您的微博，快去看看吧^……^！http://192.168.1.210/weibo/detail/51.html', 'weibo/index/weibodetail', '{"id":"51"}', 'Common_mobile', 1558160872, 1),
(390, 106, '阿俊赞了您', '有人赞了您的微博，快去看看吧^……^！http://192.168.1.210/weibo/detail/51.html', 'weibo/index/weibodetail', '{"id":"51"}', 'Common_email', 1558160872, 1),
(391, 106, '阿俊赞了您', '有人赞了您的微博，快去看看吧^……^！http://192.168.1.210/weibo/detail/51.html', 'weibo/index/weibodetail', '{"id":"51"}', 'Common_mobile', 1558160880, 1),
(392, 106, '阿俊赞了您', '有人赞了您的微博，快去看看吧^……^！http://192.168.1.210/weibo/detail/51.html', 'weibo/index/weibodetail', '{"id":"51"}', 'Common_email', 1558160880, 1),
(393, 106, '阿俊赞了您', '有人赞了您的微博，快去看看吧^……^！http://192.168.1.210/weibo/detail/51.html', 'weibo/index/weibodetail', '{"id":"51"}', 'Common_mobile', 1558160883, 1),
(394, 106, '阿俊赞了您', '有人赞了您的微博，快去看看吧^……^！http://192.168.1.210/weibo/detail/51.html', 'weibo/index/weibodetail', '{"id":"51"}', 'Common_email', 1558160883, 1),
(395, 106, '阿俊赞了您', '有人赞了您的微博，快去看看吧^……^！http://192.168.1.210/weibo/detail/51.html', 'weibo/index/weibodetail', '{"id":"51"}', 'Common_mobile', 1558160890, 1),
(396, 106, '阿俊赞了您', '有人赞了您的微博，快去看看吧^……^！http://192.168.1.210/weibo/detail/51.html', 'weibo/index/weibodetail', '{"id":"51"}', 'Common_email', 1558160890, 1),
(397, 106, '阿俊赞了您', '有人赞了您的微博，快去看看吧^……^！http://192.168.1.210/weibo/detail/51.html', 'weibo/index/weibodetail', '{"id":"51"}', 'Common_mobile', 1558160952, 1),
(398, 106, '阿俊赞了您', '有人赞了您的微博，快去看看吧^……^！http://192.168.1.210/weibo/detail/51.html', 'weibo/index/weibodetail', '{"id":"51"}', 'Common_email', 1558160952, 1),
(399, 106, '阿俊赞了您', '有人赞了您的微博，快去看看吧^……^！http://192.168.1.210/weibo/detail/51.html', 'weibo/index/weibodetail', '{"id":"51"}', 'Common_mobile', 1558160954, 1),
(400, 106, '阿俊赞了您', '有人赞了您的微博，快去看看吧^……^！http://192.168.1.210/weibo/detail/51.html', 'weibo/index/weibodetail', '{"id":"51"}', 'Common_email', 1558160954, 1),
(401, 106, '阿俊赞了您', '有人赞了您的微博，快去看看吧^……^！http://192.168.1.210/weibo/detail/51.html', 'weibo/index/weibodetail', '{"id":"51"}', 'Common_mobile', 1558160967, 1),
(402, 106, '阿俊赞了您', '有人赞了您的微博，快去看看吧^……^！http://192.168.1.210/weibo/detail/51.html', 'weibo/index/weibodetail', '{"id":"51"}', 'Common_email', 1558160967, 1),
(403, 106, '阿俊赞了您', '有人赞了您的微博，快去看看吧^……^！http://192.168.1.210/weibo/detail/51.html', 'weibo/index/weibodetail', '{"id":"51"}', 'Common_mobile', 1558160976, 1),
(404, 106, '阿俊赞了您', '有人赞了您的微博，快去看看吧^……^！http://192.168.1.210/weibo/detail/51.html', 'weibo/index/weibodetail', '{"id":"51"}', 'Common_email', 1558160976, 1),
(405, 106, '阿俊赞了您', '有人赞了您的微博，快去看看吧^……^！http://192.168.1.210/weibo/detail/51.html', 'weibo/index/weibodetail', '{"id":"51"}', 'Common_mobile', 1558160979, 1),
(406, 106, '阿俊赞了您', '有人赞了您的微博，快去看看吧^……^！http://192.168.1.210/weibo/detail/51.html', 'weibo/index/weibodetail', '{"id":"51"}', 'Common_email', 1558160979, 1),
(407, 106, '阿俊赞了您', '有人赞了您的微博，快去看看吧^……^！http://192.168.1.210/weibo/detail/51.html', 'weibo/index/weibodetail', '{"id":"51"}', 'Common_mobile', 1558160984, 1),
(408, 106, '阿俊赞了您', '有人赞了您的微博，快去看看吧^……^！http://192.168.1.210/weibo/detail/51.html', 'weibo/index/weibodetail', '{"id":"51"}', 'Common_email', 1558160984, 1),
(409, 106, '阿俊赞了您', '有人赞了您的微博，快去看看吧^……^！http://192.168.1.210/weibo/detail/51.html', 'weibo/index/weibodetail', '{"id":"51"}', 'Common_mobile', 1558160987, 1),
(410, 106, '阿俊赞了您', '有人赞了您的微博，快去看看吧^……^！http://192.168.1.210/weibo/detail/51.html', 'weibo/index/weibodetail', '{"id":"51"}', 'Common_email', 1558160987, 1),
(411, 106, '阿俊赞了您', '有人赞了您的微博，快去看看吧^……^！http://192.168.1.210/weibo/detail/51.html', 'weibo/index/weibodetail', '{"id":"51"}', 'Common_mobile', 1558161327, 1),
(412, 106, '阿俊赞了您', '有人赞了您的微博，快去看看吧^……^！http://192.168.1.210/weibo/detail/51.html', 'weibo/index/weibodetail', '{"id":"51"}', 'Common_email', 1558161327, 1),
(413, 106, '阿俊赞了您', '有人赞了您的微博，快去看看吧^……^！http://192.168.1.210/weibo/detail/51.html', 'weibo/index/weibodetail', '{"id":"51"}', 'Common_mobile', 1558161351, 1),
(414, 106, '阿俊赞了您', '有人赞了您的微博，快去看看吧^……^！http://192.168.1.210/weibo/detail/51.html', 'weibo/index/weibodetail', '{"id":"51"}', 'Common_email', 1558161351, 1),
(415, 106, '阿俊赞了您', '有人赞了您的微博，快去看看吧^……^！http://192.168.1.210/weibo/detail/51.html', 'weibo/index/weibodetail', '{"id":"51"}', 'Common_mobile', 1558161508, 1),
(416, 106, '阿俊赞了您', '有人赞了您的微博，快去看看吧^……^！http://192.168.1.210/weibo/detail/51.html', 'weibo/index/weibodetail', '{"id":"51"}', 'Common_email', 1558161508, 1),
(417, 106, '阿俊赞了您', '有人赞了您的微博，快去看看吧^……^！http://192.168.1.210/weibo/detail/51.html', 'weibo/index/weibodetail', '{"id":"51"}', 'Common_mobile', 1558161533, 1),
(418, 106, '阿俊赞了您', '有人赞了您的微博，快去看看吧^……^！http://192.168.1.210/weibo/detail/51.html', 'weibo/index/weibodetail', '{"id":"51"}', 'Common_email', 1558161533, 1),
(419, 106, '阿俊赞了您', '有人赞了您的微博，快去看看吧^……^！http://192.168.1.210/weibo/detail/51.html', 'weibo/index/weibodetail', '{"id":"51"}', 'Common_mobile', 1558161536, 1),
(420, 106, '阿俊赞了您', '有人赞了您的微博，快去看看吧^……^！http://192.168.1.210/weibo/detail/51.html', 'weibo/index/weibodetail', '{"id":"51"}', 'Common_email', 1558161536, 1),
(421, 106, '阿俊赞了您', '有人赞了您的微博，快去看看吧^……^！http://192.168.1.210/weibo/detail/51.html', 'weibo/index/weibodetail', '{"id":"51"}', 'Common_mobile', 1558161604, 1),
(422, 106, '阿俊赞了您', '有人赞了您的微博，快去看看吧^……^！http://192.168.1.210/weibo/detail/51.html', 'weibo/index/weibodetail', '{"id":"51"}', 'Common_email', 1558161604, 1),
(423, 106, '阿俊赞了您', '有人赞了您的微博，快去看看吧^……^！http://192.168.1.210/weibo/detail/51.html', 'weibo/index/weibodetail', '{"id":"51"}', 'Common_mobile', 1558161631, 1),
(424, 106, '阿俊赞了您', '有人赞了您的微博，快去看看吧^……^！http://192.168.1.210/weibo/detail/51.html', 'weibo/index/weibodetail', '{"id":"51"}', 'Common_email', 1558161631, 1),
(425, 106, '阿俊赞了您', '有人赞了您的微博，快去看看吧^……^！http://192.168.1.210/weibo/detail/51.html', 'weibo/index/weibodetail', '{"id":"51"}', 'Common_mobile', 1558161871, 1),
(426, 106, '阿俊赞了您', '有人赞了您的微博，快去看看吧^……^！http://192.168.1.210/weibo/detail/51.html', 'weibo/index/weibodetail', '{"id":"51"}', 'Common_email', 1558161871, 1),
(427, 106, '阿俊赞了您', '有人赞了您的微博，快去看看吧^……^！http://192.168.1.210/weibo/detail/51.html', 'weibo/index/weibodetail', '{"id":"51"}', 'Common_mobile', 1558161907, 1),
(428, 106, '阿俊赞了您', '有人赞了您的微博，快去看看吧^……^！http://192.168.1.210/weibo/detail/51.html', 'weibo/index/weibodetail', '{"id":"51"}', 'Common_email', 1558161907, 1),
(429, 106, '阿俊赞了您', '有人赞了您的微博，快去看看吧^……^！http://192.168.1.210/weibo/detail/51.html', 'weibo/index/weibodetail', '{"id":"51"}', 'Common_mobile', 1558161937, 1),
(430, 106, '阿俊赞了您', '有人赞了您的微博，快去看看吧^……^！http://192.168.1.210/weibo/detail/51.html', 'weibo/index/weibodetail', '{"id":"51"}', 'Common_email', 1558161937, 1),
(431, 106, '阿俊赞了您', '有人赞了您的微博，快去看看吧^……^！http://192.168.1.210/weibo/detail/51.html', 'weibo/index/weibodetail', '{"id":"51"}', 'Common_mobile', 1558161954, 1),
(432, 106, '阿俊赞了您', '有人赞了您的微博，快去看看吧^……^！http://192.168.1.210/weibo/detail/51.html', 'weibo/index/weibodetail', '{"id":"51"}', 'Common_email', 1558161954, 1),
(433, 106, '阿俊赞了您', '有人赞了您的微博，快去看看吧^……^！http://192.168.1.210/weibo/detail/51.html', 'weibo/index/weibodetail', '{"id":"51"}', 'Common_mobile', 1558161960, 1),
(434, 106, '阿俊赞了您', '有人赞了您的微博，快去看看吧^……^！http://192.168.1.210/weibo/detail/51.html', 'weibo/index/weibodetail', '{"id":"51"}', 'Common_email', 1558161960, 1),
(435, 106, '阿俊赞了您', '有人赞了您的微博，快去看看吧^……^！', 'weibo/index/weibodetail', '{"id":"31"}', 'Ucenter', 1558161992, 1),
(436, 106, '阿俊赞了您', '有人赞了您的微博，快去看看吧^……^！http://192.168.1.210/weibo/detail/31.html', 'weibo/index/weibodetail', '{"id":"31"}', 'Common_mobile', 1558161992, 1),
(437, 106, '阿俊赞了您', '有人赞了您的微博，快去看看吧^……^！http://192.168.1.210/weibo/detail/31.html', 'weibo/index/weibodetail', '{"id":"31"}', 'Common_email', 1558161992, 1),
(438, 106, '阿俊赞了您', '有人赞了您的微博，快去看看吧^……^！', 'weibo/index/weibodetail', '{"id":"31"}', 'Ucenter', 1558161997, 1),
(439, 106, '阿俊赞了您', '有人赞了您的微博，快去看看吧^……^！http://192.168.1.210/weibo/detail/31.html', 'weibo/index/weibodetail', '{"id":"31"}', 'Common_mobile', 1558161997, 1),
(440, 106, '阿俊赞了您', '有人赞了您的微博，快去看看吧^……^！http://192.168.1.210/weibo/detail/31.html', 'weibo/index/weibodetail', '{"id":"31"}', 'Common_email', 1558161997, 1),
(441, 106, '阿俊赞了您', '有人赞了您的微博，快去看看吧^……^！', 'weibo/index/weibodetail', '{"id":"31"}', 'Ucenter', 1558162007, 1),
(442, 106, '阿俊赞了您', '有人赞了您的微博，快去看看吧^……^！http://192.168.1.210/weibo/detail/31.html', 'weibo/index/weibodetail', '{"id":"31"}', 'Common_mobile', 1558162007, 1),
(443, 106, '阿俊赞了您', '有人赞了您的微博，快去看看吧^……^！http://192.168.1.210/weibo/detail/31.html', 'weibo/index/weibodetail', '{"id":"31"}', 'Common_email', 1558162007, 1),
(444, 106, '阿俊赞了您', '有人赞了您的微博，快去看看吧^……^！http://192.168.1.210/weibo/detail/51.html', 'weibo/index/weibodetail', '{"id":"51"}', 'Common_mobile', 1558162020, 1),
(445, 106, '阿俊赞了您', '有人赞了您的微博，快去看看吧^……^！http://192.168.1.210/weibo/detail/51.html', 'weibo/index/weibodetail', '{"id":"51"}', 'Common_email', 1558162020, 1),
(446, 106, '阿俊赞了您', '有人赞了您的微博，快去看看吧^……^！http://192.168.1.210/weibo/detail/51.html', 'weibo/index/weibodetail', '{"id":"51"}', 'Common_mobile', 1558162031, 1),
(447, 106, '阿俊赞了您', '有人赞了您的微博，快去看看吧^……^！http://192.168.1.210/weibo/detail/51.html', 'weibo/index/weibodetail', '{"id":"51"}', 'Common_email', 1558162031, 1),
(448, 106, '阿俊赞了您', '有人赞了您的微博，快去看看吧^……^！http://192.168.1.210/weibo/detail/51.html', 'weibo/index/weibodetail', '{"id":"51"}', 'Common_mobile', 1558162033, 1),
(449, 106, '阿俊赞了您', '有人赞了您的微博，快去看看吧^……^！http://192.168.1.210/weibo/detail/51.html', 'weibo/index/weibodetail', '{"id":"51"}', 'Common_email', 1558162033, 1),
(450, 106, '阿俊赞了您', '有人赞了您的微博，快去看看吧^……^！http://192.168.1.210/weibo/detail/51.html', 'weibo/index/weibodetail', '{"id":"51"}', 'Common_mobile', 1558162034, 1),
(451, 106, '阿俊赞了您', '有人赞了您的微博，快去看看吧^……^！http://192.168.1.210/weibo/detail/51.html', 'weibo/index/weibodetail', '{"id":"51"}', 'Common_email', 1558162034, 1),
(452, 106, '阿俊赞了您', '有人赞了您的微博，快去看看吧^……^！http://192.168.1.210/weibo/detail/51.html', 'weibo/index/weibodetail', '{"id":"51"}', 'Common_mobile', 1558162039, 1),
(453, 106, '阿俊赞了您', '有人赞了您的微博，快去看看吧^……^！http://192.168.1.210/weibo/detail/51.html', 'weibo/index/weibodetail', '{"id":"51"}', 'Common_email', 1558162039, 1),
(454, 106, '阿俊赞了您', '有人赞了您的微博，快去看看吧^……^！http://192.168.1.210/weibo/detail/51.html', 'weibo/index/weibodetail', '{"id":"51"}', 'Common_mobile', 1558162048, 1),
(455, 106, '阿俊赞了您', '有人赞了您的微博，快去看看吧^……^！http://192.168.1.210/weibo/detail/51.html', 'weibo/index/weibodetail', '{"id":"51"}', 'Common_email', 1558162048, 1),
(456, 106, '阿俊赞了您', '有人赞了您的微博，快去看看吧^……^！http://192.168.1.210/weibo/detail/51.html', 'weibo/index/weibodetail', '{"id":"51"}', 'Common_mobile', 1558162070, 1),
(457, 106, '阿俊赞了您', '有人赞了您的微博，快去看看吧^……^！http://192.168.1.210/weibo/detail/51.html', 'weibo/index/weibodetail', '{"id":"51"}', 'Common_email', 1558162070, 1),
(458, 106, '阿俊赞了您', '有人赞了您的微博，快去看看吧^……^！http://192.168.1.210/weibo/detail/51.html', 'weibo/index/weibodetail', '{"id":"51"}', 'Common_mobile', 1558162081, 1),
(459, 106, '阿俊赞了您', '有人赞了您的微博，快去看看吧^……^！http://192.168.1.210/weibo/detail/51.html', 'weibo/index/weibodetail', '{"id":"51"}', 'Common_email', 1558162081, 1),
(460, 106, '阿俊赞了您', '有人赞了您的微博，快去看看吧^……^！http://192.168.1.210/weibo/detail/51.html', 'weibo/index/weibodetail', '{"id":"51"}', 'Common_mobile', 1558162180, 1),
(461, 106, '阿俊赞了您', '有人赞了您的微博，快去看看吧^……^！http://192.168.1.210/weibo/detail/51.html', 'weibo/index/weibodetail', '{"id":"51"}', 'Common_email', 1558162180, 1),
(462, 106, '阿俊赞了您', '有人赞了您的微博，快去看看吧^……^！http://192.168.1.210/weibo/detail/51.html', 'weibo/index/weibodetail', '{"id":"51"}', 'Common_mobile', 1558162183, 1),
(463, 106, '阿俊赞了您', '有人赞了您的微博，快去看看吧^……^！http://192.168.1.210/weibo/detail/51.html', 'weibo/index/weibodetail', '{"id":"51"}', 'Common_email', 1558162183, 1),
(464, 106, '阿俊赞了您', '有人赞了您的微博，快去看看吧^……^！http://192.168.1.210/weibo/detail/51.html', 'weibo/index/weibodetail', '{"id":"51"}', 'Common_mobile', 1558162189, 1),
(465, 106, '阿俊赞了您', '有人赞了您的微博，快去看看吧^……^！http://192.168.1.210/weibo/detail/51.html', 'weibo/index/weibodetail', '{"id":"51"}', 'Common_email', 1558162189, 1),
(466, 106, '阿俊赞了您', '有人赞了您的微博，快去看看吧^……^！http://192.168.1.210/weibo/detail/51.html', 'weibo/index/weibodetail', '{"id":"51"}', 'Common_mobile', 1558162190, 1),
(467, 106, '阿俊赞了您', '有人赞了您的微博，快去看看吧^……^！http://192.168.1.210/weibo/detail/51.html', 'weibo/index/weibodetail', '{"id":"51"}', 'Common_email', 1558162190, 1),
(468, 106, '阿俊赞了您', '有人赞了您的微博，快去看看吧^……^！http://192.168.1.210/weibo/detail/51.html', 'weibo/index/weibodetail', '{"id":"51"}', 'Common_mobile', 1558162433, 1),
(469, 106, '阿俊赞了您', '有人赞了您的微博，快去看看吧^……^！http://192.168.1.210/weibo/detail/51.html', 'weibo/index/weibodetail', '{"id":"51"}', 'Common_email', 1558162433, 1),
(470, 106, '阿俊赞了您', '有人赞了您的微博，快去看看吧^……^！http://192.168.1.210/weibo/detail/51.html', 'weibo/index/weibodetail', '{"id":"51"}', 'Common_mobile', 1558162626, 1),
(471, 106, '阿俊赞了您', '有人赞了您的微博，快去看看吧^……^！http://192.168.1.210/weibo/detail/51.html', 'weibo/index/weibodetail', '{"id":"51"}', 'Common_email', 1558162626, 1),
(472, 106, '阿俊赞了您', '有人赞了您的微博，快去看看吧^……^！http://192.168.1.210/weibo/detail/51.html', 'weibo/index/weibodetail', '{"id":"51"}', 'Common_mobile', 1558162635, 1),
(473, 106, '阿俊赞了您', '有人赞了您的微博，快去看看吧^……^！http://192.168.1.210/weibo/detail/51.html', 'weibo/index/weibodetail', '{"id":"51"}', 'Common_email', 1558162635, 1),
(474, 106, '阿俊评论了您', '评论内容：11', '', '{"id":"20"}', 'Common_system', 1558162745, 1),
(475, 106, '阿俊评论了您', '评论内容：11', '', '{"id":"20"}', 'Common_system', 1558162747, 1),
(476, 106, '阿俊赞了您', '有人赞了您的微博，快去看看吧^……^！http://192.168.1.210/weibo/detail/51.html', 'weibo/index/weibodetail', '{"id":"51"}', 'Common_mobile', 1558162779, 1),
(477, 106, '阿俊赞了您', '有人赞了您的微博，快去看看吧^……^！http://192.168.1.210/weibo/detail/51.html', 'weibo/index/weibodetail', '{"id":"51"}', 'Common_email', 1558162779, 1),
(478, 106, '阿俊赞了您', '有人赞了您的微博，快去看看吧^……^！http://192.168.1.210/weibo/detail/51.html', 'weibo/index/weibodetail', '{"id":"51"}', 'Common_mobile', 1558162781, 1),
(479, 106, '阿俊赞了您', '有人赞了您的微博，快去看看吧^……^！http://192.168.1.210/weibo/detail/51.html', 'weibo/index/weibodetail', '{"id":"51"}', 'Common_email', 1558162781, 1),
(480, 106, '阿俊赞了您', '有人赞了您的微博，快去看看吧^……^！http://192.168.1.210/weibo/detail/51.html', 'weibo/index/weibodetail', '{"id":"51"}', 'Common_mobile', 1558162786, 1),
(481, 106, '阿俊赞了您', '有人赞了您的微博，快去看看吧^……^！http://192.168.1.210/weibo/detail/51.html', 'weibo/index/weibodetail', '{"id":"51"}', 'Common_email', 1558162786, 1),
(482, 106, '阿俊赞了您', '有人赞了您的微博，快去看看吧^……^！http://192.168.1.210/weibo/detail/51.html', 'weibo/index/weibodetail', '{"id":"51"}', 'Common_mobile', 1558163194, 1),
(483, 106, '阿俊赞了您', '有人赞了您的微博，快去看看吧^……^！http://192.168.1.210/weibo/detail/51.html', 'weibo/index/weibodetail', '{"id":"51"}', 'Common_email', 1558163194, 1),
(484, 106, '阿俊赞了您', '有人赞了您的微博，快去看看吧^……^！http://192.168.1.210/weibo/detail/51.html', 'weibo/index/weibodetail', '{"id":"51"}', 'Common_mobile', 1558163674, 1),
(485, 106, '阿俊赞了您', '有人赞了您的微博，快去看看吧^……^！http://192.168.1.210/weibo/detail/51.html', 'weibo/index/weibodetail', '{"id":"51"}', 'Common_email', 1558163674, 1),
(486, 106, '评论消息', '您的微博被评论，快去看看吧^……^！http://192.168.1.210/weibo/detail/51.html', 'Weibo/Index/weiboDetail', '{"id":51}', 'Common_mobile', 1558164089, 1),
(487, 106, '评论消息', '您的微博被评论，快去看看吧^……^！http://192.168.1.210/weibo/detail/51.html', 'Weibo/Index/weiboDetail', '{"id":51}', 'Common_email', 1558164089, 1),
(488, 106, '阿俊@了您', '有人@了您，快去看看吧^……^！http://192.168.1.210/weibo/detail/51.html', 'Weibo/Index/weiboDetail', '{"id":51}', 'Common_mobile', 1558164089, 1),
(489, 106, '阿俊@了您', '有人@了您，快去看看吧^……^！http://192.168.1.210/weibo/detail/51.html', 'Weibo/Index/weiboDetail', '{"id":51}', 'Common_email', 1558164089, 1),
(490, 106, '阿俊@了您', '有人@了您，快去看看吧^……^！http://192.168.1.210/weibo/detail/52.html', 'Weibo/Index/weiboDetail', '{"id":52}', 'Common_mobile', 1558164105, 1),
(491, 106, '阿俊@了您', '有人@了您，快去看看吧^……^！http://192.168.1.210/weibo/detail/52.html', 'Weibo/Index/weiboDetail', '{"id":52}', 'Common_email', 1558164105, 1),
(492, 106, '评论消息', '您的微博被评论，快去看看吧^……^！http://192.168.1.210/weibo/detail/52.html', 'Weibo/Index/weiboDetail', '{"id":52}', 'Common_mobile', 1558164134, 1),
(493, 106, '评论消息', '您的微博被评论，快去看看吧^……^！http://192.168.1.210/weibo/detail/52.html', 'Weibo/Index/weiboDetail', '{"id":52}', 'Common_email', 1558164134, 1),
(494, 106, '阿俊@了您', '有人@了您，快去看看吧^……^！http://192.168.1.210/weibo/detail/52.html', 'Weibo/Index/weiboDetail', '{"id":52}', 'Common_mobile', 1558164134, 1),
(495, 106, '阿俊@了您', '有人@了您，快去看看吧^……^！http://192.168.1.210/weibo/detail/52.html', 'Weibo/Index/weiboDetail', '{"id":52}', 'Common_email', 1558164134, 1),
(496, 106, '阿俊赞了您', '有人赞了您的微博，快去看看吧^……^！http://192.168.1.210/weibo/detail/51.html', 'weibo/index/weibodetail', '{"id":"51"}', 'Common_mobile', 1558164476, 1),
(497, 106, '阿俊赞了您', '有人赞了您的微博，快去看看吧^……^！http://192.168.1.210/weibo/detail/51.html', 'weibo/index/weibodetail', '{"id":"51"}', 'Common_email', 1558164476, 1),
(498, 106, '阿俊赞了您', '有人赞了您的微博，快去看看吧^……^！http://192.168.1.210/weibo/detail/51.html', 'weibo/index/weibodetail', '{"id":"51"}', 'Common_mobile', 1558164486, 1),
(499, 106, '阿俊赞了您', '有人赞了您的微博，快去看看吧^……^！http://192.168.1.210/weibo/detail/51.html', 'weibo/index/weibodetail', '{"id":"51"}', 'Common_email', 1558164486, 1),
(500, 106, '阿俊赞了您', '有人赞了您的微博，快去看看吧^……^！http://192.168.1.210/weibo/detail/51.html', 'weibo/index/weibodetail', '{"id":"51"}', 'Common_mobile', 1558164489, 1),
(501, 106, '阿俊赞了您', '有人赞了您的微博，快去看看吧^……^！http://192.168.1.210/weibo/detail/51.html', 'weibo/index/weibodetail', '{"id":"51"}', 'Common_email', 1558164489, 1),
(502, 106, '阿俊赞了您', '有人赞了您的微博，快去看看吧^……^！http://192.168.1.210/weibo/detail/51.html', 'weibo/index/weibodetail', '{"id":"51"}', 'Common_mobile', 1558164508, 1),
(503, 106, '阿俊赞了您', '有人赞了您的微博，快去看看吧^……^！http://192.168.1.210/weibo/detail/51.html', 'weibo/index/weibodetail', '{"id":"51"}', 'Common_email', 1558164508, 1),
(504, 106, '阿俊赞了您', '有人赞了您的微博，快去看看吧^……^！http://192.168.1.210/weibo/detail/51.html', 'weibo/index/weibodetail', '{"id":"51"}', 'Common_mobile', 1558164650, 1),
(505, 106, '阿俊赞了您', '有人赞了您的微博，快去看看吧^……^！http://192.168.1.210/weibo/detail/51.html', 'weibo/index/weibodetail', '{"id":"51"}', 'Common_email', 1558164650, 1),
(506, 106, '阿俊赞了您', '有人赞了您的微博，快去看看吧^……^！http://192.168.1.210/weibo/detail/52.html', 'weibo/index/weibodetail', '{"id":"52"}', 'Common_mobile', 1558164695, 1),
(507, 106, '阿俊赞了您', '有人赞了您的微博，快去看看吧^……^！http://192.168.1.210/weibo/detail/52.html', 'weibo/index/weibodetail', '{"id":"52"}', 'Common_email', 1558164695, 1),
(508, 106, '阿俊赞了您', '有人赞了您的微博，快去看看吧^……^！http://192.168.1.210/weibo/detail', 'weibo/index/weibodetail', '{"id":""}', 'Common_mobile', 1558164780, 1),
(509, 106, '阿俊赞了您', '有人赞了您的微博，快去看看吧^……^！http://192.168.1.210/weibo/detail', 'weibo/index/weibodetail', '{"id":""}', 'Common_email', 1558164780, 1),
(510, 106, '阿俊赞了您', '有人赞了您的微博，快去看看吧^……^！http://192.168.1.210/weibo/detail', 'weibo/index/weibodetail', '{"id":""}', 'Common_mobile', 1558164786, 1),
(511, 106, '阿俊赞了您', '有人赞了您的微博，快去看看吧^……^！http://192.168.1.210/weibo/detail', 'weibo/index/weibodetail', '{"id":""}', 'Common_email', 1558164786, 1),
(512, 106, '阿俊赞了您', '有人赞了您的微博，快去看看吧^……^！http://192.168.1.210/weibo/detail', 'weibo/index/weibodetail', '{"id":""}', 'Common_mobile', 1558164789, 1),
(513, 106, '阿俊赞了您', '有人赞了您的微博，快去看看吧^……^！http://192.168.1.210/weibo/detail', 'weibo/index/weibodetail', '{"id":""}', 'Common_email', 1558164789, 1),
(514, 106, '阿俊赞了您', '有人赞了您的微博，快去看看吧^……^！http://192.168.1.210/weibo/detail/50.html', 'weibo/index/weibodetail', '{"id":"50"}', 'Common_mobile', 1558164793, 1),
(515, 106, '阿俊赞了您', '有人赞了您的微博，快去看看吧^……^！http://192.168.1.210/weibo/detail/50.html', 'weibo/index/weibodetail', '{"id":"50"}', 'Common_email', 1558164793, 1),
(516, 106, '阿俊赞了您', '有人赞了您的微博，快去看看吧^……^！http://192.168.1.210/weibo/detail/49.html', 'weibo/index/weibodetail', '{"id":"49"}', 'Common_mobile', 1558164989, 1),
(517, 106, '阿俊赞了您', '有人赞了您的微博，快去看看吧^……^！http://192.168.1.210/weibo/detail/49.html', 'weibo/index/weibodetail', '{"id":"49"}', 'Common_email', 1558164989, 1),
(518, 106, '阿俊赞了您', '有人赞了您的微博，快去看看吧^……^！http://192.168.1.210/weibo/detail', 'weibo/index/weibodetail', '{"id":""}', 'Common_mobile', 1558165013, 1),
(519, 106, '阿俊赞了您', '有人赞了您的微博，快去看看吧^……^！http://192.168.1.210/weibo/detail', 'weibo/index/weibodetail', '{"id":""}', 'Common_email', 1558165013, 1),
(520, 106, '评论消息', '您的微博被评论，快去看看吧^……^！http://192.168.1.210/weibo/detail/50.html', 'Weibo/Index/weiboDetail', '{"id":50}', 'Common_mobile', 1558166174, 1),
(521, 106, '评论消息', '您的微博被评论，快去看看吧^……^！http://192.168.1.210/weibo/detail/50.html', 'Weibo/Index/weiboDetail', '{"id":50}', 'Common_email', 1558166174, 1),
(522, 106, '阿俊@了您', '有人@了您，快去看看吧^……^！http://192.168.1.210/weibo/detail/50.html', 'Weibo/Index/weiboDetail', '{"id":50}', 'Common_mobile', 1558166174, 1),
(523, 106, '阿俊@了您', '有人@了您，快去看看吧^……^！http://192.168.1.210/weibo/detail/50.html', 'Weibo/Index/weiboDetail', '{"id":50}', 'Common_email', 1558166174, 1),
(524, 106, '阿俊赞了您', '有人赞了您的微博，快去看看吧^……^！', 'weibo/index/weibodetail', '{"id":"34"}', 'Ucenter', 1558166331, 1),
(525, 106, '阿俊赞了您', '有人赞了您的微博，快去看看吧^……^！http://192.168.1.210/weibo/detail/34.html', 'weibo/index/weibodetail', '{"id":"34"}', 'Common_mobile', 1558166331, 1),
(526, 106, '阿俊赞了您', '有人赞了您的微博，快去看看吧^……^！http://192.168.1.210/weibo/detail/34.html', 'weibo/index/weibodetail', '{"id":"34"}', 'Common_email', 1558166331, 1),
(527, 1, '肥丿肥赞了您', '有人赞了您的微博，快去看看吧^……^！http://192.168.1.210/weibo/detail', 'weibo/index/weibodetail', '{"id":""}', 'Common_mobile', 1558166365, 1),
(528, 1, '肥丿肥赞了您', '有人赞了您的微博，快去看看吧^……^！http://192.168.1.210/weibo/detail', 'weibo/index/weibodetail', '{"id":""}', 'Common_email', 1558166365, 1),
(529, 106, '阿俊赞了您', '有人赞了您的微博，快去看看吧^……^！http://192.168.1.210/weibo/detail', 'weibo/index/weibodetail', '{"id":""}', 'Common_mobile', 1558167536, 1),
(530, 106, '阿俊赞了您', '有人赞了您的微博，快去看看吧^……^！http://192.168.1.210/weibo/detail', 'weibo/index/weibodetail', '{"id":""}', 'Common_email', 1558167536, 1),
(531, 106, '阿俊赞了您', '有人赞了您的微博，快去看看吧^……^！http://192.168.1.210/weibo/detail/47.html', 'weibo/index/weibodetail', '{"id":"47"}', 'Common_mobile', 1558167656, 1),
(532, 106, '阿俊赞了您', '有人赞了您的微博，快去看看吧^……^！http://192.168.1.210/weibo/detail/47.html', 'weibo/index/weibodetail', '{"id":"47"}', 'Common_email', 1558167656, 1),
(533, 106, '阿俊赞了您', '有人赞了您的微博，快去看看吧^……^！', 'weibo/index/weibodetail', '{"id":"46"}', 'Ucenter', 1558167702, 1),
(534, 106, '阿俊赞了您', '有人赞了您的微博，快去看看吧^……^！http://192.168.1.210/weibo/detail/46.html', 'weibo/index/weibodetail', '{"id":"46"}', 'Common_mobile', 1558167702, 1),
(535, 106, '阿俊赞了您', '有人赞了您的微博，快去看看吧^……^！http://192.168.1.210/weibo/detail/46.html', 'weibo/index/weibodetail', '{"id":"46"}', 'Common_email', 1558167702, 1),
(536, 106, '阿俊赞了您', '有人赞了您的微博，快去看看吧^……^！http://192.168.1.210/weibo/index/dosupport.html', '', '{"id":""}', 'Common_mobile', 1558167757, 1),
(537, 106, '阿俊赞了您', '有人赞了您的微博，快去看看吧^……^！http://192.168.1.210/weibo/index/dosupport.html', '', '{"id":""}', 'Common_email', 1558167757, 1),
(538, 106, '阿俊赞了您', '有人赞了您的微博，快去看看吧^……^！http://192.168.1.210/weibo/detail', 'weibo/index/weibodetail', '{"id":""}', 'Common_mobile', 1558167802, 1),
(539, 106, '阿俊赞了您', '有人赞了您的微博，快去看看吧^……^！http://192.168.1.210/weibo/detail', 'weibo/index/weibodetail', '{"id":""}', 'Common_email', 1558167802, 1),
(540, 106, '阿俊赞了您', '有人赞了您的微博，快去看看吧^……^！http://192.168.1.210/weibo/detail', 'weibo/index/weibodetail', '{"id":""}', 'Common_mobile', 1558167805, 1),
(541, 106, '阿俊赞了您', '有人赞了您的微博，快去看看吧^……^！http://192.168.1.210/weibo/detail', 'weibo/index/weibodetail', '{"id":""}', 'Common_email', 1558167805, 1),
(542, 106, '阿俊赞了您', '有人赞了您的微博，快去看看吧^……^！http://192.168.1.210/weibo/detail', 'weibo/index/weibodetail', '{"id":""}', 'Common_mobile', 1558168375, 1),
(543, 106, '阿俊赞了您', '有人赞了您的微博，快去看看吧^……^！http://192.168.1.210/weibo/detail', 'weibo/index/weibodetail', '{"id":""}', 'Common_email', 1558168375, 1),
(544, 106, '阿俊赞了您', '有人赞了您的微博，快去看看吧^……^！', 'weibo/index/weibodetail', '{"id":"44"}', 'Ucenter', 1558168426, 1),
(545, 106, '阿俊赞了您', '有人赞了您的微博，快去看看吧^……^！http://192.168.1.210/weibo/detail/44.html', 'weibo/index/weibodetail', '{"id":"44"}', 'Common_mobile', 1558168426, 1),
(546, 106, '阿俊赞了您', '有人赞了您的微博，快去看看吧^……^！http://192.168.1.210/weibo/detail/44.html', 'weibo/index/weibodetail', '{"id":"44"}', 'Common_email', 1558168426, 1),
(547, 106, '阿俊赞了您', '有人赞了您的微博，快去看看吧^……^！http://192.168.1.210/weibo/detail', 'weibo/index/weibodetail', '{"id":""}', 'Common_mobile', 1558168471, 1),
(548, 106, '阿俊赞了您', '有人赞了您的微博，快去看看吧^……^！http://192.168.1.210/weibo/detail', 'weibo/index/weibodetail', '{"id":""}', 'Common_email', 1558168471, 1),
(549, 106, '阿俊赞了您', '有人赞了您的微博，快去看看吧^……^！http://192.168.1.210/weibo/detail', 'weibo/index/weibodetail', '{"id":""}', 'Common_mobile', 1558168474, 1),
(550, 106, '阿俊赞了您', '有人赞了您的微博，快去看看吧^……^！http://192.168.1.210/weibo/detail', 'weibo/index/weibodetail', '{"id":""}', 'Common_email', 1558168474, 1),
(551, 106, '阿俊赞了您', '有人赞了您的微博，快去看看吧^……^！http://192.168.1.210/weibo/detail', 'weibo/index/weibodetail', '{"id":""}', 'Common_mobile', 1558168476, 1),
(552, 106, '阿俊赞了您', '有人赞了您的微博，快去看看吧^……^！http://192.168.1.210/weibo/detail', 'weibo/index/weibodetail', '{"id":""}', 'Common_email', 1558168476, 1),
(553, 106, '阿俊赞了您', '有人赞了您的微博，快去看看吧^……^！http://192.168.1.210/weibo/detail', 'weibo/index/weibodetail', '{"id":""}', 'Common_mobile', 1558168478, 1),
(554, 106, '阿俊赞了您', '有人赞了您的微博，快去看看吧^……^！http://192.168.1.210/weibo/detail', 'weibo/index/weibodetail', '{"id":""}', 'Common_email', 1558168478, 1),
(555, 106, '阿俊赞了您', '有人赞了您的微博，快去看看吧^……^！http://192.168.1.210/weibo/detail', 'weibo/index/weibodetail', '{"id":""}', 'Common_mobile', 1558168573, 1),
(556, 106, '阿俊赞了您', '有人赞了您的微博，快去看看吧^……^！http://192.168.1.210/weibo/detail', 'weibo/index/weibodetail', '{"id":""}', 'Common_email', 1558168573, 1),
(557, 106, '阿俊赞了您', '有人赞了您的微博，快去看看吧^……^！http://192.168.1.210/weibo/detail/50.html', 'weibo/index/weibodetail', '{"id":"50"}', 'Common_mobile', 1558168625, 1),
(558, 106, '阿俊赞了您', '有人赞了您的微博，快去看看吧^……^！http://192.168.1.210/weibo/detail/50.html', 'weibo/index/weibodetail', '{"id":"50"}', 'Common_email', 1558168625, 1),
(559, 106, '阿俊赞了您', '有人赞了您的微博，快去看看吧^……^！http://192.168.1.210/weibo/detail/50.html', 'weibo/index/weibodetail', '{"id":"50"}', 'Common_mobile', 1558168676, 1),
(560, 106, '阿俊赞了您', '有人赞了您的微博，快去看看吧^……^！http://192.168.1.210/weibo/detail/50.html', 'weibo/index/weibodetail', '{"id":"50"}', 'Common_email', 1558168676, 1),
(561, 106, '阿俊赞了您', '有人赞了您的微博，快去看看吧^……^！http://192.168.1.210/weibo/detail/50.html', 'weibo/index/weibodetail', '{"id":"50"}', 'Common_mobile', 1558168709, 1),
(562, 106, '阿俊赞了您', '有人赞了您的微博，快去看看吧^……^！http://192.168.1.210/weibo/detail/50.html', 'weibo/index/weibodetail', '{"id":"50"}', 'Common_email', 1558168709, 1),
(563, 106, '阿俊赞了您', '有人赞了您的微博，快去看看吧^……^！http://192.168.1.210/weibo/detail/50.html', 'weibo/index/weibodetail', '{"id":"50"}', 'Common_mobile', 1558168747, 1),
(564, 106, '阿俊赞了您', '有人赞了您的微博，快去看看吧^……^！http://192.168.1.210/weibo/detail/50.html', 'weibo/index/weibodetail', '{"id":"50"}', 'Common_email', 1558168747, 1),
(565, 106, '阿俊赞了您', '有人赞了您的微博，快去看看吧^……^！http://192.168.1.210/weibo/detail', 'weibo/index/weibodetail', '{"id":""}', 'Common_mobile', 1558168778, 1),
(566, 106, '阿俊赞了您', '有人赞了您的微博，快去看看吧^……^！http://192.168.1.210/weibo/detail', 'weibo/index/weibodetail', '{"id":""}', 'Common_email', 1558168778, 1),
(567, 106, '阿俊赞了您', '有人赞了您的微博，快去看看吧^……^！http://192.168.1.210/weibo/detail', 'weibo/index/weibodetail', '{"id":""}', 'Common_mobile', 1558168784, 1),
(568, 106, '阿俊赞了您', '有人赞了您的微博，快去看看吧^……^！http://192.168.1.210/weibo/detail', 'weibo/index/weibodetail', '{"id":""}', 'Common_email', 1558168784, 1),
(569, 106, '阿俊赞了您', '有人赞了您的微博，快去看看吧^……^！http://192.168.1.210/weibo/detail', 'weibo/index/weibodetail', '{"id":""}', 'Common_mobile', 1558168792, 1),
(570, 106, '阿俊赞了您', '有人赞了您的微博，快去看看吧^……^！http://192.168.1.210/weibo/detail', 'weibo/index/weibodetail', '{"id":""}', 'Common_email', 1558168792, 1),
(571, 106, '阿俊赞了您', '有人赞了您的微博，快去看看吧^……^！http://192.168.1.210/weibo/detail/50.html', 'weibo/index/weibodetail', '{"id":"50"}', 'Common_mobile', 1558169248, 1),
(572, 106, '阿俊赞了您', '有人赞了您的微博，快去看看吧^……^！http://192.168.1.210/weibo/detail/50.html', 'weibo/index/weibodetail', '{"id":"50"}', 'Common_email', 1558169248, 1),
(573, 106, '阿俊赞了您', '有人赞了您的微博，快去看看吧^……^！http://192.168.1.210/weibo/detail/50.html', 'weibo/index/weibodetail', '{"id":"50"}', 'Common_mobile', 1558169256, 1),
(574, 106, '阿俊赞了您', '有人赞了您的微博，快去看看吧^……^！http://192.168.1.210/weibo/detail/50.html', 'weibo/index/weibodetail', '{"id":"50"}', 'Common_email', 1558169256, 1),
(575, 106, '阿俊赞了您', '有人赞了您的微博，快去看看吧^……^！http://192.168.1.210/weibo/detail', 'weibo/index/weibodetail', '{"id":""}', 'Common_mobile', 1558169441, 1),
(576, 106, '阿俊赞了您', '有人赞了您的微博，快去看看吧^……^！http://192.168.1.210/weibo/detail', 'weibo/index/weibodetail', '{"id":""}', 'Common_email', 1558169441, 1),
(577, 1, '肥丿肥赞了您', '有人赞了您的微博，快去看看吧^……^！http://192.168.1.210/weibo/detail', 'weibo/index/weibodetail', '{"id":""}', 'Common_mobile', 1558169704, 1),
(578, 1, '肥丿肥赞了您', '有人赞了您的微博，快去看看吧^……^！http://192.168.1.210/weibo/detail', 'weibo/index/weibodetail', '{"id":""}', 'Common_email', 1558169704, 1),
(579, 1, '肥丿肥赞了您', '有人赞了您的微博，快去看看吧^……^！http://192.168.1.210/weibo/detail', 'weibo/index/weibodetail', '{"id":""}', 'Common_mobile', 1558169715, 1),
(580, 1, '肥丿肥赞了您', '有人赞了您的微博，快去看看吧^……^！http://192.168.1.210/weibo/detail', 'weibo/index/weibodetail', '{"id":""}', 'Common_email', 1558169715, 1),
(581, 106, '阿俊赞了您', '有人赞了您的微博，快去看看吧^……^！http://192.168.1.210/weibo/detail', 'weibo/index/weibodetail', '{"id":""}', 'Common_mobile', 1558169738, 1),
(582, 106, '阿俊赞了您', '有人赞了您的微博，快去看看吧^……^！http://192.168.1.210/weibo/detail', 'weibo/index/weibodetail', '{"id":""}', 'Common_email', 1558169738, 1),
(583, 106, '阿俊赞了您', '有人赞了您的微博，快去看看吧^……^！http://192.168.1.210/weibo/detail', 'weibo/index/weibodetail', '{"id":""}', 'Common_mobile', 1558169751, 1),
(584, 106, '阿俊赞了您', '有人赞了您的微博，快去看看吧^……^！http://192.168.1.210/weibo/detail', 'weibo/index/weibodetail', '{"id":""}', 'Common_email', 1558169751, 1),
(585, 106, '阿俊赞了您', '有人赞了您的微博，快去看看吧^……^！http://192.168.1.210/weibo/detail', 'weibo/index/weibodetail', '{"id":""}', 'Common_mobile', 1558169758, 1),
(586, 106, '阿俊赞了您', '有人赞了您的微博，快去看看吧^……^！http://192.168.1.210/weibo/detail', 'weibo/index/weibodetail', '{"id":""}', 'Common_email', 1558169758, 1),
(587, 1, '肥丿肥赞了您', '有人赞了您的微博，快去看看吧^……^！http://192.168.1.210/weibo/detail', 'weibo/index/weibodetail', '{"id":""}', 'Common_mobile', 1558169796, 1),
(588, 1, '肥丿肥赞了您', '有人赞了您的微博，快去看看吧^……^！http://192.168.1.210/weibo/detail', 'weibo/index/weibodetail', '{"id":""}', 'Common_email', 1558169796, 1),
(589, 1, '肥丿肥赞了您', '有人赞了您的微博，快去看看吧^……^！http://192.168.1.210/weibo/detail', 'weibo/index/weibodetail', '{"id":""}', 'Common_mobile', 1558169886, 1),
(590, 1, '肥丿肥赞了您', '有人赞了您的微博，快去看看吧^……^！http://192.168.1.210/weibo/detail', 'weibo/index/weibodetail', '{"id":""}', 'Common_email', 1558169886, 1),
(591, 1, '肥丿肥赞了您', '有人赞了您的微博，快去看看吧^……^！http://192.168.1.210/weibo/detail', 'weibo/index/weibodetail', '{"id":""}', 'Common_mobile', 1558169897, 1),
(592, 1, '肥丿肥赞了您', '有人赞了您的微博，快去看看吧^……^！http://192.168.1.210/weibo/detail', 'weibo/index/weibodetail', '{"id":""}', 'Common_email', 1558169897, 1),
(593, 106, '阿俊赞了您', '有人赞了您的微博，快去看看吧^……^！http://192.168.1.210/weibo/detail/50.html', 'weibo/index/weibodetail', '{"id":"50"}', 'Common_mobile', 1558169902, 1),
(594, 106, '阿俊赞了您', '有人赞了您的微博，快去看看吧^……^！http://192.168.1.210/weibo/detail/50.html', 'weibo/index/weibodetail', '{"id":"50"}', 'Common_email', 1558169902, 1),
(595, 106, '阿俊赞了您', '有人赞了您的微博，快去看看吧^……^！http://192.168.1.210/weibo/detail', 'weibo/index/weibodetail', '{"id":""}', 'Common_mobile', 1558169922, 1),
(596, 106, '阿俊赞了您', '有人赞了您的微博，快去看看吧^……^！http://192.168.1.210/weibo/detail', 'weibo/index/weibodetail', '{"id":""}', 'Common_email', 1558169922, 1),
(597, 106, '阿俊赞了您', '有人赞了您的微博，快去看看吧^……^！http://192.168.1.210/weibo/detail', 'weibo/index/weibodetail', '{"id":""}', 'Common_mobile', 1558169932, 1),
(598, 106, '阿俊赞了您', '有人赞了您的微博，快去看看吧^……^！http://192.168.1.210/weibo/detail', 'weibo/index/weibodetail', '{"id":""}', 'Common_email', 1558169932, 1),
(599, 106, '阿俊赞了您', '有人赞了您的微博，快去看看吧^……^！http://192.168.1.210/weibo/detail', 'weibo/index/weibodetail', '{"id":""}', 'Common_mobile', 1558169946, 1),
(600, 106, '阿俊赞了您', '有人赞了您的微博，快去看看吧^……^！http://192.168.1.210/weibo/detail', 'weibo/index/weibodetail', '{"id":""}', 'Common_email', 1558169946, 1),
(601, 106, '阿俊赞了您', '有人赞了您的微博，快去看看吧^……^！http://192.168.1.210/weibo/detail', 'weibo/index/weibodetail', '{"id":""}', 'Common_mobile', 1558169966, 1),
(602, 106, '阿俊赞了您', '有人赞了您的微博，快去看看吧^……^！http://192.168.1.210/weibo/detail', 'weibo/index/weibodetail', '{"id":""}', 'Common_email', 1558169966, 1),
(603, 1, '肥丿肥赞了您', '有人赞了您的微博，快去看看吧^……^！http://192.168.1.210/weibo/detail', 'weibo/index/weibodetail', '{"id":""}', 'Common_mobile', 1558169999, 1),
(604, 1, '肥丿肥赞了您', '有人赞了您的微博，快去看看吧^……^！http://192.168.1.210/weibo/detail', 'weibo/index/weibodetail', '{"id":""}', 'Common_email', 1558169999, 1),
(605, 1, '肥丿肥赞了您', '有人赞了您的微博，快去看看吧^……^！http://192.168.1.210/weibo/detail', 'weibo/index/weibodetail', '{"id":""}', 'Common_mobile', 1558170063, 1),
(606, 1, '肥丿肥赞了您', '有人赞了您的微博，快去看看吧^……^！http://192.168.1.210/weibo/detail', 'weibo/index/weibodetail', '{"id":""}', 'Common_email', 1558170063, 1),
(607, 106, '阿俊赞了您', '有人赞了您的微博，快去看看吧^……^！http://192.168.1.210/weibo/detail', 'weibo/index/weibodetail', '{"id":""}', 'Common_mobile', 1558170067, 1),
(608, 106, '阿俊赞了您', '有人赞了您的微博，快去看看吧^……^！http://192.168.1.210/weibo/detail', 'weibo/index/weibodetail', '{"id":""}', 'Common_email', 1558170067, 1),
(609, 1, '肥丿肥赞了您', '有人赞了您的微博，快去看看吧^……^！http://192.168.1.210/weibo/detail', 'weibo/index/weibodetail', '{"id":""}', 'Common_mobile', 1558170091, 1),
(610, 1, '肥丿肥赞了您', '有人赞了您的微博，快去看看吧^……^！http://192.168.1.210/weibo/detail', 'weibo/index/weibodetail', '{"id":""}', 'Common_email', 1558170091, 1),
(611, 106, '阿俊赞了您', '有人赞了您的微博，快去看看吧^……^！http://192.168.1.210/weibo/detail', 'weibo/index/weibodetail', '{"id":""}', 'Common_mobile', 1558170093, 1),
(612, 106, '阿俊赞了您', '有人赞了您的微博，快去看看吧^……^！http://192.168.1.210/weibo/detail', 'weibo/index/weibodetail', '{"id":""}', 'Common_email', 1558170093, 1),
(613, 1, '肥丿肥赞了您', '有人赞了您的微博，快去看看吧^……^！http://192.168.1.210/weibo/detail', 'weibo/index/weibodetail', '{"id":""}', 'Common_mobile', 1558170154, 1),
(614, 1, '肥丿肥赞了您', '有人赞了您的微博，快去看看吧^……^！http://192.168.1.210/weibo/detail', 'weibo/index/weibodetail', '{"id":""}', 'Common_email', 1558170154, 1),
(615, 1, '肥丿肥赞了您', '有人赞了您的微博，快去看看吧^……^！http://192.168.1.210/weibo/detail', 'weibo/index/weibodetail', '{"id":""}', 'Common_mobile', 1558170157, 1),
(616, 1, '肥丿肥赞了您', '有人赞了您的微博，快去看看吧^……^！http://192.168.1.210/weibo/detail', 'weibo/index/weibodetail', '{"id":""}', 'Common_email', 1558170157, 1),
(617, 106, '阿俊赞了您', '有人赞了您的微博，快去看看吧^……^！http://192.168.1.210/weibo/detail/50.html', 'weibo/index/weibodetail', '{"id":"50"}', 'Common_mobile', 1558170235, 1),
(618, 106, '阿俊赞了您', '有人赞了您的微博，快去看看吧^……^！http://192.168.1.210/weibo/detail/50.html', 'weibo/index/weibodetail', '{"id":"50"}', 'Common_email', 1558170235, 1),
(619, 106, '阿俊赞了您', '有人赞了您的微博，快去看看吧^……^！', 'weibo/index/weibodetail', '{"id":"43"}', 'Ucenter', 1558170262, 1),
(620, 106, '阿俊赞了您', '有人赞了您的微博，快去看看吧^……^！http://192.168.1.210/weibo/detail/43.html', 'weibo/index/weibodetail', '{"id":"43"}', 'Common_mobile', 1558170262, 1),
(621, 106, '阿俊赞了您', '有人赞了您的微博，快去看看吧^……^！http://192.168.1.210/weibo/detail/43.html', 'weibo/index/weibodetail', '{"id":"43"}', 'Common_email', 1558170262, 1),
(622, 1, '肥丿肥赞了您', '有人赞了您的微博，快去看看吧^……^！', 'weibo/index/weibodetail', '{"id":"50"}', 'Ucenter', 1558170262, 1),
(623, 1, '肥丿肥赞了您', '有人赞了您的微博，快去看看吧^……^！http://192.168.1.210/weibo/detail/50.html', 'weibo/index/weibodetail', '{"id":"50"}', 'Common_mobile', 1558170262, 1),
(624, 1, '肥丿肥赞了您', '有人赞了您的微博，快去看看吧^……^！http://192.168.1.210/weibo/detail/50.html', 'weibo/index/weibodetail', '{"id":"50"}', 'Common_email', 1558170262, 1),
(625, 1, '肥丿肥赞了您', '有人赞了您的微博，快去看看吧^……^！', 'weibo/index/weibodetail', '{"id":"50"}', 'Ucenter', 1558170270, 1),
(626, 1, '肥丿肥赞了您', '有人赞了您的微博，快去看看吧^……^！http://192.168.1.210/weibo/detail/50.html', 'weibo/index/weibodetail', '{"id":"50"}', 'Common_mobile', 1558170270, 1),
(627, 1, '肥丿肥赞了您', '有人赞了您的微博，快去看看吧^……^！http://192.168.1.210/weibo/detail/50.html', 'weibo/index/weibodetail', '{"id":"50"}', 'Common_email', 1558170270, 1),
(628, 106, '阿俊赞了您', '有人赞了您的微博，快去看看吧^……^！', 'weibo/index/weibodetail', '{"id":"43"}', 'Ucenter', 1558170280, 1),
(629, 106, '阿俊赞了您', '有人赞了您的微博，快去看看吧^……^！http://192.168.1.210/weibo/detail/43.html', 'weibo/index/weibodetail', '{"id":"43"}', 'Common_mobile', 1558170280, 1),
(630, 106, '阿俊赞了您', '有人赞了您的微博，快去看看吧^……^！http://192.168.1.210/weibo/detail/43.html', 'weibo/index/weibodetail', '{"id":"43"}', 'Common_email', 1558170280, 1),
(631, 106, '阿俊赞了您', '有人赞了您的微博，快去看看吧^……^！http://192.168.1.210/weibo/detail/50.html', 'weibo/index/weibodetail', '{"id":"50"}', 'Common_mobile', 1558170291, 1),
(632, 106, '阿俊赞了您', '有人赞了您的微博，快去看看吧^……^！http://192.168.1.210/weibo/detail/50.html', 'weibo/index/weibodetail', '{"id":"50"}', 'Common_email', 1558170291, 1),
(633, 1, '肥丿肥赞了您', '有人赞了您的微博，快去看看吧^……^！', 'weibo/index/weibodetail', '{"id":"50"}', 'Ucenter', 1558170291, 1),
(634, 1, '肥丿肥赞了您', '有人赞了您的微博，快去看看吧^……^！http://192.168.1.210/weibo/detail/50.html', 'weibo/index/weibodetail', '{"id":"50"}', 'Common_mobile', 1558170291, 1),
(635, 1, '肥丿肥赞了您', '有人赞了您的微博，快去看看吧^……^！http://192.168.1.210/weibo/detail/50.html', 'weibo/index/weibodetail', '{"id":"50"}', 'Common_email', 1558170291, 1),
(636, 1, '肥丿肥赞了您', '有人赞了您的微博，快去看看吧^……^！', 'weibo/index/weibodetail', '{"id":"50"}', 'Ucenter', 1558170295, 1),
(637, 1, '肥丿肥赞了您', '有人赞了您的微博，快去看看吧^……^！http://192.168.1.210/weibo/detail/50.html', 'weibo/index/weibodetail', '{"id":"50"}', 'Common_mobile', 1558170295, 1),
(638, 1, '肥丿肥赞了您', '有人赞了您的微博，快去看看吧^……^！http://192.168.1.210/weibo/detail/50.html', 'weibo/index/weibodetail', '{"id":"50"}', 'Common_email', 1558170295, 1),
(639, 106, '阿俊赞了您', '有人赞了您的微博，快去看看吧^……^！http://192.168.1.210/weibo/detail/50.html', 'weibo/index/weibodetail', '{"id":"50"}', 'Common_mobile', 1558170299, 1),
(640, 106, '阿俊赞了您', '有人赞了您的微博，快去看看吧^……^！http://192.168.1.210/weibo/detail/50.html', 'weibo/index/weibodetail', '{"id":"50"}', 'Common_email', 1558170299, 1),
(641, 1, '肥丿肥赞了您', '有人赞了您的微博，快去看看吧^……^！', 'weibo/index/weibodetail', '{"id":"50"}', 'Ucenter', 1558170300, 1),
(642, 1, '肥丿肥赞了您', '有人赞了您的微博，快去看看吧^……^！http://192.168.1.210/weibo/detail/50.html', 'weibo/index/weibodetail', '{"id":"50"}', 'Common_mobile', 1558170300, 1),
(643, 1, '肥丿肥赞了您', '有人赞了您的微博，快去看看吧^……^！http://192.168.1.210/weibo/detail/50.html', 'weibo/index/weibodetail', '{"id":"50"}', 'Common_email', 1558170300, 1),
(644, 106, '阿俊赞了您', '有人赞了您的微博，快去看看吧^……^！http://192.168.1.210/weibo/detail/50.html', 'weibo/index/weibodetail', '{"id":"50"}', 'Common_mobile', 1558170551, 1),
(645, 106, '阿俊赞了您', '有人赞了您的微博，快去看看吧^……^！http://192.168.1.210/weibo/detail/50.html', 'weibo/index/weibodetail', '{"id":"50"}', 'Common_email', 1558170551, 1),
(646, 106, '阿俊赞了您', '有人赞了您的微博，快去看看吧^……^！http://192.168.1.210/weibo/detail/50.html', 'weibo/index/weibodetail', '{"id":"50"}', 'Common_mobile', 1558170563, 1),
(647, 106, '阿俊赞了您', '有人赞了您的微博，快去看看吧^……^！http://192.168.1.210/weibo/detail/50.html', 'weibo/index/weibodetail', '{"id":"50"}', 'Common_email', 1558170563, 1),
(648, 106, '阿俊赞了您', '有人赞了您的微博，快去看看吧^……^！http://192.168.1.210/weibo/detail/50.html', 'weibo/index/weibodetail', '{"id":"50"}', 'Common_mobile', 1558170662, 1),
(649, 106, '阿俊赞了您', '有人赞了您的微博，快去看看吧^……^！http://192.168.1.210/weibo/detail/50.html', 'weibo/index/weibodetail', '{"id":"50"}', 'Common_email', 1558170662, 1),
(650, 106, '阿俊赞了您', '有人赞了您的微博，快去看看吧^……^！http://192.168.1.210/weibo/detail/50.html', 'weibo/index/weibodetail', '{"id":"50"}', 'Common_mobile', 1558170686, 1),
(651, 106, '阿俊赞了您', '有人赞了您的微博，快去看看吧^……^！http://192.168.1.210/weibo/detail/50.html', 'weibo/index/weibodetail', '{"id":"50"}', 'Common_email', 1558170686, 1),
(652, 106, '阿俊赞了您', '有人赞了您的微博，快去看看吧^……^！http://192.168.1.210/weibo/detail/50.html', 'weibo/index/weibodetail', '{"id":"50"}', 'Common_mobile', 1558170691, 1),
(653, 106, '阿俊赞了您', '有人赞了您的微博，快去看看吧^……^！http://192.168.1.210/weibo/detail/50.html', 'weibo/index/weibodetail', '{"id":"50"}', 'Common_email', 1558170691, 1),
(654, 106, '阿俊赞了您', '有人赞了您的微博，快去看看吧^……^！http://192.168.1.210/weibo/detail/50.html', 'weibo/index/weibodetail', '{"id":"50"}', 'Common_mobile', 1558170700, 1),
(655, 106, '阿俊赞了您', '有人赞了您的微博，快去看看吧^……^！http://192.168.1.210/weibo/detail/50.html', 'weibo/index/weibodetail', '{"id":"50"}', 'Common_email', 1558170700, 1),
(656, 106, '阿俊赞了您', '有人赞了您的微博，快去看看吧^……^！', 'weibo/index/weibodetail', '{"id":"45"}', 'Ucenter', 1558170703, 1),
(657, 106, '阿俊赞了您', '有人赞了您的微博，快去看看吧^……^！http://192.168.1.210/weibo/detail/45.html', 'weibo/index/weibodetail', '{"id":"45"}', 'Common_mobile', 1558170703, 1),
(658, 106, '阿俊赞了您', '有人赞了您的微博，快去看看吧^……^！http://192.168.1.210/weibo/detail/45.html', 'weibo/index/weibodetail', '{"id":"45"}', 'Common_email', 1558170703, 1),
(659, 106, '阿俊赞了您', '有人赞了您的微博，快去看看吧^……^！http://192.168.1.210/weibo/detail/50.html', 'weibo/index/weibodetail', '{"id":"50"}', 'Common_mobile', 1558170708, 1),
(660, 106, '阿俊赞了您', '有人赞了您的微博，快去看看吧^……^！http://192.168.1.210/weibo/detail/50.html', 'weibo/index/weibodetail', '{"id":"50"}', 'Common_email', 1558170708, 1),
(661, 106, '阿俊赞了您', '有人赞了您的微博，快去看看吧^……^！', 'weibo/index/weibodetail', '{"id":"45"}', 'Ucenter', 1558170709, 1),
(662, 106, '阿俊赞了您', '有人赞了您的微博，快去看看吧^……^！http://192.168.1.210/weibo/detail/45.html', 'weibo/index/weibodetail', '{"id":"45"}', 'Common_mobile', 1558170709, 1),
(663, 106, '阿俊赞了您', '有人赞了您的微博，快去看看吧^……^！http://192.168.1.210/weibo/detail/45.html', 'weibo/index/weibodetail', '{"id":"45"}', 'Common_email', 1558170709, 1),
(664, 106, '阿俊赞了您', '有人赞了您的微博，快去看看吧^……^！', 'weibo/index/weibodetail', '{"id":"43"}', 'Ucenter', 1558170717, 1),
(665, 106, '阿俊赞了您', '有人赞了您的微博，快去看看吧^……^！http://192.168.1.210/weibo/detail/43.html', 'weibo/index/weibodetail', '{"id":"43"}', 'Common_mobile', 1558170717, 1),
(666, 106, '阿俊赞了您', '有人赞了您的微博，快去看看吧^……^！http://192.168.1.210/weibo/detail/43.html', 'weibo/index/weibodetail', '{"id":"43"}', 'Common_email', 1558170717, 1),
(667, 106, '阿俊赞了您', '有人赞了您的微博，快去看看吧^……^！http://192.168.1.210/weibo/detail/50.html', 'weibo/index/weibodetail', '{"id":"50"}', 'Common_mobile', 1558170719, 1),
(668, 106, '阿俊赞了您', '有人赞了您的微博，快去看看吧^……^！http://192.168.1.210/weibo/detail/50.html', 'weibo/index/weibodetail', '{"id":"50"}', 'Common_email', 1558170719, 1),
(669, 106, '阿俊赞了您', '有人赞了您的微博，快去看看吧^……^！http://192.168.1.210/weibo/detail/50.html', 'weibo/index/weibodetail', '{"id":"50"}', 'Common_mobile', 1558170729, 1),
(670, 106, '阿俊赞了您', '有人赞了您的微博，快去看看吧^……^！http://192.168.1.210/weibo/detail/50.html', 'weibo/index/weibodetail', '{"id":"50"}', 'Common_email', 1558170729, 1),
(671, 106, '阿俊赞了您', '有人赞了您的微博，快去看看吧^……^！', 'weibo/index/weibodetail', '{"id":"43"}', 'Ucenter', 1558170729, 1),
(672, 106, '阿俊赞了您', '有人赞了您的微博，快去看看吧^……^！http://192.168.1.210/weibo/detail/43.html', 'weibo/index/weibodetail', '{"id":"43"}', 'Common_mobile', 1558170729, 1),
(673, 106, '阿俊赞了您', '有人赞了您的微博，快去看看吧^……^！http://192.168.1.210/weibo/detail/43.html', 'weibo/index/weibodetail', '{"id":"43"}', 'Common_email', 1558170729, 1),
(674, 106, '阿俊赞了您', '有人赞了您的微博，快去看看吧^……^！http://192.168.1.210/weibo/detail/50.html', 'weibo/index/weibodetail', '{"id":"50"}', 'Common_mobile', 1558170734, 1),
(675, 106, '阿俊赞了您', '有人赞了您的微博，快去看看吧^……^！http://192.168.1.210/weibo/detail/50.html', 'weibo/index/weibodetail', '{"id":"50"}', 'Common_email', 1558170734, 1),
(676, 106, '阿俊赞了您', '有人赞了您的微博，快去看看吧^……^！http://192.168.1.210/weibo/detail/49.html', 'weibo/index/weibodetail', '{"id":"49"}', 'Common_mobile', 1558170741, 1),
(677, 106, '阿俊赞了您', '有人赞了您的微博，快去看看吧^……^！http://192.168.1.210/weibo/detail/49.html', 'weibo/index/weibodetail', '{"id":"49"}', 'Common_email', 1558170741, 1),
(678, 1, '有新的举报。', '有一封举报，请到后台查看。', '', '', 'Common_system', 1558171015, 1),
(679, 106, '阿俊赞了您', '有人赞了您的微博，快去看看吧^……^！http://192.168.1.210/weibo/detail/50.html', 'weibo/index/weibodetail', '{"id":"50"}', 'Common_mobile', 1558171188, 1),
(680, 106, '阿俊赞了您', '有人赞了您的微博，快去看看吧^……^！http://192.168.1.210/weibo/detail/50.html', 'weibo/index/weibodetail', '{"id":"50"}', 'Common_email', 1558171188, 1),
(681, 106, '阿俊赞了您', '有人赞了您的微博，快去看看吧^……^！http://192.168.1.210/weibo/detail/50.html', 'weibo/index/weibodetail', '{"id":"50"}', 'Common_mobile', 1558171195, 1),
(682, 106, '阿俊赞了您', '有人赞了您的微博，快去看看吧^……^！http://192.168.1.210/weibo/detail/50.html', 'weibo/index/weibodetail', '{"id":"50"}', 'Common_email', 1558171195, 1);
INSERT INTO `ocenter_message_content` (`id`, `from_id`, `title`, `content`, `url`, `args`, `type`, `create_time`, `status`) VALUES
(683, 106, '阿俊赞了您', '有人赞了您的微博，快去看看吧^……^！http://192.168.1.210/weibo/detail/50.html', 'weibo/index/weibodetail', '{"id":"50"}', 'Common_mobile', 1558171217, 1),
(684, 106, '阿俊赞了您', '有人赞了您的微博，快去看看吧^……^！http://192.168.1.210/weibo/detail/50.html', 'weibo/index/weibodetail', '{"id":"50"}', 'Common_email', 1558171217, 1),
(685, 106, '阿俊赞了您', '有人赞了您的微博，快去看看吧^……^！http://192.168.1.210/weibo/detail/50.html', 'weibo/index/weibodetail', '{"id":"50"}', 'Common_mobile', 1558171223, 1),
(686, 106, '阿俊赞了您', '有人赞了您的微博，快去看看吧^……^！http://192.168.1.210/weibo/detail/50.html', 'weibo/index/weibodetail', '{"id":"50"}', 'Common_email', 1558171223, 1),
(687, 106, '阿俊赞了您', '有人赞了您的微博，快去看看吧^……^！http://192.168.1.210/weibo/detail/50.html', 'weibo/index/weibodetail', '{"id":"50"}', 'Common_mobile', 1558171229, 1),
(688, 106, '阿俊赞了您', '有人赞了您的微博，快去看看吧^……^！http://192.168.1.210/weibo/detail/50.html', 'weibo/index/weibodetail', '{"id":"50"}', 'Common_email', 1558171229, 1),
(689, 106, '阿俊赞了您', '有人赞了您的微博，快去看看吧^……^！http://192.168.1.210/weibo/detail/50.html', 'weibo/index/weibodetail', '{"id":"50"}', 'Common_mobile', 1558171592, 1),
(690, 106, '阿俊赞了您', '有人赞了您的微博，快去看看吧^……^！http://192.168.1.210/weibo/detail/50.html', 'weibo/index/weibodetail', '{"id":"50"}', 'Common_email', 1558171592, 1),
(691, 106, '阿俊赞了您', '有人赞了您的微博，快去看看吧^……^！http://192.168.1.210/weibo/detail/50.html', 'weibo/index/weibodetail', '{"id":"50"}', 'Common_mobile', 1558171598, 1),
(692, 106, '阿俊赞了您', '有人赞了您的微博，快去看看吧^……^！http://192.168.1.210/weibo/detail/50.html', 'weibo/index/weibodetail', '{"id":"50"}', 'Common_email', 1558171598, 1),
(693, 106, '阿俊赞了您', '有人赞了您的微博，快去看看吧^……^！http://192.168.1.210/weibo/detail/50.html', 'weibo/index/weibodetail', '{"id":"50"}', 'Common_mobile', 1558171603, 1),
(694, 106, '阿俊赞了您', '有人赞了您的微博，快去看看吧^……^！http://192.168.1.210/weibo/detail/50.html', 'weibo/index/weibodetail', '{"id":"50"}', 'Common_email', 1558171603, 1),
(695, 106, '阿俊赞了您', '有人赞了您的微博，快去看看吧^……^！http://192.168.1.210/weibo/detail/49.html', 'weibo/index/weibodetail', '{"id":"49"}', 'Common_mobile', 1558171611, 1),
(696, 106, '阿俊赞了您', '有人赞了您的微博，快去看看吧^……^！http://192.168.1.210/weibo/detail/49.html', 'weibo/index/weibodetail', '{"id":"49"}', 'Common_email', 1558171611, 1),
(697, 106, '阿俊赞了您', '有人赞了您的微博，快去看看吧^……^！http://192.168.1.210/weibo/detail/50.html', 'weibo/index/weibodetail', '{"id":"50"}', 'Common_mobile', 1558171616, 1),
(698, 106, '阿俊赞了您', '有人赞了您的微博，快去看看吧^……^！http://192.168.1.210/weibo/detail/50.html', 'weibo/index/weibodetail', '{"id":"50"}', 'Common_email', 1558171616, 1),
(699, 106, '阿俊赞了您', '有人赞了您的微博，快去看看吧^……^！http://192.168.1.210/weibo/detail/49.html', 'weibo/index/weibodetail', '{"id":"49"}', 'Common_mobile', 1558171663, 1),
(700, 106, '阿俊赞了您', '有人赞了您的微博，快去看看吧^……^！http://192.168.1.210/weibo/detail/49.html', 'weibo/index/weibodetail', '{"id":"49"}', 'Common_email', 1558171663, 1),
(701, 106, '阿俊赞了您', '有人赞了您的微博，快去看看吧^……^！http://192.168.1.210/weibo/detail/50.html', 'weibo/index/weibodetail', '{"id":"50"}', 'Common_mobile', 1558171773, 1),
(702, 106, '阿俊赞了您', '有人赞了您的微博，快去看看吧^……^！http://192.168.1.210/weibo/detail/50.html', 'weibo/index/weibodetail', '{"id":"50"}', 'Common_email', 1558171773, 1),
(703, 106, '阿俊赞了您', '有人赞了您的微博，快去看看吧^……^！http://192.168.1.210/weibo/detail/50.html', 'weibo/index/weibodetail', '{"id":"50"}', 'Common_mobile', 1558171809, 1),
(704, 106, '阿俊赞了您', '有人赞了您的微博，快去看看吧^……^！http://192.168.1.210/weibo/detail/50.html', 'weibo/index/weibodetail', '{"id":"50"}', 'Common_email', 1558171809, 1),
(705, 106, '阿俊赞了您', '有人赞了您的微博，快去看看吧^……^！http://192.168.1.210/weibo/detail/50.html', 'weibo/index/weibodetail', '{"id":"50"}', 'Common_mobile', 1558171969, 1),
(706, 106, '阿俊赞了您', '有人赞了您的微博，快去看看吧^……^！http://192.168.1.210/weibo/detail/50.html', 'weibo/index/weibodetail', '{"id":"50"}', 'Common_email', 1558171969, 1),
(707, 106, '阿俊赞了您', '有人赞了您的微博，快去看看吧^……^！http://192.168.1.210/weibo/detail/50.html', 'weibo/index/weibodetail', '{"id":"50"}', 'Common_mobile', 1558172002, 1),
(708, 106, '阿俊赞了您', '有人赞了您的微博，快去看看吧^……^！http://192.168.1.210/weibo/detail/50.html', 'weibo/index/weibodetail', '{"id":"50"}', 'Common_email', 1558172002, 1),
(709, 106, '阿俊赞了您', '有人赞了您的微博，快去看看吧^……^！http://192.168.1.210/weibo/detail/50.html', 'weibo/index/weibodetail', '{"id":"50"}', 'Common_mobile', 1558172014, 1),
(710, 106, '阿俊赞了您', '有人赞了您的微博，快去看看吧^……^！http://192.168.1.210/weibo/detail/50.html', 'weibo/index/weibodetail', '{"id":"50"}', 'Common_email', 1558172014, 1),
(711, 106, '阿俊赞了您', '有人赞了您的微博，快去看看吧^……^！http://192.168.1.210/weibo/detail/49.html', 'weibo/index/weibodetail', '{"id":"49"}', 'Common_mobile', 1558172020, 1),
(712, 106, '阿俊赞了您', '有人赞了您的微博，快去看看吧^……^！http://192.168.1.210/weibo/detail/49.html', 'weibo/index/weibodetail', '{"id":"49"}', 'Common_email', 1558172020, 1),
(713, 106, '阿俊赞了您', '有人赞了您的微博，快去看看吧^……^！http://192.168.1.210/weibo/detail/50.html', 'weibo/index/weibodetail', '{"id":"50"}', 'Common_mobile', 1558172024, 1),
(714, 106, '阿俊赞了您', '有人赞了您的微博，快去看看吧^……^！http://192.168.1.210/weibo/detail/50.html', 'weibo/index/weibodetail', '{"id":"50"}', 'Common_email', 1558172024, 1),
(715, 106, '阿俊赞了您', '有人赞了您的微博，快去看看吧^……^！http://192.168.1.210/weibo/detail/50.html', 'weibo/index/weibodetail', '{"id":"50"}', 'Common_mobile', 1558172034, 1),
(716, 106, '阿俊赞了您', '有人赞了您的微博，快去看看吧^……^！http://192.168.1.210/weibo/detail/50.html', 'weibo/index/weibodetail', '{"id":"50"}', 'Common_email', 1558172034, 1),
(717, 106, '阿俊赞了您', '有人赞了您的微博，快去看看吧^……^！http://192.168.1.210/weibo/detail/49.html', 'weibo/index/weibodetail', '{"id":"49"}', 'Common_mobile', 1558172045, 1),
(718, 106, '阿俊赞了您', '有人赞了您的微博，快去看看吧^……^！http://192.168.1.210/weibo/detail/49.html', 'weibo/index/weibodetail', '{"id":"49"}', 'Common_email', 1558172045, 1),
(719, 106, '阿俊赞了您', '有人赞了您的微博，快去看看吧^……^！http://192.168.1.210/weibo/detail/49.html', 'weibo/index/weibodetail', '{"id":"49"}', 'Common_mobile', 1558172051, 1),
(720, 106, '阿俊赞了您', '有人赞了您的微博，快去看看吧^……^！http://192.168.1.210/weibo/detail/49.html', 'weibo/index/weibodetail', '{"id":"49"}', 'Common_email', 1558172051, 1),
(721, 106, '阿俊赞了您', '有人赞了您的微博，快去看看吧^……^！', 'weibo/index/weibodetail', '{"id":"29"}', 'Ucenter', 1558172108, 1),
(722, 106, '阿俊赞了您', '有人赞了您的微博，快去看看吧^……^！http://192.168.1.210/weibo/detail/29.html', 'weibo/index/weibodetail', '{"id":"29"}', 'Common_mobile', 1558172108, 1),
(723, 106, '阿俊赞了您', '有人赞了您的微博，快去看看吧^……^！http://192.168.1.210/weibo/detail/29.html', 'weibo/index/weibodetail', '{"id":"29"}', 'Common_email', 1558172108, 1),
(724, 106, '阿俊赞了您', '有人赞了您的微博，快去看看吧^……^！http://192.168.1.210/weibo/detail/50.html', 'weibo/index/weibodetail', '{"id":"50"}', 'Common_mobile', 1558172853, 1),
(725, 106, '阿俊赞了您', '有人赞了您的微博，快去看看吧^……^！http://192.168.1.210/weibo/detail/50.html', 'weibo/index/weibodetail', '{"id":"50"}', 'Common_email', 1558172853, 1),
(726, 106, '阿俊赞了您', '有人赞了您的微博，快去看看吧^……^！http://192.168.1.210/weibo/detail/50.html', 'weibo/index/weibodetail', '{"id":"50"}', 'Common_mobile', 1558172973, 1),
(727, 106, '阿俊赞了您', '有人赞了您的微博，快去看看吧^……^！http://192.168.1.210/weibo/detail/50.html', 'weibo/index/weibodetail', '{"id":"50"}', 'Common_email', 1558172973, 1),
(728, 106, '阿俊赞了您', '有人赞了您的微博，快去看看吧^……^！http://192.168.1.210/weibo/detail/49.html', 'weibo/index/weibodetail', '{"id":"49"}', 'Common_mobile', 1558173022, 1),
(729, 106, '阿俊赞了您', '有人赞了您的微博，快去看看吧^……^！http://192.168.1.210/weibo/detail/49.html', 'weibo/index/weibodetail', '{"id":"49"}', 'Common_email', 1558173022, 1),
(730, 106, '阿俊赞了您', '有人赞了您的微博，快去看看吧^……^！http://192.168.1.210/weibo/detail/49.html', 'weibo/index/weibodetail', '{"id":"49"}', 'Common_mobile', 1558173029, 1),
(731, 106, '阿俊赞了您', '有人赞了您的微博，快去看看吧^……^！http://192.168.1.210/weibo/detail/49.html', 'weibo/index/weibodetail', '{"id":"49"}', 'Common_email', 1558173029, 1),
(732, 106, '阿俊赞了您', '有人赞了您的微博，快去看看吧^……^！http://192.168.1.210/weibo/detail/50.html', 'weibo/index/weibodetail', '{"id":"50"}', 'Common_mobile', 1558173035, 1),
(733, 106, '阿俊赞了您', '有人赞了您的微博，快去看看吧^……^！http://192.168.1.210/weibo/detail/50.html', 'weibo/index/weibodetail', '{"id":"50"}', 'Common_email', 1558173035, 1),
(734, 1, '系统消息', '操作太频繁！2秒后再试~', 'http://192.168.1.210/forum/forum/2.html', '', 'Common_system', 1558173315, 1),
(735, 1, '系统消息', '操作太频繁！2秒后再试~', 'http://192.168.1.210/forum/forum/2.html', '', 'Common_system', 1558173316, 1),
(736, 106, '阿俊赞了您', '有人赞了您的微博，快去看看吧^……^！', 'weibo/index/weibodetail', '{"id":"48"}', 'Ucenter', 1558173469, 1),
(737, 106, '阿俊赞了您', '有人赞了您的微博，快去看看吧^……^！http://192.168.1.210/weibo/detail/48.html', 'weibo/index/weibodetail', '{"id":"48"}', 'Common_mobile', 1558173469, 1),
(738, 106, '阿俊赞了您', '有人赞了您的微博，快去看看吧^……^！http://192.168.1.210/weibo/detail/48.html', 'weibo/index/weibodetail', '{"id":"48"}', 'Common_email', 1558173469, 1),
(739, 106, '阿俊赞了您', '有人赞了您的微博，快去看看吧^……^！http://192.168.1.210/weibo/detail/50.html', 'weibo/index/weibodetail', '{"id":"50"}', 'Common_mobile', 1558173480, 1),
(740, 106, '阿俊赞了您', '有人赞了您的微博，快去看看吧^……^！http://192.168.1.210/weibo/detail/50.html', 'weibo/index/weibodetail', '{"id":"50"}', 'Common_email', 1558173480, 1),
(741, 106, '阿俊赞了您', '有人赞了您的微博，快去看看吧^……^！http://192.168.1.210/weibo/detail/50.html', 'weibo/index/weibodetail', '{"id":"50"}', 'Common_mobile', 1558173498, 1),
(742, 106, '阿俊赞了您', '有人赞了您的微博，快去看看吧^……^！http://192.168.1.210/weibo/detail/50.html', 'weibo/index/weibodetail', '{"id":"50"}', 'Common_email', 1558173498, 1),
(743, 106, '阿俊赞了您', '有人赞了您的微博，快去看看吧^……^！http://192.168.1.210/weibo/detail/50.html', 'weibo/index/weibodetail', '{"id":"50"}', 'Common_mobile', 1558315699, 1),
(744, 106, '阿俊赞了您', '有人赞了您的微博，快去看看吧^……^！http://192.168.1.210/weibo/detail/50.html', 'weibo/index/weibodetail', '{"id":"50"}', 'Common_email', 1558315699, 1),
(745, 106, '阿俊赞了您', '有人赞了您的微博，快去看看吧^……^！', 'weibo/index/weibodetail', '{"id":"46"}', 'Ucenter', 1558315839, 1),
(746, 106, '阿俊赞了您', '有人赞了您的微博，快去看看吧^……^！http://192.168.1.210/weibo/detail/46.html', 'weibo/index/weibodetail', '{"id":"46"}', 'Common_mobile', 1558315839, 1),
(747, 106, '阿俊赞了您', '有人赞了您的微博，快去看看吧^……^！http://192.168.1.210/weibo/detail/46.html', 'weibo/index/weibodetail', '{"id":"46"}', 'Common_email', 1558315839, 1),
(748, 106, '阿俊赞了您', '有人赞了您的微博，快去看看吧^……^！', 'weibo/index/weibodetail', '{"id":"43"}', 'Ucenter', 1558315853, 1),
(749, 106, '阿俊赞了您', '有人赞了您的微博，快去看看吧^……^！http://192.168.1.210/weibo/detail/43.html', 'weibo/index/weibodetail', '{"id":"43"}', 'Common_mobile', 1558315853, 1),
(750, 106, '阿俊赞了您', '有人赞了您的微博，快去看看吧^……^！http://192.168.1.210/weibo/detail/43.html', 'weibo/index/weibodetail', '{"id":"43"}', 'Common_email', 1558315853, 1),
(751, 106, '阿俊赞了您', '有人赞了您的微博，快去看看吧^……^！http://192.168.1.210/weibo/detail/49.html', 'weibo/index/weibodetail', '{"id":"49"}', 'Common_mobile', 1558316120, 1),
(752, 106, '阿俊赞了您', '有人赞了您的微博，快去看看吧^……^！http://192.168.1.210/weibo/detail/49.html', 'weibo/index/weibodetail', '{"id":"49"}', 'Common_email', 1558316120, 1),
(753, 106, '阿俊赞了您', '有人赞了您的微博，快去看看吧^……^！http://192.168.1.210/weibo/detail/50.html', 'weibo/index/weibodetail', '{"id":"50"}', 'Common_mobile', 1558317598, 1),
(754, 106, '阿俊赞了您', '有人赞了您的微博，快去看看吧^……^！http://192.168.1.210/weibo/detail/50.html', 'weibo/index/weibodetail', '{"id":"50"}', 'Common_email', 1558317598, 1),
(755, 106, '阿俊赞了您', '有人赞了您的微博，快去看看吧^……^！http://192.168.1.210/weibo/detail', 'weibo/index/weibodetail', '{"id":""}', 'Common_mobile', 1558320043, 1),
(756, 106, '阿俊赞了您', '有人赞了您的微博，快去看看吧^……^！http://192.168.1.210/weibo/detail', 'weibo/index/weibodetail', '{"id":""}', 'Common_email', 1558320043, 1),
(757, 106, '阿俊赞了您', '有人赞了您的微博，快去看看吧^……^！http://192.168.1.210/weibo/detail', 'weibo/index/weibodetail', '{"id":""}', 'Common_mobile', 1558320115, 1),
(758, 106, '阿俊赞了您', '有人赞了您的微博，快去看看吧^……^！http://192.168.1.210/weibo/detail', 'weibo/index/weibodetail', '{"id":""}', 'Common_email', 1558320115, 1),
(759, 106, '阿俊赞了您', '有人赞了您的微博，快去看看吧^……^！http://192.168.1.210/weibo/detail/50.html', 'weibo/index/weibodetail', '{"id":"50"}', 'Common_mobile', 1558321090, 1),
(760, 106, '阿俊赞了您', '有人赞了您的微博，快去看看吧^……^！http://192.168.1.210/weibo/detail/50.html', 'weibo/index/weibodetail', '{"id":"50"}', 'Common_email', 1558321090, 1),
(761, 106, '评论消息', '您的微博被评论，快去看看吧^……^！http://192.168.1.210/weibo/detail/50.html', 'Weibo/Index/weiboDetail', '{"id":50}', 'Common_mobile', 1558321100, 1),
(762, 106, '评论消息', '您的微博被评论，快去看看吧^……^！http://192.168.1.210/weibo/detail/50.html', 'Weibo/Index/weiboDetail', '{"id":50}', 'Common_email', 1558321100, 1),
(763, 106, '阿俊@了您', '有人@了您，快去看看吧^……^！http://192.168.1.210/weibo/detail/50.html', 'Weibo/Index/weiboDetail', '{"id":50}', 'Common_mobile', 1558321100, 1),
(764, 106, '阿俊@了您', '有人@了您，快去看看吧^……^！http://192.168.1.210/weibo/detail/50.html', 'Weibo/Index/weiboDetail', '{"id":50}', 'Common_email', 1558321100, 1),
(765, 106, '阿俊赞了您', '有人赞了您的微博，快去看看吧^……^！http://192.168.1.210/weibo/detail/50.html', 'weibo/index/weibodetail', '{"id":"50"}', 'Common_mobile', 1558321155, 1),
(766, 106, '阿俊赞了您', '有人赞了您的微博，快去看看吧^……^！http://192.168.1.210/weibo/detail/50.html', 'weibo/index/weibodetail', '{"id":"50"}', 'Common_email', 1558321155, 1),
(767, 106, '阿俊@了您', '有人@了您，快去看看吧^……^！http://192.168.1.210/weibo/detail/53.html', 'Weibo/Index/weiboDetail', '{"id":53}', 'Common_mobile', 1558321204, 1),
(768, 106, '阿俊@了您', '有人@了您，快去看看吧^……^！http://192.168.1.210/weibo/detail/53.html', 'Weibo/Index/weiboDetail', '{"id":53}', 'Common_email', 1558321204, 1),
(769, 106, '阿俊赞了您', '有人赞了您的微博，快去看看吧^……^！http://192.168.1.210/weibo/detail/53.html', 'weibo/index/weibodetail', '{"id":"53"}', 'Common_mobile', 1558322881, 1),
(770, 106, '阿俊赞了您', '有人赞了您的微博，快去看看吧^……^！http://192.168.1.210/weibo/detail/53.html', 'weibo/index/weibodetail', '{"id":"53"}', 'Common_email', 1558322881, 1),
(771, 106, '粉丝数增加', '阿俊 关注了你。', 'Ucenter/Index/index', '{"uid":"106"}', 'Ucenter', 1558323130, 1),
(772, 106, '粉丝数减少', '阿俊 取消了对你的关注。', 'Ucenter/Index/index', '{"uid":"106"}', 'Ucenter', 1558323132, 1),
(773, 106, '阿俊赞了您', '有人赞了您的微博，快去看看吧^……^！http://192.168.1.210/weibo/detail/47.html', 'weibo/index/weibodetail', '{"id":"47"}', 'Common_mobile', 1558323768, 1),
(774, 106, '阿俊赞了您', '有人赞了您的微博，快去看看吧^……^！http://192.168.1.210/weibo/detail/47.html', 'weibo/index/weibodetail', '{"id":"47"}', 'Common_email', 1558323768, 1),
(775, 106, '粉丝数增加', '阿俊 关注了你。', 'Ucenter/Index/index', '{"uid":"106"}', 'Ucenter', 1558323775, 1),
(776, 106, '粉丝数增加', '新入住用户 阿俊 关注了你。', 'Ucenter/Index/index', '{"uid":106}', 'Ucenter', 1558324079, 1),
(777, 106, '粉丝数减少', '阿俊 取消了对你的关注。', 'Ucenter/Index/index', '{"uid":"106"}', 'Ucenter', 1558324081, 1),
(778, 108, '加入圈子提醒', '111111已加入圈子【中国●西安】', 'Weibo/Crowd/crowd', '{"id":1,"type":"member"}', 'Weibo_crowd', 1558332540, 1),
(779, 108, '粉丝数增加', '111111 关注了你。', 'Ucenter/Index/index', '{"uid":"108"}', 'Ucenter', 1558332740, 1),
(780, 106, '用户申请认证', '用户阿俊申请个人认证，请速去审核', 'http://192.168.1.210/admin/attest/attestlist/attest_type_id/1/status/3.html', '{"status":2}', 'Common_system', 1558332799, 1),
(781, 1, '你的认证申请已通过', '系统通过了你的认证申请', 'Ucenter/Attest/process', '', 'Common_system', 1558332838, 1),
(782, 108, '111111@了您', '有人@了您，快去看看吧^……^！http://192.168.1.210/weibo/detail/54.html', 'Weibo/Index/weiboDetail', '{"id":54}', 'Common_mobile', 1558333078, 1),
(783, 108, '111111@了您', '有人@了您，快去看看吧^……^！http://192.168.1.210/weibo/detail/54.html', 'Weibo/Index/weiboDetail', '{"id":54}', 'Common_email', 1558333078, 1),
(784, 108, '转发提醒', '{"keyword1":"\\u6211\\u8f6c\\u53d1\\u4e0b\\u4f60\\u5c31\\u53ef\\u4ee5\\u4e86\\uff1f\\/\\/@\\u963f\\u4fca\\uff1a11","keyword2":"\\u8f6c\\u53d1\\u4e86\\u4f60\\u7684\\u5fae\\u535a\\uff1a","keyword3":"\\u65e9\\u5b89"}', 'Weibo/Index/weiboDetail', '{"id":54}', 'Weibo', 1558333078, 1),
(785, 108, '评论消息', '{"keyword1":"\\u6211\\u8f6c\\u53d1\\u4e0b\\u4f60\\u5c31\\u53ef\\u4ee5\\u4e86\\uff1f\\/\\/@\\u963f\\u4fca\\uff1a11","keyword2":"\\u8bc4\\u8bba\\u6211\\u7684\\u52a8\\u6001\\uff1a","keyword3":"\\u8f6c\\u53d1\\u52a8\\u6001"}', 'Weibo/Index/weiboDetail', '{"id":53}', 'Weibo', 1558333078, 1),
(786, 108, '评论消息', '您的微博被评论，快去看看吧^……^！http://192.168.1.210/weibo/detail/53.html', 'Weibo/Index/weiboDetail', '{"id":53}', 'Common_mobile', 1558333078, 1),
(787, 108, '评论消息', '您的微博被评论，快去看看吧^……^！http://192.168.1.210/weibo/detail/53.html', 'Weibo/Index/weiboDetail', '{"id":53}', 'Common_email', 1558333078, 1),
(788, 108, '111111@了您', '有人@了您，快去看看吧^……^！http://192.168.1.210/weibo/detail/53.html', 'Weibo/Index/weiboDetail', '{"id":53}', 'Common_mobile', 1558333078, 1),
(789, 108, '111111@了您', '有人@了您，快去看看吧^……^！http://192.168.1.210/weibo/detail/53.html', 'Weibo/Index/weiboDetail', '{"id":53}', 'Common_email', 1558333078, 1),
(790, 108, '111111赞了您', '有人赞了您的微博，快去看看吧^……^！http://192.168.1.210/weibo/detail/54.html', 'weibo/index/weibodetail', '{"id":"54"}', 'Common_mobile', 1558333102, 1),
(791, 108, '111111赞了您', '有人赞了您的微博，快去看看吧^……^！http://192.168.1.210/weibo/detail/54.html', 'weibo/index/weibodetail', '{"id":"54"}', 'Common_email', 1558333102, 1),
(792, 108, '加入圈子提醒', '111111已加入圈子【大国博弈】', 'Weibo/Crowd/crowd', '{"id":6,"type":"member"}', 'Weibo_crowd', 1558333191, 1),
(793, 108, '111111@了您', '有人@了您，快去看看吧^……^！http://192.168.1.210/weibo/detail/55.html', 'Weibo/Index/weiboDetail', '{"id":55}', 'Common_mobile', 1558333216, 1),
(794, 108, '111111@了您', '有人@了您，快去看看吧^……^！http://192.168.1.210/weibo/detail/55.html', 'Weibo/Index/weiboDetail', '{"id":55}', 'Common_email', 1558333216, 1),
(795, 108, '您收到了一条新消息，快去看看吧。', '111111给您发了一条消息,快去看看是什么吧！', '', '', 'Common_system', 1558333412, 1),
(796, 108, '粉丝数增加', '111111 关注了你。', 'Ucenter/Index/index', '{"uid":"108"}', 'Ucenter', 1558333444, 1),
(797, 108, '粉丝数减少', '111111 取消了对你的关注。', 'Ucenter/Index/index', '{"uid":"108"}', 'Ucenter', 1558333447, 1),
(798, 108, '评论消息', '{"keyword1":"\\u8fd9\\u662f\\u4ec0\\u4e48\\u74dc\\uff1f","keyword2":"\\u8bc4\\u8bba\\u6211\\u7684\\u52a8\\u6001\\uff1a","keyword3":"#\\u77e5\\u8bc6\\u4ed8\\u8d39\\u7684\\u201c\\u4e0b\\u534a\\u573a\\u201d\\u5c06\\u4f55\\u53bb\\u4f55\\u4ece\\uff1f#"}', 'Weibo/Index/weiboDetail', '{"id":34}', 'Weibo', 1558334158, 1),
(799, 108, '评论消息', '您的微博被评论，快去看看吧^……^！http://192.168.1.210/weibo/detail/34.html', 'Weibo/Index/weiboDetail', '{"id":34}', 'Common_mobile', 1558334158, 1),
(800, 108, '评论消息', '您的微博被评论，快去看看吧^……^！http://192.168.1.210/weibo/detail/34.html', 'Weibo/Index/weiboDetail', '{"id":34}', 'Common_email', 1558334158, 1),
(801, 108, '111111@了您', '有人@了您，快去看看吧^……^！http://192.168.1.210/weibo/detail/34.html', 'Weibo/Index/weiboDetail', '{"id":34}', 'Common_mobile', 1558334178, 1),
(802, 108, '111111@了您', '有人@了您，快去看看吧^……^！http://192.168.1.210/weibo/detail/34.html', 'Weibo/Index/weiboDetail', '{"id":34}', 'Common_email', 1558334178, 1),
(803, 108, '评论消息', '{"keyword1":"\\u8fd9\\u4e2a\\u8292\\u679c\\u662f\\u7eff\\u8272\\u7684\\u8fd8\\u6ca1\\u6709\\u6210\\u719f<div class=''expression_pic''><img class=''expimg'' src=''\\/Application\\/Core\\/Static\\/images\\/expression\\/miniblog\\/geili.gif'' \\/><\\/div>","keyword2":"\\u8bc4\\u8bba\\u6211\\u7684\\u52a8\\u6001\\uff1a","keyword3":"\\u8f6c\\u53d1\\u52a8\\u6001"}', 'Weibo/Index/weiboDetail', '{"id":42}', 'Weibo', 1558334226, 1),
(804, 108, '评论消息', '您的微博被评论，快去看看吧^……^！http://192.168.1.210/weibo/detail/42.html', 'Weibo/Index/weiboDetail', '{"id":42}', 'Common_mobile', 1558334226, 1),
(805, 108, '评论消息', '您的微博被评论，快去看看吧^……^！http://192.168.1.210/weibo/detail/42.html', 'Weibo/Index/weiboDetail', '{"id":42}', 'Common_email', 1558334226, 1),
(806, 108, '评论消息', '{"keyword1":"\\u8fd9\\u4e2a\\u8292\\u679c\\u662f\\u7eff\\u8272\\u7684\\u8fd8\\u6ca1\\u6709\\u6210\\u719f<div class=''expression_pic''><img class=''expimg'' src=''\\/Application\\/Core\\/Static\\/images\\/expression\\/miniblog\\/geili.gif'' \\/><\\/div>","keyword2":"\\u8bc4\\u8bba\\u6211\\u7684\\u52a8\\u6001\\uff1a","keyword3":"\\u8f6c\\u53d1\\u52a8\\u6001"}', 'Weibo/Index/weiboDetail', '{"id":42}', 'Weibo', 1558334242, 1),
(807, 108, '评论消息', '您的微博被评论，快去看看吧^……^！http://192.168.1.210/weibo/detail/42.html', 'Weibo/Index/weiboDetail', '{"id":42}', 'Common_mobile', 1558334242, 1),
(808, 108, '评论消息', '您的微博被评论，快去看看吧^……^！http://192.168.1.210/weibo/detail/42.html', 'Weibo/Index/weiboDetail', '{"id":42}', 'Common_email', 1558334242, 1),
(809, 108, '111111@了您', '有人@了您，快去看看吧^……^！http://192.168.1.210/weibo/detail/42.html', 'Weibo/Index/weiboDetail', '{"id":42}', 'Common_mobile', 1558334246, 1),
(810, 108, '111111@了您', '有人@了您，快去看看吧^……^！http://192.168.1.210/weibo/detail/42.html', 'Weibo/Index/weiboDetail', '{"id":42}', 'Common_email', 1558334246, 1),
(811, 108, '111111@了您', '有人@了您，快去看看吧^……^！http://192.168.1.210/weibo/detail/42.html', 'Weibo/Index/weiboDetail', '{"id":42}', 'Common_mobile', 1558334262, 1),
(812, 108, '111111@了您', '有人@了您，快去看看吧^……^！http://192.168.1.210/weibo/detail/42.html', 'Weibo/Index/weiboDetail', '{"id":42}', 'Common_email', 1558334262, 1),
(813, 108, '评论消息', '{"keyword1":"\\u8fd9\\u4e2a\\u8292\\u679c\\u662f\\u7eff\\u8272\\u7684\\u8fd8\\u6ca1\\u6709<div class=''expression_pic''><img class=''expimg'' src=''\\/Application\\/Core\\/Static\\/images\\/expression\\/miniblog\\/geili.gif'' \\/><\\/div>","keyword2":"\\u8bc4\\u8bba\\u6211\\u7684\\u52a8\\u6001\\uff1a","keyword3":"\\u8f6c\\u53d1\\u52a8\\u6001"}', 'Weibo/Index/weiboDetail', '{"id":42}', 'Weibo', 1558334287, 1),
(814, 108, '评论消息', '您的微博被评论，快去看看吧^……^！http://192.168.1.210/weibo/detail/42.html', 'Weibo/Index/weiboDetail', '{"id":42}', 'Common_mobile', 1558334287, 1),
(815, 108, '评论消息', '您的微博被评论，快去看看吧^……^！http://192.168.1.210/weibo/detail/42.html', 'Weibo/Index/weiboDetail', '{"id":42}', 'Common_email', 1558334287, 1),
(816, 108, '111111@了您', '有人@了您，快去看看吧^……^！http://192.168.1.210/weibo/detail/42.html', 'Weibo/Index/weiboDetail', '{"id":42}', 'Common_mobile', 1558334307, 1),
(817, 108, '111111@了您', '有人@了您，快去看看吧^……^！http://192.168.1.210/weibo/detail/42.html', 'Weibo/Index/weiboDetail', '{"id":42}', 'Common_email', 1558334307, 1),
(818, 108, '评论消息', '{"keyword1":"\\u8fd9\\u4e2a\\u8292\\u679c\\u662f\\u7eff\\u8272\\u7684\\u8fd8\\u6ca1\\u6709<div class=''expression_pic''><img class=''expimg'' src=''\\/Application\\/Core\\/Static\\/images\\/expression\\/miniblog\\/geili.gif'' \\/><\\/div>","keyword2":"\\u8bc4\\u8bba\\u6211\\u7684\\u52a8\\u6001\\uff1a","keyword3":"\\u8f6c\\u53d1\\u52a8\\u6001"}', 'Weibo/Index/weiboDetail', '{"id":42}', 'Weibo', 1558334343, 1),
(819, 108, '评论消息', '您的微博被评论，快去看看吧^……^！http://192.168.1.210/weibo/detail/42.html', 'Weibo/Index/weiboDetail', '{"id":42}', 'Common_mobile', 1558334343, 1),
(820, 108, '评论消息', '您的微博被评论，快去看看吧^……^！http://192.168.1.210/weibo/detail/42.html', 'Weibo/Index/weiboDetail', '{"id":42}', 'Common_email', 1558334343, 1),
(821, 108, '111111@了您', '有人@了您，快去看看吧^……^！http://192.168.1.210/weibo/detail/42.html', 'Weibo/Index/weiboDetail', '{"id":42}', 'Common_mobile', 1558334364, 1),
(822, 108, '111111@了您', '有人@了您，快去看看吧^……^！http://192.168.1.210/weibo/detail/42.html', 'Weibo/Index/weiboDetail', '{"id":42}', 'Common_email', 1558334364, 1),
(823, 106, '评论消息', '{"keyword1":"11212","keyword2":"\\u8bc4\\u8bba\\u6211\\u7684\\u52a8\\u6001\\uff1a","keyword3":"\\u8f6c\\u53d1\\u52a8\\u6001"}', 'Weibo/Index/weiboDetail', '{"id":54}', 'Weibo', 1558334401, 1),
(824, 106, '评论消息', '您的微博被评论，快去看看吧^……^！http://192.168.1.210/weibo/detail/54.html', 'Weibo/Index/weiboDetail', '{"id":54}', 'Common_mobile', 1558334401, 1),
(825, 106, '评论消息', '您的微博被评论，快去看看吧^……^！http://192.168.1.210/weibo/detail/54.html', 'Weibo/Index/weiboDetail', '{"id":54}', 'Common_email', 1558334401, 1),
(826, 106, '评论消息', '{"keyword1":"ces","keyword2":"\\u8bc4\\u8bba\\u6211\\u7684\\u52a8\\u6001\\uff1a","keyword3":"\\u6211\\u52a0\\u5165\\u4e86\\u5927\\u56fd\\u535a\\u5f08"}', 'Weibo/Index/weiboDetail', '{"id":55}', 'Weibo', 1558334420, 1),
(827, 106, '评论消息', '您的微博被评论，快去看看吧^……^！http://192.168.1.210/weibo/detail/55.html', 'Weibo/Index/weiboDetail', '{"id":55}', 'Common_mobile', 1558334420, 1),
(828, 106, '评论消息', '您的微博被评论，快去看看吧^……^！http://192.168.1.210/weibo/detail/55.html', 'Weibo/Index/weiboDetail', '{"id":55}', 'Common_email', 1558334420, 1),
(829, 106, '阿俊@了您', '有人@了您，快去看看吧^……^！http://192.168.1.210/weibo/detail/54.html', 'Weibo/Index/weiboDetail', '{"id":54}', 'Common_mobile', 1558334421, 1),
(830, 106, '阿俊@了您', '有人@了您，快去看看吧^……^！http://192.168.1.210/weibo/detail/54.html', 'Weibo/Index/weiboDetail', '{"id":54}', 'Common_email', 1558334421, 1),
(831, 106, '阿俊@了您', '有人@了您，快去看看吧^……^！http://192.168.1.210/weibo/detail/55.html', 'Weibo/Index/weiboDetail', '{"id":55}', 'Common_mobile', 1558334440, 1),
(832, 106, '阿俊@了您', '有人@了您，快去看看吧^……^！http://192.168.1.210/weibo/detail/55.html', 'Weibo/Index/weiboDetail', '{"id":55}', 'Common_email', 1558334440, 1),
(833, 106, '评论消息', '{"keyword1":"1111","keyword2":"\\u8bc4\\u8bba\\u6211\\u7684\\u52a8\\u6001\\uff1a","keyword3":"\\u6211\\u52a0\\u5165\\u4e86\\u5927\\u56fd\\u535a\\u5f08"}', 'Weibo/Index/weiboDetail', '{"id":55}', 'Weibo', 1558334555, 1),
(834, 106, '评论消息', '您的微博被评论，快去看看吧^……^！http://192.168.1.210/weibo/detail/55.html', 'Weibo/Index/weiboDetail', '{"id":55}', 'Common_mobile', 1558334555, 1),
(835, 106, '评论消息', '您的微博被评论，快去看看吧^……^！http://192.168.1.210/weibo/detail/55.html', 'Weibo/Index/weiboDetail', '{"id":55}', 'Common_email', 1558334555, 1),
(836, 106, '评论消息', '{"keyword1":"1111","keyword2":"\\u8bc4\\u8bba\\u6211\\u7684\\u52a8\\u6001\\uff1a","keyword3":"\\u6211\\u52a0\\u5165\\u4e86\\u5927\\u56fd\\u535a\\u5f08"}', 'Weibo/Index/weiboDetail', '{"id":55}', 'Weibo', 1558334569, 1),
(837, 106, '评论消息', '您的微博被评论，快去看看吧^……^！http://192.168.1.210/weibo/detail/55.html', 'Weibo/Index/weiboDetail', '{"id":55}', 'Common_mobile', 1558334569, 1),
(838, 106, '评论消息', '您的微博被评论，快去看看吧^……^！http://192.168.1.210/weibo/detail/55.html', 'Weibo/Index/weiboDetail', '{"id":55}', 'Common_email', 1558334569, 1),
(839, 106, '评论消息', '{"keyword1":"ceseee","keyword2":"\\u8bc4\\u8bba\\u6211\\u7684\\u52a8\\u6001\\uff1a","keyword3":"\\u6211\\u52a0\\u5165\\u4e86\\u5927\\u56fd\\u535a\\u5f08"}', 'Weibo/Index/weiboDetail', '{"id":55}', 'Weibo', 1558334590, 1),
(840, 106, '评论消息', '您的微博被评论，快去看看吧^……^！http://192.168.1.210/weibo/detail/55.html', 'Weibo/Index/weiboDetail', '{"id":55}', 'Common_mobile', 1558334590, 1),
(841, 106, '评论消息', '您的微博被评论，快去看看吧^……^！http://192.168.1.210/weibo/detail/55.html', 'Weibo/Index/weiboDetail', '{"id":55}', 'Common_email', 1558334590, 1),
(842, 106, '评论消息', '{"keyword1":"21212","keyword2":"\\u8bc4\\u8bba\\u6211\\u7684\\u52a8\\u6001\\uff1a","keyword3":"\\u6211\\u52a0\\u5165\\u4e86\\u5927\\u56fd\\u535a\\u5f08"}', 'Weibo/Index/weiboDetail', '{"id":55}', 'Weibo', 1558334616, 1),
(843, 106, '评论消息', '您的微博被评论，快去看看吧^……^！http://192.168.1.210/weibo/detail/55.html', 'Weibo/Index/weiboDetail', '{"id":55}', 'Common_mobile', 1558334616, 1),
(844, 106, '评论消息', '您的微博被评论，快去看看吧^……^！http://192.168.1.210/weibo/detail/55.html', 'Weibo/Index/weiboDetail', '{"id":55}', 'Common_email', 1558334616, 1),
(845, 106, '评论消息', '{"keyword1":"111","keyword2":"\\u8bc4\\u8bba\\u6211\\u7684\\u52a8\\u6001\\uff1a","keyword3":"\\u6211\\u52a0\\u5165\\u4e86\\u5927\\u56fd\\u535a\\u5f08"}', 'Weibo/Index/weiboDetail', '{"id":55}', 'Weibo', 1558334630, 1),
(846, 106, '评论消息', '您的微博被评论，快去看看吧^……^！http://192.168.1.210/weibo/detail/55.html', 'Weibo/Index/weiboDetail', '{"id":55}', 'Common_mobile', 1558334630, 1),
(847, 106, '评论消息', '您的微博被评论，快去看看吧^……^！http://192.168.1.210/weibo/detail/55.html', 'Weibo/Index/weiboDetail', '{"id":55}', 'Common_email', 1558334630, 1),
(848, 106, '评论消息', '{"keyword1":"hhh","keyword2":"\\u8bc4\\u8bba\\u6211\\u7684\\u52a8\\u6001\\uff1a","keyword3":"\\u6211\\u52a0\\u5165\\u4e86\\u5927\\u56fd\\u535a\\u5f08"}', 'Weibo/Index/weiboDetail', '{"id":55}', 'Weibo', 1558334735, 1),
(849, 106, '评论消息', '您的微博被评论，快去看看吧^……^！http://192.168.1.210/weibo/detail/55.html', 'Weibo/Index/weiboDetail', '{"id":55}', 'Common_mobile', 1558334735, 1),
(850, 106, '评论消息', '您的微博被评论，快去看看吧^……^！http://192.168.1.210/weibo/detail/55.html', 'Weibo/Index/weiboDetail', '{"id":55}', 'Common_email', 1558334735, 1),
(851, 106, '评论消息', '{"keyword1":"ttttt","keyword2":"\\u8bc4\\u8bba\\u6211\\u7684\\u52a8\\u6001\\uff1a","keyword3":"\\u6211\\u52a0\\u5165\\u4e86\\u5927\\u56fd\\u535a\\u5f08"}', 'Weibo/Index/weiboDetail', '{"id":55}', 'Weibo', 1558334753, 1),
(852, 106, '评论消息', '您的微博被评论，快去看看吧^……^！http://192.168.1.210/weibo/detail/55.html', 'Weibo/Index/weiboDetail', '{"id":55}', 'Common_mobile', 1558334753, 1),
(853, 106, '评论消息', '您的微博被评论，快去看看吧^……^！http://192.168.1.210/weibo/detail/55.html', 'Weibo/Index/weiboDetail', '{"id":55}', 'Common_email', 1558334753, 1),
(854, 106, '阿俊@了您', '有人@了您，快去看看吧^……^！http://192.168.1.210/weibo/detail/55.html', 'Weibo/Index/weiboDetail', '{"id":55}', 'Common_mobile', 1558334755, 1),
(855, 106, '阿俊@了您', '有人@了您，快去看看吧^……^！http://192.168.1.210/weibo/detail/55.html', 'Weibo/Index/weiboDetail', '{"id":55}', 'Common_email', 1558334755, 1),
(856, 106, '阿俊@了您', '有人@了您，快去看看吧^……^！http://192.168.1.210/weibo/detail/55.html', 'Weibo/Index/weiboDetail', '{"id":55}', 'Common_mobile', 1558334773, 1),
(857, 106, '阿俊@了您', '有人@了您，快去看看吧^……^！http://192.168.1.210/weibo/detail/55.html', 'Weibo/Index/weiboDetail', '{"id":55}', 'Common_email', 1558334773, 1),
(858, 106, '评论消息', '{"keyword1":"sdfsdf","keyword2":"\\u8bc4\\u8bba\\u6211\\u7684\\u52a8\\u6001\\uff1a","keyword3":"\\u6211\\u52a0\\u5165\\u4e86\\u5927\\u56fd\\u535a\\u5f08"}', 'Weibo/Index/weiboDetail', '{"id":55}', 'Weibo', 1558334838, 1),
(859, 106, '评论消息', '您的微博被评论，快去看看吧^……^！http://192.168.1.210/weibo/detail/55.html', 'Weibo/Index/weiboDetail', '{"id":55}', 'Common_mobile', 1558334838, 1),
(860, 106, '评论消息', '您的微博被评论，快去看看吧^……^！http://192.168.1.210/weibo/detail/55.html', 'Weibo/Index/weiboDetail', '{"id":55}', 'Common_email', 1558334838, 1),
(861, 106, '阿俊@了您', '有人@了您，快去看看吧^……^！http://192.168.1.210/weibo/detail/55.html', 'Weibo/Index/weiboDetail', '{"id":55}', 'Common_mobile', 1558334849, 1),
(862, 106, '阿俊@了您', '有人@了您，快去看看吧^……^！http://192.168.1.210/weibo/detail/55.html', 'Weibo/Index/weiboDetail', '{"id":55}', 'Common_email', 1558334849, 1),
(863, 106, '评论消息', '{"keyword1":"sdfsdf","keyword2":"\\u8bc4\\u8bba\\u6211\\u7684\\u52a8\\u6001\\uff1a","keyword3":"\\u6211\\u52a0\\u5165\\u4e86\\u5927\\u56fd\\u535a\\u5f08"}', 'Weibo/Index/weiboDetail', '{"id":55}', 'Weibo', 1558335164, 1),
(864, 106, '评论消息', '您的微博被评论，快去看看吧^……^！http://192.168.1.210/weibo/detail/55.html', 'Weibo/Index/weiboDetail', '{"id":55}', 'Common_mobile', 1558335164, 1),
(865, 106, '评论消息', '您的微博被评论，快去看看吧^……^！http://192.168.1.210/weibo/detail/55.html', 'Weibo/Index/weiboDetail', '{"id":55}', 'Common_email', 1558335164, 1),
(866, 106, '阿俊@了您', '有人@了您，快去看看吧^……^！http://192.168.1.210/weibo/detail/55.html', 'Weibo/Index/weiboDetail', '{"id":55}', 'Common_mobile', 1558335184, 1),
(867, 106, '阿俊@了您', '有人@了您，快去看看吧^……^！http://192.168.1.210/weibo/detail/55.html', 'Weibo/Index/weiboDetail', '{"id":55}', 'Common_email', 1558335184, 1),
(868, 106, '评论消息', '{"keyword1":"reterter","keyword2":"\\u8bc4\\u8bba\\u6211\\u7684\\u52a8\\u6001\\uff1a","keyword3":"\\u6211\\u52a0\\u5165\\u4e86\\u5927\\u56fd\\u535a\\u5f08"}', 'Weibo/Index/weiboDetail', '{"id":55}', 'Weibo', 1558335214, 1),
(869, 106, '评论消息', '您的微博被评论，快去看看吧^……^！http://192.168.1.210/weibo/detail/55.html', 'Weibo/Index/weiboDetail', '{"id":55}', 'Common_mobile', 1558335214, 1),
(870, 106, '评论消息', '您的微博被评论，快去看看吧^……^！http://192.168.1.210/weibo/detail/55.html', 'Weibo/Index/weiboDetail', '{"id":55}', 'Common_email', 1558335214, 1),
(871, 106, '阿俊@了您', '有人@了您，快去看看吧^……^！http://192.168.1.210/weibo/detail/55.html', 'Weibo/Index/weiboDetail', '{"id":55}', 'Common_mobile', 1558335234, 1),
(872, 106, '阿俊@了您', '有人@了您，快去看看吧^……^！http://192.168.1.210/weibo/detail/55.html', 'Weibo/Index/weiboDetail', '{"id":55}', 'Common_email', 1558335234, 1),
(873, 106, '评论消息', '{"keyword1":"1","keyword2":"\\u8bc4\\u8bba\\u6211\\u7684\\u52a8\\u6001\\uff1a","keyword3":"\\u6211\\u52a0\\u5165\\u4e86\\u5927\\u56fd\\u535a\\u5f08"}', 'Weibo/Index/weiboDetail', '{"id":55}', 'Weibo', 1558335577, 1),
(874, 106, '评论消息', '您的微博被评论，快去看看吧^……^！http://192.168.1.210/weibo/detail/55.html', 'Weibo/Index/weiboDetail', '{"id":55}', 'Common_mobile', 1558335577, 1),
(875, 106, '评论消息', '您的微博被评论，快去看看吧^……^！http://192.168.1.210/weibo/detail/55.html', 'Weibo/Index/weiboDetail', '{"id":55}', 'Common_email', 1558335577, 1),
(876, 106, '阿俊@了您', '有人@了您，快去看看吧^……^！http://192.168.1.210/weibo/detail/55.html', 'Weibo/Index/weiboDetail', '{"id":55}', 'Common_mobile', 1558335597, 1),
(877, 106, '阿俊@了您', '有人@了您，快去看看吧^……^！http://192.168.1.210/weibo/detail/55.html', 'Weibo/Index/weiboDetail', '{"id":55}', 'Common_email', 1558335597, 1),
(878, 106, '评论消息', '{"keyword1":"1","keyword2":"\\u8bc4\\u8bba\\u6211\\u7684\\u52a8\\u6001\\uff1a","keyword3":"\\u6211\\u52a0\\u5165\\u4e86\\u5927\\u56fd\\u535a\\u5f08"}', 'Weibo/Index/weiboDetail', '{"id":55}', 'Weibo', 1558335686, 1),
(879, 106, '评论消息', '您的微博被评论，快去看看吧^……^！http://192.168.1.210/weibo/detail/55.html', 'Weibo/Index/weiboDetail', '{"id":55}', 'Common_mobile', 1558335686, 1),
(880, 106, '评论消息', '您的微博被评论，快去看看吧^……^！http://192.168.1.210/weibo/detail/55.html', 'Weibo/Index/weiboDetail', '{"id":55}', 'Common_email', 1558335686, 1),
(881, 106, '阿俊@了您', '有人@了您，快去看看吧^……^！http://192.168.1.210/weibo/detail/55.html', 'Weibo/Index/weiboDetail', '{"id":55}', 'Common_mobile', 1558335706, 1),
(882, 106, '阿俊@了您', '有人@了您，快去看看吧^……^！http://192.168.1.210/weibo/detail/55.html', 'Weibo/Index/weiboDetail', '{"id":55}', 'Common_email', 1558335706, 1),
(883, 106, '评论消息', '{"keyword1":"jkjkk","keyword2":"\\u8bc4\\u8bba\\u6211\\u7684\\u52a8\\u6001\\uff1a","keyword3":"\\u6211\\u52a0\\u5165\\u4e86\\u5927\\u56fd\\u535a\\u5f08"}', 'Weibo/Index/weiboDetail', '{"id":55}', 'Weibo', 1558335981, 1),
(884, 106, '评论消息', '您的微博被评论，快去看看吧^……^！http://192.168.1.210/weibo/detail/55.html', 'Weibo/Index/weiboDetail', '{"id":55}', 'Common_mobile', 1558335981, 1),
(885, 106, '评论消息', '您的微博被评论，快去看看吧^……^！http://192.168.1.210/weibo/detail/55.html', 'Weibo/Index/weiboDetail', '{"id":55}', 'Common_email', 1558335981, 1),
(886, 106, '阿俊@了您', '有人@了您，快去看看吧^……^！http://192.168.1.210/weibo/detail/55.html', 'Weibo/Index/weiboDetail', '{"id":55}', 'Common_mobile', 1558336001, 1),
(887, 106, '阿俊@了您', '有人@了您，快去看看吧^……^！http://192.168.1.210/weibo/detail/55.html', 'Weibo/Index/weiboDetail', '{"id":55}', 'Common_email', 1558336001, 1),
(888, 106, '评论消息', '{"keyword1":"554455","keyword2":"\\u8bc4\\u8bba\\u6211\\u7684\\u52a8\\u6001\\uff1a","keyword3":"\\u6211\\u52a0\\u5165\\u4e86\\u5927\\u56fd\\u535a\\u5f08"}', 'Weibo/Index/weiboDetail', '{"id":55}', 'Weibo', 1558336100, 1),
(889, 106, '评论消息', '您的微博被评论，快去看看吧^……^！http://192.168.1.210/weibo/detail/55.html', 'Weibo/Index/weiboDetail', '{"id":55}', 'Common_mobile', 1558336100, 1),
(890, 106, '评论消息', '您的微博被评论，快去看看吧^……^！http://192.168.1.210/weibo/detail/55.html', 'Weibo/Index/weiboDetail', '{"id":55}', 'Common_email', 1558336100, 1),
(891, 106, '阿俊@了您', '有人@了您，快去看看吧^……^！http://192.168.1.210/weibo/detail/55.html', 'Weibo/Index/weiboDetail', '{"id":55}', 'Common_mobile', 1558336120, 1),
(892, 106, '阿俊@了您', '有人@了您，快去看看吧^……^！http://192.168.1.210/weibo/detail/55.html', 'Weibo/Index/weiboDetail', '{"id":55}', 'Common_email', 1558336120, 1),
(893, 106, '评论消息', '{"keyword1":"554455","keyword2":"\\u8bc4\\u8bba\\u6211\\u7684\\u52a8\\u6001\\uff1a","keyword3":"\\u6211\\u52a0\\u5165\\u4e86\\u5927\\u56fd\\u535a\\u5f08"}', 'Weibo/Index/weiboDetail', '{"id":55}', 'Weibo', 1558336244, 1),
(894, 106, '评论消息', '您的微博被评论，快去看看吧^……^！http://192.168.1.210/weibo/detail/55.html', 'Weibo/Index/weiboDetail', '{"id":55}', 'Common_mobile', 1558336244, 1),
(895, 106, '评论消息', '您的微博被评论，快去看看吧^……^！http://192.168.1.210/weibo/detail/55.html', 'Weibo/Index/weiboDetail', '{"id":55}', 'Common_email', 1558336244, 1),
(896, 106, '阿俊@了您', '有人@了您，快去看看吧^……^！http://192.168.1.210/weibo/detail/55.html', 'Weibo/Index/weiboDetail', '{"id":55}', 'Common_mobile', 1558336264, 1),
(897, 106, '阿俊@了您', '有人@了您，快去看看吧^……^！http://192.168.1.210/weibo/detail/55.html', 'Weibo/Index/weiboDetail', '{"id":55}', 'Common_email', 1558336264, 1),
(898, 106, '评论消息', '{"keyword1":"434","keyword2":"\\u8bc4\\u8bba\\u6211\\u7684\\u52a8\\u6001\\uff1a","keyword3":"\\u6211\\u52a0\\u5165\\u4e86\\u5927\\u56fd\\u535a\\u5f08"}', 'Weibo/Index/weiboDetail', '{"id":55}', 'Weibo', 1558336598, 1),
(899, 106, '评论消息', '您的微博被评论，快去看看吧^……^！http://192.168.1.210/weibo/detail/55.html', 'Weibo/Index/weiboDetail', '{"id":55}', 'Common_mobile', 1558336598, 1),
(900, 106, '评论消息', '您的微博被评论，快去看看吧^……^！http://192.168.1.210/weibo/detail/55.html', 'Weibo/Index/weiboDetail', '{"id":55}', 'Common_email', 1558336598, 1),
(901, 106, '阿俊@了您', '有人@了您，快去看看吧^……^！http://192.168.1.210/weibo/detail/55.html', 'Weibo/Index/weiboDetail', '{"id":55}', 'Common_mobile', 1558336601, 1),
(902, 106, '阿俊@了您', '有人@了您，快去看看吧^……^！http://192.168.1.210/weibo/detail/55.html', 'Weibo/Index/weiboDetail', '{"id":55}', 'Common_email', 1558336601, 1),
(903, 106, '评论消息', '{"keyword1":"11","keyword2":"\\u8bc4\\u8bba\\u6211\\u7684\\u52a8\\u6001\\uff1a","keyword3":"\\u6211\\u52a0\\u5165\\u4e86\\u5927\\u56fd\\u535a\\u5f08"}', 'Weibo/Index/weiboDetail', '{"id":55}', 'Weibo', 1558337202, 1),
(904, 106, '评论消息', '您的微博被评论，快去看看吧^……^！http://192.168.1.210/weibo/detail/55.html', 'Weibo/Index/weiboDetail', '{"id":55}', 'Common_mobile', 1558337202, 1),
(905, 106, '评论消息', '您的微博被评论，快去看看吧^……^！http://192.168.1.210/weibo/detail/55.html', 'Weibo/Index/weiboDetail', '{"id":55}', 'Common_email', 1558337202, 1),
(906, 106, '评论消息', '您的微博被评论，快去看看吧^……^！http://192.168.1.210/weibo/detail/55.html', 'Weibo/Index/weiboDetail', '{"id":55}', 'Common_mobile', 1558337204, 1),
(907, 106, '评论消息', '您的微博被评论，快去看看吧^……^！http://192.168.1.210/weibo/detail/55.html', 'Weibo/Index/weiboDetail', '{"id":55}', 'Common_email', 1558337204, 1),
(908, 106, '阿俊@了您', '有人@了您，快去看看吧^……^！http://192.168.1.210/weibo/detail/55.html', 'Weibo/Index/weiboDetail', '{"id":55}', 'Common_mobile', 1558337205, 1),
(909, 106, '阿俊@了您', '有人@了您，快去看看吧^……^！http://192.168.1.210/weibo/detail/55.html', 'Weibo/Index/weiboDetail', '{"id":55}', 'Common_email', 1558337205, 1),
(910, 106, '评论消息', '{"keyword1":"\\u989d\\u55e1\\u55e1","keyword2":"\\u8bc4\\u8bba\\u6211\\u7684\\u52a8\\u6001\\uff1a","keyword3":"\\u6211\\u52a0\\u5165\\u4e86\\u5927\\u56fd\\u535a\\u5f08"}', 'Weibo/Index/weiboDetail', '{"id":55}', 'Weibo', 1558337849, 1),
(911, 106, '评论消息', '您的微博被评论，快去看看吧^……^！http://192.168.1.210/weibo/detail/55.html', 'Weibo/Index/weiboDetail', '{"id":55}', 'Common_mobile', 1558337849, 1),
(912, 106, '评论消息', '您的微博被评论，快去看看吧^……^！http://192.168.1.210/weibo/detail/55.html', 'Weibo/Index/weiboDetail', '{"id":55}', 'Common_email', 1558337849, 1),
(913, 106, '评论消息', '{"keyword1":"\\u989d\\u55e1\\u55e1","keyword2":"\\u8bc4\\u8bba\\u6211\\u7684\\u52a8\\u6001\\uff1a","keyword3":"\\u6211\\u52a0\\u5165\\u4e86\\u5927\\u56fd\\u535a\\u5f08"}', 'Weibo/Index/weiboDetail', '{"id":55}', 'Weibo', 1558337851, 1),
(914, 106, '评论消息', '您的微博被评论，快去看看吧^……^！http://192.168.1.210/weibo/detail/55.html', 'Weibo/Index/weiboDetail', '{"id":55}', 'Common_mobile', 1558337851, 1),
(915, 106, '评论消息', '您的微博被评论，快去看看吧^……^！http://192.168.1.210/weibo/detail/55.html', 'Weibo/Index/weiboDetail', '{"id":55}', 'Common_email', 1558337851, 1),
(916, 106, '阿俊@了您', '有人@了您，快去看看吧^……^！http://192.168.1.210/weibo/detail/55.html', 'Weibo/Index/weiboDetail', '{"id":55}', 'Common_mobile', 1558337853, 1),
(917, 106, '阿俊@了您', '有人@了您，快去看看吧^……^！http://192.168.1.210/weibo/detail/55.html', 'Weibo/Index/weiboDetail', '{"id":55}', 'Common_email', 1558337853, 1),
(918, 106, '评论消息', '{"keyword1":"\\u94b1\\u94b1\\u94b1","keyword2":"\\u8bc4\\u8bba\\u6211\\u7684\\u52a8\\u6001\\uff1a","keyword3":"\\u6211\\u52a0\\u5165\\u4e86\\u5927\\u56fd\\u535a\\u5f08"}', 'Weibo/Index/weiboDetail', '{"id":55}', 'Weibo', 1558337885, 1),
(919, 106, '评论消息', '您的微博被评论，快去看看吧^……^！http://192.168.1.210/weibo/detail/55.html', 'Weibo/Index/weiboDetail', '{"id":55}', 'Common_mobile', 1558337885, 1),
(920, 106, '评论消息', '您的微博被评论，快去看看吧^……^！http://192.168.1.210/weibo/detail/55.html', 'Weibo/Index/weiboDetail', '{"id":55}', 'Common_email', 1558337885, 1),
(921, 106, '评论消息', '{"keyword1":"\\u94b1\\u94b1\\u94b1","keyword2":"\\u8bc4\\u8bba\\u6211\\u7684\\u52a8\\u6001\\uff1a","keyword3":"\\u6211\\u52a0\\u5165\\u4e86\\u5927\\u56fd\\u535a\\u5f08"}', 'Weibo/Index/weiboDetail', '{"id":55}', 'Weibo', 1558337887, 1),
(922, 106, '评论消息', '您的微博被评论，快去看看吧^……^！http://192.168.1.210/weibo/detail/55.html', 'Weibo/Index/weiboDetail', '{"id":55}', 'Common_mobile', 1558337887, 1),
(923, 106, '评论消息', '您的微博被评论，快去看看吧^……^！http://192.168.1.210/weibo/detail/55.html', 'Weibo/Index/weiboDetail', '{"id":55}', 'Common_email', 1558337887, 1),
(924, 106, '阿俊@了您', '有人@了您，快去看看吧^……^！http://192.168.1.210/weibo/detail/55.html', 'Weibo/Index/weiboDetail', '{"id":55}', 'Common_mobile', 1558337889, 1),
(925, 106, '阿俊@了您', '有人@了您，快去看看吧^……^！http://192.168.1.210/weibo/detail/55.html', 'Weibo/Index/weiboDetail', '{"id":55}', 'Common_email', 1558337889, 1),
(926, 106, '评论消息', '{"keyword1":"6556","keyword2":"\\u8bc4\\u8bba\\u6211\\u7684\\u52a8\\u6001\\uff1a","keyword3":"\\u6211\\u52a0\\u5165\\u4e86\\u5927\\u56fd\\u535a\\u5f08"}', 'Weibo/Index/weiboDetail', '{"id":55}', 'Weibo', 1558337895, 1),
(927, 106, '评论消息', '您的微博被评论，快去看看吧^……^！http://192.168.1.210/weibo/detail/55.html', 'Weibo/Index/weiboDetail', '{"id":55}', 'Common_mobile', 1558337895, 1),
(928, 106, '评论消息', '您的微博被评论，快去看看吧^……^！http://192.168.1.210/weibo/detail/55.html', 'Weibo/Index/weiboDetail', '{"id":55}', 'Common_email', 1558337895, 1),
(929, 106, '评论消息', '{"keyword1":"6556","keyword2":"\\u8bc4\\u8bba\\u6211\\u7684\\u52a8\\u6001\\uff1a","keyword3":"\\u6211\\u52a0\\u5165\\u4e86\\u5927\\u56fd\\u535a\\u5f08"}', 'Weibo/Index/weiboDetail', '{"id":55}', 'Weibo', 1558337897, 1),
(930, 106, '评论消息', '您的微博被评论，快去看看吧^……^！http://192.168.1.210/weibo/detail/55.html', 'Weibo/Index/weiboDetail', '{"id":55}', 'Common_mobile', 1558337897, 1),
(931, 106, '评论消息', '您的微博被评论，快去看看吧^……^！http://192.168.1.210/weibo/detail/55.html', 'Weibo/Index/weiboDetail', '{"id":55}', 'Common_email', 1558337897, 1),
(932, 106, '阿俊@了您', '有人@了您，快去看看吧^……^！http://192.168.1.210/weibo/detail/55.html', 'Weibo/Index/weiboDetail', '{"id":55}', 'Common_mobile', 1558337899, 1),
(933, 106, '阿俊@了您', '有人@了您，快去看看吧^……^！http://192.168.1.210/weibo/detail/55.html', 'Weibo/Index/weiboDetail', '{"id":55}', 'Common_email', 1558337899, 1),
(934, 1, '问题被审核', '你的问题【腹中有书气自华1】通过了审核！！', 'Question/Index/detail', '{"id":"1363"}', 'Common_system', 1558341154, 1),
(935, 1, '问题被审核', '你的问题【腹中有书气自华】通过了审核！！', 'Question/Index/detail', '{"id":"1362"}', 'Common_system', 1558341154, 1),
(936, 1, '问题被审核', '你的问题【111111111111111111111111111111】通过了审核！！', 'Question/Index/detail', '{"id":"1361"}', 'Common_system', 1558341341, 1),
(937, 1, '问题被审核', '你的问题【2019年端午节是什么时候？】通过了审核！！', 'Question/Index/detail', '{"id":"1360"}', 'Common_system', 1558341341, 1),
(938, 1, '问题被审核', '你的问题【4444】通过了审核！！', 'Question/Index/detail', '{"id":"1364"}', 'Common_system', 1558342080, 1),
(939, 101, '用户申请认证', '用户Alina申请个人认证，请速去审核', 'http://192.168.1.210/admin/attest/attestlist/attest_type_id/1/status/3.html', '{"status":2}', 'Common_system', 1558342952, 1),
(940, 106, '粉丝数减少', '阿俊 取消了对你的关注。', 'Ucenter/Index/index', '{"uid":"106"}', 'Ucenter', 1558400820, 1),
(941, 106, '粉丝数增加', '阿俊 关注了你。', 'Ucenter/Index/index', '{"uid":"106"}', 'Ucenter', 1558400822, 1);

-- --------------------------------------------------------

--
-- 表的结构 `ocenter_message_event`
--

CREATE TABLE IF NOT EXISTS `ocenter_message_event` (
  `id` int(11) NOT NULL,
  `name` char(50) NOT NULL COMMENT '事件唯一标识',
  `title` varchar(25) NOT NULL,
  `status` int(2) NOT NULL,
  `zhannei` int(2) NOT NULL COMMENT '站内消息',
  `sms` int(2) NOT NULL COMMENT '短信',
  `email` int(2) NOT NULL COMMENT '电子邮件',
  `weixin` int(2) NOT NULL COMMENT '微信公众号消息',
  `app` int(2) NOT NULL COMMENT 'APP推送'
) ENGINE=MyISAM AUTO_INCREMENT=6 DEFAULT CHARSET=utf8 COMMENT='消息事件';

--
-- 转存表中的数据 `ocenter_message_event`
--

INSERT INTO `ocenter_message_event` (`id`, `name`, `title`, `status`, `zhannei`, `sms`, `email`, `weixin`, `app`) VALUES
(1, 'weibo_zan', '动态被点赞', 1, 1, 1, 1, 0, 0),
(2, 'weibo_comment', '动态被评论', 1, 1, 1, 1, 0, 0),
(3, 'weibo_aite', '动态被@', 1, 1, 1, 1, 0, 0),
(4, 'weibo_repost', '动态被转发', 1, 1, 1, 1, 0, 0),
(5, 'weibo_share', '动态被分享', 1, 1, 1, 1, 0, 0);

-- --------------------------------------------------------

--
-- 表的结构 `ocenter_message_old`
--

CREATE TABLE IF NOT EXISTS `ocenter_message_old` (
  `id` int(11) NOT NULL,
  `content_id` int(11) NOT NULL,
  `from_uid` int(11) NOT NULL,
  `to_uid` int(11) NOT NULL,
  `create_time` int(11) NOT NULL,
  `is_read` tinyint(4) NOT NULL,
  `last_toast` int(11) NOT NULL,
  `status` tinyint(4) NOT NULL,
  `type` varchar(25) NOT NULL COMMENT '消息类型',
  `tpl` varchar(100) NOT NULL COMMENT '消息模板'
) ENGINE=MyISAM DEFAULT CHARSET=utf8 COMMENT='消息表';

-- --------------------------------------------------------

--
-- 表的结构 `ocenter_message_template`
--

CREATE TABLE IF NOT EXISTS `ocenter_message_template` (
  `id` int(11) NOT NULL,
  `event_id` int(11) NOT NULL COMMENT '事件id',
  `status` int(2) NOT NULL,
  `zhannei` text NOT NULL COMMENT '站内消息模板',
  `sms` text NOT NULL COMMENT '短信模板',
  `email` text NOT NULL COMMENT '电子邮件模板',
  `weixin` text NOT NULL COMMENT '微信公众号消息模板',
  `app` text NOT NULL COMMENT 'APP推送模板'
) ENGINE=MyISAM AUTO_INCREMENT=4 DEFAULT CHARSET=utf8;

--
-- 转存表中的数据 `ocenter_message_template`
--

INSERT INTO `ocenter_message_template` (`id`, `event_id`, `status`, `zhannei`, `sms`, `email`, `weixin`, `app`) VALUES
(1, 1, 1, '<p>有人赞了您的微博，快去看看吧^……^！</p>', '<p>有人赞了您的微博，快去看看吧^……^！</p>', '<p>有人赞了您的微博，快去看看吧^……^！</p>', '', ''),
(2, 2, 1, '<p>您的微博被评论，快去看看吧^……^！</p>', '<p>您的微博被评论，快去看看吧^……^！</p>', '<p>您的微博被评论，快去看看吧^……^！</p>', '', ''),
(3, 3, 1, '<p>有人@了您，快去看看吧^……^！</p>', '<p>有人@了您，快去看看吧^……^！</p>', '<p>有人@了您，快去看看吧^……^！</p>', '', '');

-- --------------------------------------------------------

--
-- 表的结构 `ocenter_message_type`
--

CREATE TABLE IF NOT EXISTS `ocenter_message_type` (
  `id` int(11) NOT NULL,
  `uid` int(11) NOT NULL COMMENT '用户id',
  `type` varchar(25) NOT NULL COMMENT '消息类型',
  `status` tinyint(4) NOT NULL
) ENGINE=MyISAM AUTO_INCREMENT=40 DEFAULT CHARSET=utf8 COMMENT='用户消息类型表';

--
-- 转存表中的数据 `ocenter_message_type`
--

INSERT INTO `ocenter_message_type` (`id`, `uid`, `type`, `status`) VALUES
(1, 1, 'Common_mobile', 1),
(2, 1, 'Common_email', 1),
(3, 1, 'Common_system', 1),
(4, 100, 'Ucenter', 1),
(5, 1, 'Weibo_crowd', 1),
(6, 101, 'Ucenter', 1),
(7, 101, 'Common_mobile', 1),
(8, 101, 'Common_email', 1),
(9, 101, 'Weibo', 1),
(10, 1, 'Ucenter', 1),
(11, 0, 'Common_mobile', 1),
(12, 0, 'Common_email', 1),
(13, 1, 'Weibo', 1),
(14, 107, 'Ucenter', 1),
(15, 107, 'Common_mobile', 1),
(16, 107, 'Common_email', 1),
(17, 106, 'Common_mobile', 1),
(18, 106, 'Common_email', 1),
(19, 106, 'Weibo', 1),
(20, 101, 'Common_system', 1),
(21, 105, 'Ucenter', 1),
(22, 105, 'Common_mobile', 1),
(23, 105, 'Common_email', 1),
(24, 103, 'Ucenter', 1),
(25, 103, 'Common_mobile', 1),
(26, 103, 'Common_email', 1),
(27, 102, 'Ucenter', 1),
(28, 102, 'Common_mobile', 1),
(29, 102, 'Common_email', 1),
(30, 106, 'Ucenter', 1),
(31, 104, 'Ucenter', 1),
(32, 104, 'Common_mobile', 1),
(33, 104, 'Common_email', 1),
(34, 106, 'Common_system', 1),
(35, 108, 'Common_mobile', 1),
(36, 108, 'Common_email', 1),
(37, 101, 'Weibo_crowd', 1),
(38, 108, 'Weibo', 1),
(39, 108, 'Common_system', 1);

-- --------------------------------------------------------

--
-- 表的结构 `ocenter_module`
--

CREATE TABLE IF NOT EXISTS `ocenter_module` (
  `id` int(11) NOT NULL,
  `name` varchar(30) NOT NULL COMMENT '模块名',
  `alias` varchar(30) NOT NULL COMMENT '中文名',
  `version` varchar(20) NOT NULL COMMENT '版本号',
  `is_com` tinyint(4) NOT NULL COMMENT '是否商业版',
  `show_nav` tinyint(4) NOT NULL COMMENT '是否显示在导航栏中',
  `summary` varchar(200) NOT NULL COMMENT '简介',
  `developer` varchar(50) NOT NULL COMMENT '开发者',
  `website` varchar(200) NOT NULL COMMENT '网址',
  `entry` varchar(50) NOT NULL COMMENT '前台入口',
  `is_setup` tinyint(4) NOT NULL DEFAULT '1' COMMENT '是否已安装',
  `sort` int(11) NOT NULL COMMENT '模块排序',
  `icon` varchar(20) NOT NULL,
  `can_uninstall` tinyint(4) NOT NULL,
  `admin_entry` varchar(50) NOT NULL,
  `menu_hide` tinyint(4) NOT NULL DEFAULT '0' COMMENT '后台入口隐藏',
  `auth_role` varchar(200) NOT NULL COMMENT '允许访问角色，为空表示非登录也能访问',
  `app_has` tinyint(2) NOT NULL DEFAULT '0' COMMENT '手机客户端是否也拥有该模块'
) ENGINE=MyISAM AUTO_INCREMENT=19 DEFAULT CHARSET=utf8 COMMENT='模块管理表';

--
-- 转存表中的数据 `ocenter_module`
--

INSERT INTO `ocenter_module` (`id`, `name`, `alias`, `version`, `is_com`, `show_nav`, `summary`, `developer`, `website`, `entry`, `is_setup`, `sort`, `icon`, `can_uninstall`, `admin_entry`, `menu_hide`, `auth_role`, `app_has`) VALUES
(1, 'Home', '网站主页', '2.0.0', 0, 1, '首页模块，主要用于展示网站内容', '嘉兴想天信息科技有限公司', 'http://www.ourstu.com', 'Home/index/index', 1, 0, 'home', 1, 'Admin/Home/config', 0, '', 0),
(2, 'Ucenter', '用户中心', '2.0.0', 0, 1, '用户中心模块，系统核心模块', '嘉兴想天信息科技有限公司', 'http://www.ourstu.com', 'Ucenter/index/index', 1, 0, 'user', 0, 'Admin/User/index', 0, '', 0),
(3, 'People', '找人', '2.0.0', 0, 1, '会员展示模块，可以用于会员的查找', '嘉兴想天信息科技有限公司', 'http://www.ourstu.com', 'People/index/index', 1, 0, 'group', 1, 'People/config', 0, '', 1),
(4, 'Weibo', '动态', '3.0.0', 0, 1, '动态模块，用户可以发布动态', '嘉兴想天信息科技有限公司', 'http://www.ourstu.com', 'Weibo/index/index', 1, 0, 'quote-left', 1, 'Admin/Weibo/weibo', 0, '', 1),
(12, 'Core', '系统公共模块', '2.1.0', 0, 0, '系统核心模块，必不可少，负责核心的处理。', '嘉兴想天信息科技有限公司', 'http://www.ourstu.com', '', 1, 0, 'globe', 0, '', 0, '', 0),
(13, 'Forum', '论坛Pro', '5.8.0', 0, 1, '论坛模块，轻便强大的论坛模块', '嘉兴想天信息科技有限公司', 'http://www.ourstu.com', 'Forum/index/index', 1, 0, 'comments', 1, 'Admin/Forum/post', 0, '', 1),
(14, 'Api', 'Api', '5.0.0', 1, 0, 'Api模块', '嘉兴想天信息科技有限公司', 'http://www.ourstu.com', '', 1, 0, 'font', 1, 'Admin/Api/index', 0, '', 0),
(16, 'Video', '视频', '1.0.1', 0, 1, '视频，适用于展示视频信息等', '嘉兴想天信息科技有限公司', 'http://www.ourstu.com', 'Video/index/index', 1, 0, 'film', 1, 'Admin/Video/contents', 0, '', 0),
(17, 'Album', '相册', '1.1.0', 0, 1, '相册模块，用户可以上传自己的照片', '嘉兴想天信息科技有限公司', 'http://www.ourstu.com', 'Album/Index/index', 1, 0, 'th', 1, 'Admin/Album/contents', 0, '', 0),
(18, 'Question', '问答', '5.0.0', 1, 1, '问答模块，用户可前台发布、回答问题', '嘉兴想天信息科技有限公司', 'http://www.ourstu.com', 'Question/index/index', 1, 0, 'question', 1, 'Admin/Question/index', 0, '', 0);

-- --------------------------------------------------------

--
-- 表的结构 `ocenter_picture`
--

CREATE TABLE IF NOT EXISTS `ocenter_picture` (
  `id` int(10) unsigned NOT NULL COMMENT '主键id自增',
  `type` varchar(50) NOT NULL,
  `path` varchar(255) NOT NULL DEFAULT '' COMMENT '路径',
  `url` varchar(255) NOT NULL DEFAULT '' COMMENT '图片链接',
  `md5` char(32) NOT NULL DEFAULT '' COMMENT '文件md5',
  `sha1` char(40) NOT NULL DEFAULT '' COMMENT '文件 sha1编码',
  `status` tinyint(2) NOT NULL DEFAULT '0' COMMENT '状态',
  `create_time` int(10) unsigned NOT NULL DEFAULT '0' COMMENT '创建时间',
  `width` int(11) NOT NULL DEFAULT '0',
  `height` int(11) NOT NULL DEFAULT '0'
) ENGINE=MyISAM AUTO_INCREMENT=63 DEFAULT CHARSET=utf8;

--
-- 转存表中的数据 `ocenter_picture`
--

INSERT INTO `ocenter_picture` (`id`, `type`, `path`, `url`, `md5`, `sha1`, `status`, `create_time`, `width`, `height`) VALUES
(1, 'local', '/Uploads/Picture/2019-04-22/5cbd76c228c2a.jpg', '', 'fc3f08a70cb226d5862ac064a908ebd4', '3bd5bdb63c3332f3c60e75cedefc17d5ada1fa2e', 1, 1555920578, 690, 690),
(2, 'local', '/Uploads/Picture/2019-04-22/5cbd7706666d6.png', '', 'e2f1bebf0aeab6a087b93a116d6f29c4', '8088ef426f99ef8aaf56ddfa7c50dbec0fb2a154', 1, 1555920646, 268, 149),
(3, '', 'https://img3.utuku.china.com/400x0/mili/20190422/326640f0-641a-4240-91c8-be7d8f99cbb2.jpg', 'https://img3.utuku.china.com/400x0/mili/20190422/326640f0-641a-4240-91c8-be7d8f99cbb2.jpg', '', '', 1, 1555921080, 0, 0),
(4, '', 'https://img0.utuku.china.com/400x0/mili/20190422/4ef1024f-b1f1-4fe9-8828-da7cf43a5a7e.jpg', 'https://img0.utuku.china.com/400x0/mili/20190422/4ef1024f-b1f1-4fe9-8828-da7cf43a5a7e.jpg', '', '', 1, 1555921080, 0, 0),
(5, '', 'https://img2.utuku.china.com/400x0/mili/20190422/fcabee4e-a70a-4b03-a544-d368cd3f4d13.jpg', 'https://img2.utuku.china.com/400x0/mili/20190422/fcabee4e-a70a-4b03-a544-d368cd3f4d13.jpg', '', '', 1, 1555921080, 0, 0),
(6, '', 'https://img2.utuku.china.com/527x0/mili/20190422/33918a23-0a3b-4525-952f-6efd83be3f56.jpg', 'https://img2.utuku.china.com/527x0/mili/20190422/33918a23-0a3b-4525-952f-6efd83be3f56.jpg', '', '', 1, 1555921129, 0, 0),
(7, '', 'https://img1.utuku.china.com/440x0/mili/20190422/1ebfb8f8-5680-4ace-84ba-a08ef5bf6d8b.png', 'https://img1.utuku.china.com/440x0/mili/20190422/1ebfb8f8-5680-4ace-84ba-a08ef5bf6d8b.png', '', '', 1, 1555921129, 0, 0),
(8, 'local', '/Uploads/Picture/2019-04-22/5cbd796415124.jpg', '', 'c049f012fa0af932bf3e8f3342e867ad', 'f4913f4b2bba930c234cf92c3cf573f2c641bc66', 1, 1555921252, 800, 533),
(9, 'local', '/Uploads/Picture/2019-04-25/5cc16e83c21a8.jpg', '', '2bb8d75a18b3bd048524bfee88adc267', '359d90d00e68f6c95f0348e36bc4f8ebbc1531eb', 1, 1556180611, 1024, 434),
(10, 'local', '/Uploads/Picture/2019-04-25/5cc170417866b.jpg', '', '4e907d4d8dbc6096c0ab7edd2e3f12ee', 'd118f0612ee846c45671a5050f080eaeb1f05c00', 1, 1556181057, 967, 433),
(11, 'local', './Uploads/Video/1556181970.jpg', '', '', '', 1, 1556181970, 0, 0),
(12, 'local', '/Uploads/Picture/2019-04-25/5cc173d42d3b6.jpg', '', '11c501641936e2bcdb354b036af646cf', '12c0fb3b434b111bb67c643aecf15babd1dc2f21', 1, 1556181972, 54, 54),
(13, 'local', '/Uploads/Picture/2019-05-05/5cceb0b4af73c.png', '', '32e7c62513b7cdb8d5917e00c4c2146b', 'df7cc88ec133dd7bdab1ed0dc283b3931d86ecdd', 1, 1557049524, 128, 128),
(14, 'local', '/Uploads/Picture/2019-05-13/5cd935e42c0d1.jpg', '', '0779e1aa284d94d3fab0a24214bbca76', 'd6eff8ecaa5f0381e95fd36dc7e028747832a158', 1, 1557738980, 1000, 450),
(15, 'local', '/Uploads/Picture/2019-05-13/5cd9360dc5b4a.jpg', '', '308c5d8f9b7346c046d39caea4abd3c9', 'fa202282a4d4101dfc2709821446f96e6f408e59', 1, 1557739021, 1000, 450),
(16, 'local', '/Uploads/Picture/2019-05-13/5cd93647804b2.png', '', '5bc1a929ee2d9950090d23dd79cf7f2a', '1ea7dabd353079635969021a42fa1862f0d7d078', 1, 1557739079, 200, 48),
(17, 'local', '/Uploads/Picture/2019-05-13/5cd9389a5baea.jpg', '', '67c7027f30ac01f259066b07573f7c16', '3fdf4267cafd7862e92578dd8f8a4538b9aabf1a', 1, 1557739674, 1200, 400),
(18, 'local', '/Uploads/Picture/2019-05-14/5cda1ee816cbf.png', '', '63fc5d26fd53248f885df12a5fade9b8', 'f2c962aae907edea1fb74d7444a10ff7851b598e', 1, 1557798632, 114, 112),
(19, 'local', '/Uploads/Editor/Picture/2019-05-14/5cda230e6c48a.jpg', '', 'a25a9dc97c24b2fe2e8076f20c9b3a9f', '68fc005ec6d279e53b6ec93c484fe8d3b7e58d7a', 1, 1557799694, 1200, 400),
(20, 'local', '/Uploads/Picture/2019-05-14/5cda2a7c7dd7e.png', '', 'f61724ca07b8a7c12b8a79b18f9d5c86', '3d1fece5a93200081d502649db7be8d7a77ac47b', 1, 1557801596, 873, 375),
(21, 'local', '/Uploads/Picture/2019-05-14/5cda2aee440d8.jpg', '', 'cce18689b7c72d0719e2fd839ad9d0e4', '8719e47746722d7340ba215f0be9d1dc20493fcf', 1, 1557801710, 1000, 450),
(22, 'local', '/Uploads/Picture/2019-05-14/5cda2af431119.png', '', 'b8398be1bcb6e8b2f8858661a1d99fb1', '106c8b7fa009088f069264e1a6e4546516b7fa10', 1, 1557801716, 130, 89),
(23, 'local', '/Uploads/Picture/2019-05-14/5cda2dfe9d0e3.jpg', '', 'c71417536167bd1a61d0919515f66069', 'c442a2c5dbc3c7d632612eef41e8142610938812', 1, 1557802494, 1200, 400),
(24, 'local', '/Uploads/Picture/2019-05-14/5cda76e29f5aa.jpg', '', '5f4213956a10ae0e2bbf5ba723c1fbcd', 'efae6308f94e282d649ca35129e6ca9055ebe5f5', 1, 1557821154, 840, 320),
(25, 'local', '/Uploads/Picture/2019-05-16/5cdd08fa03c70.jpg', '', '50f13cc829c77fae5a144f1669811e20', '0918fced8a6c5d10175e4a459c229eb2ebfec866', 1, 1557989625, 1600, 600),
(26, 'local', '/Uploads/Picture/2019-05-16/5cdd105fe8556.png', '', 'eb5c5724569a5e1b4ace53996616cecc', 'b2bba196abd43cd15ffcb99fe74730ea97d6f21f', 1, 1557991519, 534, 300),
(27, 'local', '/Uploads/Picture/2019-05-16/5cdd14f91fcbd.jpeg', '', 'aa404f44b7faf98ff74a14ac0db5b2c0', '945241404bd5bac633426946335eb55d2393a5c7', 1, 1557992697, 1000, 1000),
(28, 'local', '/Uploads/Picture/2019-05-16/5cdd19e900faa.png', '', '565152c23d7feb58179d43f61737a674', '9fb442d0fcac3bb090c8b8946365ee13936f4036', 1, 1557993960, 192, 166),
(29, 'local', '/Uploads/Picture/2019-05-16/5cdd1b4268bd7.png', '', '1550f3acc9a599b7603fcb6fafbdf768', '03faccdce58bb87af3df5291c553012e688825fd', 1, 1557994306, 144, 144),
(30, 'local', '/Uploads/Picture/2019-05-16/5cdd1d9dbb19b.png', '', '568674023ba97cd363d6bf621c723035', '0217dd39e460e8c2d568a315a44a8710d56a09b0', 1, 1557994909, 120, 121),
(31, 'local', '/Uploads/Picture/2019-05-16/5cdd1fc347887.png', '', '46a8ae4fe2b1b9d3c41d1c46d45da1c4', 'cf4058351615995d4997a04c031a9de89935c9d0', 1, 1557995459, 401, 399),
(32, 'local', '/Uploads/Picture/2019-05-16/5cdd20a22c61b.png', '', 'cead38abdf2351144747636c4c26df26', '48fb18360bb784b4cd129ad814fdd7a930713657', 1, 1557995682, 350, 350),
(33, 'local', '/Uploads/Picture/2019-05-16/5cdd21adbb560.png', '', '6afb83bbce7362a5987ec3f5fe697006', '16e7148f2644adc50bf2c82370e2b2072038b3e9', 1, 1557995949, 489, 342),
(34, 'local', '/Uploads/Picture/2019-05-16/5cdd224e7dfeb.png', '', 'c401eb64bf2dc71cea8730d8aace701b', '73fe9da65926961aac494f1fb55792f1445a0bd7', 1, 1557996110, 443, 296),
(35, 'local', '/Uploads/Picture/2019-05-16/5cdd249a28d47.jpg', '', 'ac970596cb9046d9ecb1a3a30ddf1e8e', '3961d4a221ca46ca7cb27cf2a7d4994b3464bc2e', 1, 1557996698, 500, 278),
(36, 'local', '/Uploads/Picture/2019-05-16/5cdd254f31cc6.png', '', 'ed2bf9aa54f208bd856ac011315f8bf2', '2344152e7376e9baf8e61ccc55e22d7f7a53105e', 1, 1557996879, 113, 102),
(37, 'local', '/Uploads/Picture/2019-05-16/5cdd25d9378fe.jpg', '', 'c0f33aac94f135ef19a4f97c5f33c61f', 'c354b2b7012ec1aec742403e383b2f5096402746', 1, 1557997017, 500, 332),
(38, 'local', '/Uploads/Picture/2019-05-16/5cdd2c274a71d.png', '', '0b49724bf000131d73923bed83e0bd20', '0c4e6336204571fca7539e2b88d365af3257373e', 1, 1557998631, 840, 320),
(39, 'local', '/Uploads/Picture/2019-05-16/5cdd2c6ccad43.jpg', '', 'e25b72a755eb718e7aa638c4031397df', '82a12b59ff0a13bcb8e3653cd6524dfc57311635', 1, 1557998700, 900, 234),
(40, 'local', '/Uploads/Picture/2019-05-16/5cdd2c9b84d58.png', '', '8484b583632990768c6e73cc7888ad83', '83581100444796c191036a61d4a1e6b77b3c879a', 1, 1557998747, 1919, 430),
(41, 'local', '/Uploads/Picture/2019-05-16/5cdd2d4669b93.jpg', '', '57570ecf6d9a75b92217625932a4652e', '1896773a92c2d167e0b693ba3028493ac255af78', 1, 1557998918, 1024, 944),
(42, 'local', '/Uploads/Picture/2019-05-17/5cde66ad89ebf.jpg', '', '78b21107436e2eeeb7e4b24beaf29431', '14f6791d7415fb08fb28679e011693aa160d7f2f', 1, 1558079149, 1024, 944),
(43, 'local', './Uploads/Video/1558079998.jpg', '', '', '', 1, 1558079998, 0, 0),
(44, 'local', './Uploads/Video/1558080001.jpg', '', '', '', 1, 1558080001, 0, 0),
(45, 'local', './Uploads/Video/1558080021.jpg', '', '', '', 1, 1558080021, 0, 0),
(46, 'local', '/Uploads/Picture/2019-05-17/5cde6a15c2bbc.jpg', '', 'e1dec8a1e074dff7eade2a332d384dfc', 'ece69a18838e313233c66189b94fdcca52037c81', 1, 1558080021, 330, 60),
(47, 'local', './Uploads/Video/1558080021.jpg', '', '', '', 1, 1558080021, 0, 0),
(48, 'local', '/Uploads/Picture/2019-05-17/5cde6a1603202.png', '', '42b3a63f4eb897b8b0d19313fbe6c08e', '2cdbe14d9b6ee5e156cf4da8bfe72d2da6c08993', 1, 1558080021, 46, 32),
(49, 'local', './Uploads/Video/1558080022.jpg', '', '', '', 1, 1558080022, 0, 0),
(50, 'local', './Uploads/Video/1558080022.jpg', '', '', '', 1, 1558080022, 0, 0),
(51, 'local', './Uploads/Video/1558080023.jpg', '', '', '', 1, 1558080023, 0, 0),
(52, 'local', './Uploads/Video/1558080026.jpg', '', '', '', 1, 1558080026, 0, 0),
(53, 'local', '/Uploads/Picture/2019-05-18/5cdf796fc1997.jpg', '', '1be422a11793c42966658e51e58ec9a9', 'ad951f15ad7d62d43b01984b3a0076b4d0891168', 1, 1558149487, 180, 160),
(54, 'local', '/Uploads/Picture/2019-05-18/5cdfbbb3896ba.jpg', '', 'c9a06a81c3418a7053214589586af0e8', '2f88ef8a48af24821cce0ba30c05a3ffe1b94e52', 1, 1558166451, 180, 160),
(55, 'local', '/Uploads/Picture/2019-05-18/5cdfbbb38f273.jpg', '', '1ccc128b83e224cfad4001bca0a52293', 'a06fce007c0550bd4f65b1d6ee19115c90543f34', 1, 1558166451, 180, 160),
(56, 'local', '/Uploads/Picture/2019-05-18/5cdfbbb39647e.jpg', '', 'f84b7af2f082c289b527e9ee1f067e6d', 'c78235a04c20683b7a20bf39311ec1b7b1f9b2d1', 1, 1558166451, 180, 160),
(57, 'local', '/Uploads/Picture/2019-05-18/5cdfd653a1a97.jpg', '', '59917b3b11385b8e15250b3fa181c697', '13a6dab5603e1346d79eccd9724e87eb00db83b5', 1, 1558173267, 120, 120),
(58, 'local', '/Uploads/Picture/2019-05-18/5cdfd65a6a713.jpg', '', '23e5ac49851a1984575917c754dc36e9', '929257d5ad7a46a37e6e0083cae7c3dce00869bd', 1, 1558173274, 180, 160),
(59, 'local', '/Uploads/Picture/2019-05-20/5ce24570a3947.jpg', '', '0273a8ea189718541f401531757740b2', '08f15f1740ebfb0b150827ba093691c753361bd2', 1, 1558332784, 256, 260),
(60, 'local', '/Uploads/Picture/2019-05-20/5ce24576d7dd3.jpg', '', 'c062299e23bb076475e22e8b263e94d0', 'f66b57c25fb6818195bbb4149adecc9851c950ee', 1, 1558332790, 1024, 768),
(61, 'local', '/Uploads/Picture/2019-05-20/5ce26cfbc6f32.jpg', '', 'f108a63aeaa937264a3f5967e064664a', 'f919ac8c281ea6969acadea6bdcfd90872cd7806', 1, 1558342907, 180, 160),
(62, 'local', '/Uploads/Picture/2019-05-20/5ce26d03461b1.jpg', '', '7b712de2488971e5b49cf7ff22c2e759', 'a0c81d7957f2f6ee300580868f332c9cff89e1c4', 1, 1558342915, 180, 160);

-- --------------------------------------------------------

--
-- 表的结构 `ocenter_question`
--

CREATE TABLE IF NOT EXISTS `ocenter_question` (
  `id` int(11) NOT NULL,
  `uid` int(11) NOT NULL,
  `category` int(11) NOT NULL COMMENT '问题分类',
  `topic_id` varchar(200) NOT NULL,
  `title` varchar(200) NOT NULL COMMENT '问题标题',
  `description` text NOT NULL COMMENT '问题描述',
  `answer_num` int(10) NOT NULL DEFAULT '0' COMMENT '回答数',
  `best_answer` int(11) NOT NULL COMMENT '最佳答案id',
  `good_question` int(10) NOT NULL DEFAULT '0' COMMENT '好问题（用于好问题排序：数值=支持-反对）',
  `status` tinyint(4) NOT NULL,
  `is_recommend` tinyint(2) NOT NULL DEFAULT '0' COMMENT '是否被推荐',
  `create_time` int(11) NOT NULL COMMENT '创建时间',
  `update_time` int(11) NOT NULL COMMENT '更新时间',
  `leixing` text CHARACTER SET utf8mb4 NOT NULL COMMENT '类型',
  `score_num` int(11) NOT NULL COMMENT '数额',
  `img_id` text NOT NULL
) ENGINE=MyISAM AUTO_INCREMENT=1365 DEFAULT CHARSET=utf8 COMMENT='问题表';

--
-- 转存表中的数据 `ocenter_question`
--

INSERT INTO `ocenter_question` (`id`, `uid`, `category`, `topic_id`, `title`, `description`, `answer_num`, `best_answer`, `good_question`, `status`, `is_recommend`, `create_time`, `update_time`, `leixing`, `score_num`, `img_id`) VALUES
(1358, 1, 1, '14,', '提问', '<p>11111111111大地飞歌电饭锅电饭锅</p>', 0, 0, 0, 2, 0, 1557384223, 1557384223, '1', 10, ''),
(1359, 101, 1, '15,16,', '胜多负少', '<p>是否收到收费多少 的师大啊啊 打算发A AF WA&nbsp;</p>', 0, 0, 0, 2, 0, 1557800995, 1557800995, '1', 0, ''),
(1360, 108, 1, '', '2019年端午节是什么时候？', '<p>端午节具体日期是什么时候，阳历<br/></p>', 0, 0, 0, 1, 0, 1558332492, 1558332492, '1', 10, ''),
(1361, 106, 1, '', '111111111111111111111111111111', '<p>11111111111111111111111</p>', 0, 0, 0, 1, 0, 1558334172, 1558334172, '1', 0, ''),
(1362, 106, 1, '', '腹中有书气自华', '<p>111111212121212121212121</p>', 0, 0, 0, 1, 0, 1558340879, 1558340879, '1', 0, ''),
(1363, 106, 1, '', '腹中有书气自华1', '<p>腹中有书气自华1</p>', 0, 0, 0, 1, 0, 1558341096, 1558341096, '1', 0, ''),
(1364, 106, 1, '', '4444', '<p>o0iipoouuijuiiuiuio8ui</p>', 0, 0, 0, 1, 0, 1558342003, 1558342003, '1', 0, '');

-- --------------------------------------------------------

--
-- 表的结构 `ocenter_question_answer`
--

CREATE TABLE IF NOT EXISTS `ocenter_question_answer` (
  `id` int(11) NOT NULL,
  `uid` int(11) NOT NULL,
  `question_id` int(11) NOT NULL,
  `reply_id` int(11) NOT NULL,
  `topic_id` varchar(200) NOT NULL,
  `content` text NOT NULL COMMENT '回答内容',
  `support` int(10) NOT NULL DEFAULT '0' COMMENT '支持数',
  `oppose` int(10) NOT NULL DEFAULT '0' COMMENT '反对数',
  `status` tinyint(4) NOT NULL,
  `update_time` int(11) NOT NULL,
  `create_time` int(11) NOT NULL
) ENGINE=MyISAM AUTO_INCREMENT=60 DEFAULT CHARSET=utf8 COMMENT='问题回答表';

-- --------------------------------------------------------

--
-- 表的结构 `ocenter_question_category`
--

CREATE TABLE IF NOT EXISTS `ocenter_question_category` (
  `id` int(11) NOT NULL,
  `title` varchar(25) NOT NULL,
  `pid` int(11) NOT NULL,
  `sort` int(11) NOT NULL,
  `status` int(11) NOT NULL
) ENGINE=MyISAM AUTO_INCREMENT=2 DEFAULT CHARSET=utf8 COMMENT='问题分类表';

--
-- 转存表中的数据 `ocenter_question_category`
--

INSERT INTO `ocenter_question_category` (`id`, `title`, `pid`, `sort`, `status`) VALUES
(1, '默认分类', 0, 1, 1);

-- --------------------------------------------------------

--
-- 表的结构 `ocenter_question_rank`
--

CREATE TABLE IF NOT EXISTS `ocenter_question_rank` (
  `uid` int(11) NOT NULL,
  `support_count` int(11) NOT NULL COMMENT '回答总被点赞数',
  `answer_count` int(11) NOT NULL COMMENT '回答数',
  `best_answer_count` int(11) NOT NULL COMMENT '总最佳回答数'
) ENGINE=InnoDB DEFAULT CHARSET=utf8 COMMENT='问答达人表';

-- --------------------------------------------------------

--
-- 表的结构 `ocenter_question_reward_record`
--

CREATE TABLE IF NOT EXISTS `ocenter_question_reward_record` (
  `id` int(11) NOT NULL,
  `question_id` int(11) NOT NULL,
  `uid` int(11) NOT NULL,
  `to_uid` int(11) NOT NULL,
  `type` tinyint(4) NOT NULL COMMENT '打赏类型',
  `num` decimal(10,2) NOT NULL DEFAULT '0.00',
  `create_time` int(11) NOT NULL
) ENGINE=InnoDB DEFAULT CHARSET=utf8 COMMENT='问答打赏记录表';

-- --------------------------------------------------------

--
-- 表的结构 `ocenter_question_search`
--

CREATE TABLE IF NOT EXISTS `ocenter_question_search` (
  `id` int(11) NOT NULL,
  `uid` int(11) NOT NULL,
  `historical` varchar(50) NOT NULL COMMENT '历史记录',
  `create_time` int(11) NOT NULL
) ENGINE=MyISAM DEFAULT CHARSET=utf8 COMMENT='问答';

-- --------------------------------------------------------

--
-- 表的结构 `ocenter_question_support`
--

CREATE TABLE IF NOT EXISTS `ocenter_question_support` (
  `id` int(11) NOT NULL,
  `uid` int(11) NOT NULL,
  `tablename` varchar(25) NOT NULL COMMENT '表名：question；question_answer',
  `row` int(11) NOT NULL COMMENT '行号',
  `type` int(11) NOT NULL COMMENT '类型：0：反对，1：支持'
) ENGINE=MyISAM AUTO_INCREMENT=2 DEFAULT CHARSET=utf8 COMMENT='问题支持反对表';

-- --------------------------------------------------------

--
-- 表的结构 `ocenter_question_topic`
--

CREATE TABLE IF NOT EXISTS `ocenter_question_topic` (
  `id` int(11) NOT NULL,
  `title` text NOT NULL COMMENT '话题名称',
  `logo` int(11) NOT NULL COMMENT '话题图标',
  `num` int(11) NOT NULL COMMENT '话题问答数',
  `create_time` int(11) NOT NULL,
  `status` tinyint(4) NOT NULL
) ENGINE=InnoDB AUTO_INCREMENT=24 DEFAULT CHARSET=utf8;

--
-- 转存表中的数据 `ocenter_question_topic`
--

INSERT INTO `ocenter_question_topic` (`id`, `title`, `logo`, `num`, `create_time`, `status`) VALUES
(14, '11111111111111111', 0, 0, 1557384216, 1),
(15, '是反复发生', 0, 1, 1557800995, 1),
(16, '速度符收费收费   的', 0, 1, 1557800995, 1),
(17, 'qwewq', 0, 2, 1558334153, 1),
(18, 'qwee', 0, 1, 1558334159, 1),
(19, '1', 0, 1, 1558340765, 1),
(20, '今天天气不错', 0, 1, 1558340779, 1),
(21, '腹中有书气自华', 0, 3, 1558340812, 1),
(22, '腹中有书气自华腹中有书气自华腹中有书气自华腹中有书气自华腹中有书气自华腹中有书气自华腹中有书气自华', 0, 2, 1558340839, 1),
(23, '22222222222', 0, 1, 1558340856, 1);

-- --------------------------------------------------------

--
-- 表的结构 `ocenter_rank`
--

CREATE TABLE IF NOT EXISTS `ocenter_rank` (
  `id` int(11) NOT NULL,
  `uid` int(11) NOT NULL COMMENT '上传者id',
  `title` varchar(50) NOT NULL,
  `logo` int(11) NOT NULL,
  `create_time` int(11) NOT NULL,
  `types` tinyint(2) NOT NULL DEFAULT '1' COMMENT '前台是否可申请',
  `label_content` varchar(10) NOT NULL COMMENT '文字头衔内容',
  `label_color` varchar(10) NOT NULL COMMENT '文字颜色',
  `label_bg` varchar(10) NOT NULL COMMENT 'label背景色'
) ENGINE=MyISAM DEFAULT CHARSET=utf8;

-- --------------------------------------------------------

--
-- 表的结构 `ocenter_rank_user`
--

CREATE TABLE IF NOT EXISTS `ocenter_rank_user` (
  `id` int(11) NOT NULL,
  `uid` int(11) NOT NULL,
  `rank_id` int(11) NOT NULL,
  `reason` varchar(255) NOT NULL,
  `is_show` tinyint(4) NOT NULL COMMENT '是否显示在昵称右侧（必须有图片才可）',
  `create_time` int(11) NOT NULL,
  `status` tinyint(2) NOT NULL
) ENGINE=MyISAM DEFAULT CHARSET=utf8;

-- --------------------------------------------------------

--
-- 表的结构 `ocenter_register`
--

CREATE TABLE IF NOT EXISTS `ocenter_register` (
  `id` int(11) NOT NULL,
  `uid` int(11) NOT NULL,
  `from` char(50) NOT NULL COMMENT '注册终端',
  `type` char(50) NOT NULL COMMENT '注册方式',
  `status` int(4) NOT NULL COMMENT '注册状态'
) ENGINE=MyISAM AUTO_INCREMENT=13 DEFAULT CHARSET=utf8 COMMENT='注册终端和方式统计';

--
-- 转存表中的数据 `ocenter_register`
--

INSERT INTO `ocenter_register` (`id`, `uid`, `from`, `type`, `status`) VALUES
(1, 100, 'pc', 'email', 1),
(2, 101, 'pc', 'email', 1),
(3, -31, 'pc', 'email', 1),
(4, -31, 'pc', 'email', 1),
(5, -31, 'pc', 'email', 1),
(6, 102, 'pc', 'email', 1),
(7, 103, 'pc', 'email', 1),
(8, 104, 'pc', 'email', 1),
(9, 105, 'pc', 'email', 1),
(10, 106, 'pc', 'email', 1),
(11, 107, 'pc', 'email', 1),
(12, 108, 'pc', 'email', 1);

-- --------------------------------------------------------

--
-- 表的结构 `ocenter_report`
--

CREATE TABLE IF NOT EXISTS `ocenter_report` (
  `id` int(11) NOT NULL,
  `url` varchar(500) NOT NULL,
  `uid` int(11) NOT NULL,
  `reason` varchar(50) NOT NULL,
  `content` text NOT NULL,
  `data` text NOT NULL,
  `type` varchar(50) NOT NULL,
  `create_time` int(11) NOT NULL,
  `updata_time` int(11) NOT NULL,
  `status` tinyint(4) NOT NULL,
  `handle_status` tinyint(4) NOT NULL,
  `handle_result` text NOT NULL,
  `handle_uid` int(11) NOT NULL,
  `handle_time` int(11) NOT NULL
) ENGINE=MyISAM AUTO_INCREMENT=2 DEFAULT CHARSET=utf8;

--
-- 转存表中的数据 `ocenter_report`
--

INSERT INTO `ocenter_report` (`id`, `url`, `uid`, `reason`, `content`, `data`, `type`, `create_time`, `updata_time`, `status`, `handle_status`, `handle_result`, `handle_uid`, `handle_time`) VALUES
(1, '', 1, '', '', 'null', '动态', 1558171015, 0, 0, 0, '', 0, 0);

-- --------------------------------------------------------

--
-- 表的结构 `ocenter_reward_log`
--

CREATE TABLE IF NOT EXISTS `ocenter_reward_log` (
  `id` int(11) unsigned NOT NULL,
  `uid` int(11) NOT NULL,
  `app` varchar(50) NOT NULL,
  `reward_id` int(11) NOT NULL,
  `create_time` int(11) NOT NULL
) ENGINE=MyISAM DEFAULT CHARSET=utf8;

-- --------------------------------------------------------

--
-- 表的结构 `ocenter_role`
--

CREATE TABLE IF NOT EXISTS `ocenter_role` (
  `id` int(11) NOT NULL,
  `group_id` int(11) NOT NULL COMMENT '角色组id',
  `name` varchar(25) NOT NULL COMMENT '英文标识',
  `title` varchar(25) NOT NULL COMMENT '中文标题',
  `description` varchar(500) NOT NULL COMMENT '描述',
  `user_groups` varchar(200) NOT NULL COMMENT '默认权限组ids',
  `invite` tinyint(4) NOT NULL COMMENT '预留字段(类型：是否需要邀请注册等)',
  `audit` tinyint(2) NOT NULL DEFAULT '0' COMMENT '是否需要审核',
  `sort` int(10) NOT NULL DEFAULT '0',
  `status` tinyint(2) NOT NULL,
  `create_time` int(11) NOT NULL,
  `update_time` int(11) NOT NULL
) ENGINE=MyISAM AUTO_INCREMENT=2 DEFAULT CHARSET=utf8 COMMENT='角色表';

--
-- 转存表中的数据 `ocenter_role`
--

INSERT INTO `ocenter_role` (`id`, `group_id`, `name`, `title`, `description`, `user_groups`, `invite`, `audit`, `sort`, `status`, `create_time`, `update_time`) VALUES
(1, 0, 'default', '普通用户', '普通用户', '1', 0, 0, 0, 1, 1555554076, 1555554076);

-- --------------------------------------------------------

--
-- 表的结构 `ocenter_role_config`
--

CREATE TABLE IF NOT EXISTS `ocenter_role_config` (
  `id` int(11) NOT NULL,
  `role_id` int(11) NOT NULL,
  `name` varchar(25) NOT NULL COMMENT '标识',
  `category` varchar(25) NOT NULL COMMENT '归类标识',
  `value` text NOT NULL COMMENT '配置值',
  `data` text NOT NULL COMMENT '该配置的其它值',
  `update_time` int(11) NOT NULL
) ENGINE=MyISAM AUTO_INCREMENT=4 DEFAULT CHARSET=utf8 COMMENT='角色配置表';

--
-- 转存表中的数据 `ocenter_role_config`
--

INSERT INTO `ocenter_role_config` (`id`, `role_id`, `name`, `category`, `value`, `data`, `update_time`) VALUES
(1, 1, 'user_tag', '', '2,3', '', 1476755028),
(2, 1, 'expend_field', 'expend_field', '1,2,3,4,5,6,7', '', 1476755034),
(3, 1, 'register_expend_field', 'expend_field', '1,2,3,4,5,6,7', '', 1476755110);

-- --------------------------------------------------------

--
-- 表的结构 `ocenter_role_group`
--

CREATE TABLE IF NOT EXISTS `ocenter_role_group` (
  `id` int(11) NOT NULL,
  `title` varchar(25) NOT NULL,
  `update_time` int(11) NOT NULL
) ENGINE=MyISAM DEFAULT CHARSET=utf8 COMMENT='角色分组';

-- --------------------------------------------------------

--
-- 表的结构 `ocenter_schedule`
--

CREATE TABLE IF NOT EXISTS `ocenter_schedule` (
  `id` int(11) NOT NULL,
  `method` varchar(100) NOT NULL,
  `args` varchar(500) NOT NULL,
  `type` tinyint(4) NOT NULL,
  `type_value` varchar(200) NOT NULL,
  `start_time` int(11) NOT NULL,
  `end_time` int(11) NOT NULL,
  `intro` varchar(500) NOT NULL,
  `lever` int(11) NOT NULL COMMENT '优先级',
  `status` tinyint(4) NOT NULL,
  `create_time` int(11) NOT NULL
) ENGINE=MyISAM AUTO_INCREMENT=2 DEFAULT CHARSET=utf8;

--
-- 转存表中的数据 `ocenter_schedule`
--

INSERT INTO `ocenter_schedule` (`id`, `method`, `args`, `type`, `type_value`, `start_time`, `end_time`, `intro`, `lever`, `status`, `create_time`) VALUES
(1, 'Admin/Count->dayCount', '', 3, 'Daily=01:00', 1469167215, 2147483647, '执行了数据统计', 0, 0, 1469167281);

-- --------------------------------------------------------

--
-- 表的结构 `ocenter_score_log`
--

CREATE TABLE IF NOT EXISTS `ocenter_score_log` (
  `id` int(11) NOT NULL,
  `uid` int(11) NOT NULL,
  `ip` bigint(20) NOT NULL,
  `type` int(11) NOT NULL,
  `action` varchar(20) NOT NULL,
  `value` double NOT NULL,
  `finally_value` double NOT NULL,
  `create_time` int(11) NOT NULL,
  `remark` varchar(255) NOT NULL,
  `model` varchar(20) NOT NULL,
  `record_id` int(11) NOT NULL
) ENGINE=MyISAM AUTO_INCREMENT=127 DEFAULT CHARSET=utf8;

--
-- 转存表中的数据 `ocenter_score_log`
--

INSERT INTO `ocenter_score_log` (`id`, `uid`, `ip`, `type`, `action`, `value`, `finally_value`, `create_time`, `remark`, `model`, `record_id`) VALUES
(1, 1, 3232235816, 1, 'inc', 10, 10, 1555920541, 'admin在2019-04-22 16:09登录了账号【积分：+10分】', 'member', 1),
(2, 1, 3232235816, 1, 'inc', 1, 11, 1555920581, 'admin在2019-04-22 16:09发布了新微博：1【积分：+1分】', 'weibo', 1),
(3, 1, 3232235816, 1, 'inc', 10, 21, 1556155012, 'admin在2019-04-25 09:16登录了账号【积分：+10分】', 'member', 1),
(4, 100, 3232235777, 1, 'inc', 10, 10, 1556180195, '肥肥在2019-04-25 16:16登录了账号【积分：+10分】', 'member', 100),
(5, 100, 3232235777, 1, 'inc', 2, 12, 1556180248, '肥肥在2019-04-25 16:17发布了新微博：1【积分：+2分】', 'weibo', 1),
(6, 100, 3232235777, 1, 'inc', 2, 14, 1556180441, '肥肥在2019-04-25 16:20发布了新微博：4【积分：+2分】', 'weibo', 4),
(7, 1, 3232235777, 1, 'inc', 2, 23, 1556180921, 'admin在2019-04-25 16:28发布了新微博：6【积分：+2分】', 'weibo', 6),
(8, 1, 3232235796, 1, 'inc', 1, 24, 1556181679, '肥丿肥在2019-04-25 16:41添加了微博评论：1【积分：+1分】', 'weibo_comment', 1),
(9, 1, 3232235796, 1, 'inc', 2, 26, 1556181749, '肥丿肥在2019-04-25 16:42发布了新微博：8【积分：+2分】', 'weibo', 8),
(10, 1, 3232235816, 1, 'inc', 10, 36, 1556413812, '肥丿肥在2019-04-28 09:10登录了账号【积分：+10分】', 'member', 1),
(11, 1, 3232235816, 1, 'inc', 10, 46, 1556510746, '肥丿肥在2019-04-29 12:05登录了账号【积分：+10分】', 'member', 1),
(12, 1, 3232235816, 1, 'inc', 10, 56, 1556613586, '肥丿肥在2019-04-30 16:39登录了账号【积分：+10分】', 'member', 1),
(13, 1, 3232235851, 1, 'inc', 2, 58, 1557366289, '肥丿肥在2019-05-09 09:44发布了新微博：9【积分：+2分】', 'weibo', 9),
(14, 1, 3232235811, 1, 'inc', 2, 60, 1557367085, '肥丿肥在2019-05-09 09:58发布了新微博：10【积分：+2分】', 'weibo', 10),
(15, 1, 3232235851, 1, 'dec', 10, 50, 1557384223, '', '', 0),
(16, 1, 3232235851, 1, 'inc', 2, 52, 1557384240, '肥丿肥在2019-05-09 14:44发布了新微博：11【积分：+2分】', 'weibo', 11),
(17, 1, 3232235851, 1, 'inc', 10, 62, 1557451897, '肥丿肥在2019-05-10 09:31登录了账号【积分：+10分】', 'member', 1),
(18, 1, 3232235929, 1, 'inc', 10, 72, 1557711398, '肥丿肥在2019-05-13 09:36登录了账号【积分：+10分】', 'member', 1),
(19, 101, 3232235929, 1, 'inc', 10, 10, 1557739439, 'lina在2019-05-13 17:23登录了账号【积分：+10分】', 'member', 101),
(20, 101, 3232235929, 1, 'inc', 2, 12, 1557739537, 'lina在2019-05-13 17:25发布了新微博：12【积分：+2分】', 'weibo', 12),
(21, 101, 3232235929, 1, 'inc', 2, 14, 1557799533, 'lina在2019-05-14 10:05发布了新微博：14【积分：+2分】', 'weibo', 14),
(22, 101, 3232235929, 1, 'inc', 2, 16, 1557799830, 'lina在2019-05-14 10:10发布了新微博：15【积分：+2分】', 'weibo', 15),
(23, 101, 3232235929, 1, 'inc', 1, 17, 1557800030, 'lina在2019-05-14 10:13添加了微博评论：3【积分：+1分】', 'weibo_comment', 3),
(24, 101, 3232235929, 1, 'inc', 2, 19, 1557800245, 'lina在2019-05-14 10:17发布了新微博：16【积分：+2分】', 'weibo', 16),
(25, 101, 3232235929, 1, 'inc', 2, 21, 1557800453, 'lina在2019-05-14 10:20发布了新微博：17【积分：+2分】', 'weibo', 17),
(26, 101, 3232235929, 1, 'inc', 2, 23, 1557800552, 'lina在2019-05-14 10:22发布了新微博：18【积分：+2分】', 'weibo', 18),
(27, 101, 3232235929, 1, 'inc', 2, 25, 1557801432, 'lina在2019-05-14 10:37发布了新微博：19【积分：+2分】', 'weibo', 19),
(28, 1, 3232235802, 1, 'inc', 2, 74, 1557801514, '肥丿肥在2019-05-14 10:38发布了新微博：20【积分：+2分】', 'weibo', 20),
(29, 1, 3232235802, 1, 'inc', 1, 75, 1557801547, '肥丿肥在2019-05-14 10:39添加了微博评论：4【积分：+1分】', 'weibo_comment', 4),
(30, 1, 3232235802, 1, 'inc', 1, 76, 1557801581, '肥丿肥在2019-05-14 10:39添加了微博评论：5【积分：+1分】', 'weibo_comment', 5),
(31, 1, 3232235802, 1, 'inc', 2, 78, 1557801611, '肥丿肥在2019-05-14 10:40发布了新微博：21【积分：+2分】', 'weibo', 21),
(32, 1, 3232235929, 1, 'inc', 2, 80, 1557801665, '肥丿肥在2019-05-14 10:41发布了新微博：22【积分：+2分】', 'weibo', 22),
(33, 101, 3232235929, 1, 'inc', 2, 27, 1557801720, 'lina在2019-05-14 10:42发布了新微博：23【积分：+2分】', 'weibo', 23),
(34, 101, 3232235929, 1, 'inc', 2, 29, 1557802432, 'lina在2019-05-14 10:53发布了新微博：24【积分：+2分】', 'weibo', 24),
(35, 101, 3232235929, 1, 'inc', 1, 30, 1557802458, 'lina在2019-05-14 10:54添加了微博评论：6【积分：+1分】', 'weibo_comment', 6),
(36, 101, 3232235929, 1, 'inc', 2, 32, 1557802496, 'lina在2019-05-14 10:54发布了新微博：25【积分：+2分】', 'weibo', 25),
(37, 101, 3232235929, 1, 'inc', 2, 34, 1557823070, 'lina在2019-05-14 16:37发布了新微博：26【积分：+2分】', 'weibo', 26),
(38, 101, 3232235929, 1, 'inc', 1, 35, 1557823082, 'lina在2019-05-14 16:38添加了微博评论：7【积分：+1分】', 'weibo_comment', 7),
(39, 101, 3232235929, 1, 'inc', 10, 45, 1557882535, 'lina在2019-05-15 09:08登录了账号【积分：+10分】', 'member', 101),
(40, 101, 3232235929, 1, 'inc', 2, 47, 1557908858, 'lina在2019-05-15 16:27发布了新微博：27【积分：+2分】', 'weibo', 27),
(41, 101, 3232235929, 1, 'inc', 1, 48, 1557913529, 'lina在2019-05-15 17:45添加了微博评论：8【积分：+1分】', 'weibo_comment', 8),
(42, 101, 3232235929, 1, 'inc', 2, 50, 1557914850, 'lina在2019-05-15 18:07发布了新微博：28【积分：+2分】', 'weibo', 28),
(43, 101, 3232235929, 1, 'inc', 10, 60, 1557971014, 'lina在2019-05-16 09:43登录了账号【积分：+10分】', 'member', 101),
(44, 1, 3232235844, 1, 'inc', 10, 90, 1557976697, '肥丿肥在2019-05-16 11:18登录了账号【积分：+10分】', 'member', 1),
(45, 1, 3232235929, 1, 'inc', 2, 92, 1557991522, '肥丿肥在2019-05-16 15:25发布了新微博：29【积分：+2分】', 'weibo', 29),
(46, 1, 3232235929, 1, 'inc', 1, 93, 1557991552, '肥丿肥在2019-05-16 15:25添加了微博评论：9【积分：+1分】', 'weibo_comment', 9),
(47, 1, 3232235929, 1, 'inc', 1, 94, 1557991606, '肥丿肥在2019-05-16 15:26添加了微博评论：10【积分：+1分】', 'weibo_comment', 10),
(48, 1, 3232235929, 1, 'inc', 2, 96, 1557991662, '肥丿肥在2019-05-16 15:27发布了新微博：30【积分：+2分】', 'weibo', 30),
(49, 1, 3232235929, 1, 'inc', 1, 97, 1557991671, '肥丿肥在2019-05-16 15:27添加了微博评论：11【积分：+1分】', 'weibo_comment', 11),
(50, 1, 3232235929, 1, 'inc', 1, 98, 1557991686, '肥丿肥在2019-05-16 15:28添加了微博评论：12【积分：+1分】', 'weibo_comment', 12),
(51, 1, 3232235929, 1, 'inc', 2, 100, 1557991961, '肥丿肥在2019-05-16 15:32发布了新微博：31【积分：+2分】', 'weibo', 31),
(52, 1, 3232235929, 1, 'inc', 1, 101, 1557991976, '肥丿肥在2019-05-16 15:32添加了微博评论：13【积分：+1分】', 'weibo_comment', 13),
(53, 1, 3232235929, 1, 'inc', 2, 103, 1557992033, '肥丿肥在2019-05-16 15:33发布了新微博：32【积分：+2分】', 'weibo', 32),
(54, 1, 3232235929, 1, 'inc', 2, 105, 1557992699, '肥丿肥在2019-05-16 15:44发布了新微博：33【积分：+2分】', 'weibo', 33),
(55, 1, 3232235929, 1, 'inc', 2, 107, 1557993567, '肥丿肥在2019-05-16 15:59发布了新微博：34【积分：+2分】', 'weibo', 34),
(56, 1, 3232235929, 1, 'inc', 2, 109, 1557993674, '肥丿肥在2019-05-16 16:01发布了新微博：35【积分：+2分】', 'weibo', 35),
(57, 1, 3232235929, 1, 'inc', 2, 111, 1557996186, '肥丿肥在2019-05-16 16:43发布了新微博：36【积分：+2分】', 'weibo', 36),
(58, 1, 3232235929, 1, 'inc', 2, 113, 1557996263, '肥丿肥在2019-05-16 16:44发布了新微博：37【积分：+2分】', 'weibo', 37),
(59, 1, 3232235929, 1, 'inc', 2, 115, 1557996442, '肥丿肥在2019-05-16 16:47发布了新微博：38【积分：+2分】', 'weibo', 38),
(60, 1, 3232235929, 1, 'inc', 2, 117, 1557996551, '肥丿肥在2019-05-16 16:49发布了新微博：39【积分：+2分】', 'weibo', 39),
(61, 1, 3232235929, 1, 'inc', 2, 119, 1557996700, '肥丿肥在2019-05-16 16:51发布了新微博：40【积分：+2分】', 'weibo', 40),
(62, 101, 3232235929, 1, 'inc', 2, 62, 1557998285, 'Alina在2019-05-16 17:18发布了新微博：41【积分：+2分】', 'weibo', 41),
(63, 1, 3232235929, 1, 'inc', 2, 121, 1558062203, '肥丿肥在2019-05-17 11:03发布了新微博：42【积分：+2分】', 'weibo', 42),
(64, 101, 3232235929, 1, 'inc', 10, 72, 1558064491, 'Alina在2019-05-17 11:41登录了账号【积分：+10分】', 'member', 101),
(65, 1, 3232235826, 1, 'inc', 10, 131, 1558069999, '肥丿肥在2019-05-17 13:13登录了账号【积分：+10分】', 'member', 1),
(66, 102, 3232235819, 1, 'inc', 10, 10, 1558077315, '阿涛在2019-05-17 15:15登录了账号【积分：+10分】', 'member', 102),
(67, 102, 3232235819, 1, 'inc', 2, 12, 1558077451, '阿涛在2019-05-17 15:17发布了新微博：43【积分：+2分】', 'weibo', 43),
(68, 103, 3232235929, 1, 'inc', 10, 10, 1558077513, '囡囡在2019-05-17 15:18登录了账号【积分：+10分】', 'member', 103),
(69, 103, 3232235929, 1, 'inc', 2, 12, 1558077605, '囡囡在2019-05-17 15:20发布了新微博：44【积分：+2分】', 'weibo', 44),
(70, 104, 3232235929, 1, 'inc', 10, 10, 1558077685, '欢子在2019-05-17 15:21登录了账号【积分：+10分】', 'member', 104),
(71, 104, 3232235929, 1, 'inc', 2, 12, 1558077724, '欢子在2019-05-17 15:22发布了新微博：45【积分：+2分】', 'weibo', 45),
(72, 105, 3232235929, 1, 'inc', 10, 10, 1558077773, '强子在2019-05-17 15:22登录了账号【积分：+10分】', 'member', 105),
(73, 105, 3232235929, 1, 'inc', 2, 12, 1558077842, '强子在2019-05-17 15:24发布了新微博：46【积分：+2分】', 'weibo', 46),
(74, 106, 3232235929, 1, 'inc', 10, 10, 1558077880, '阿俊在2019-05-17 15:24登录了账号【积分：+10分】', 'member', 106),
(75, 106, 3232235929, 1, 'inc', 2, 12, 1558078051, '阿俊在2019-05-17 15:27发布了新微博：47【积分：+2分】', 'weibo', 47),
(76, 107, 3232235929, 1, 'inc', 10, 10, 1558078092, '小敏在2019-05-17 15:28登录了账号【积分：+10分】', 'member', 107),
(77, 107, 3232235929, 1, 'inc', 2, 12, 1558078171, '小敏在2019-05-17 15:29发布了新微博：48【积分：+2分】', 'weibo', 48),
(78, 106, 3232235929, 1, 'inc', 2, 14, 1558148265, '阿俊在2019-05-18 10:57发布了新微博：49【积分：+2分】', 'weibo', 49),
(79, 101, 3232235792, 1, 'inc', 1, 73, 1558149395, 'Alina在2019-05-18 11:16添加了微博评论：14【积分：+1分】', 'weibo_comment', 14),
(80, 106, 3232235929, 1, 'inc', 2, 16, 1558149463, '阿俊在2019-05-18 11:17发布了新微博：50【积分：+2分】', 'weibo', 50),
(81, 106, 3232235929, 1, 'inc', 2, 18, 1558149566, '阿俊在2019-05-18 11:19发布了新微博：51【积分：+2分】', 'weibo', 51),
(82, 1, 3232235844, 1, 'inc', 10, 141, 1558161231, '肥丿肥在2019-05-18 14:33登录了账号【积分：+10分】', 'member', 1),
(83, 106, 3232235929, 1, 'inc', 1, 19, 1558164088, '阿俊在2019-05-18 15:21添加了微博评论：15【积分：+1分】', 'weibo_comment', 15),
(84, 106, 3232235929, 1, 'inc', 2, 21, 1558164105, '阿俊在2019-05-18 15:21发布了新微博：52【积分：+2分】', 'weibo', 52),
(85, 106, 3232235929, 1, 'inc', 1, 22, 1558164134, '阿俊在2019-05-18 15:22添加了微博评论：16【积分：+1分】', 'weibo_comment', 16),
(86, 106, 3232235929, 1, 'inc', 1, 23, 1558166174, '阿俊在2019-05-18 15:56添加了微博评论：17【积分：+1分】', 'weibo_comment', 17),
(87, 106, 3232235929, 1, 'inc', 10, 33, 1558167029, '阿俊在2019-05-18 16:10登录了账号【积分：+10分】', 'member', 106),
(88, 1, 3232235843, 1, 'inc', 10, 151, 1558315580, '肥丿肥在2019-05-20 09:26登录了账号【积分：+10分】', 'member', 1),
(89, 106, 3232235929, 1, 'inc', 10, 43, 1558315687, '阿俊在2019-05-20 09:28登录了账号【积分：+10分】', 'member', 106),
(90, 106, 3232235929, 1, 'inc', 1, 44, 1558321100, '阿俊在2019-05-20 10:58添加了微博评论：18【积分：+1分】', 'weibo_comment', 18),
(91, 106, 3232235929, 1, 'inc', 2, 46, 1558321204, '阿俊在2019-05-20 11:00发布了新微博：53【积分：+2分】', 'weibo', 53),
(92, 108, 3232235803, 1, 'inc', 10, 10, 1558331683, '111111在2019-05-20 13:54登录了账号【积分：+10分】', 'member', 108),
(93, 108, 3232235803, 1, 'dec', 10, 0, 1558332492, '', '', 0),
(94, 108, 3232235803, 1, 'inc', 2, 2, 1558333078, '111111在2019-05-20 14:17发布了新微博：54【积分：+2分】', 'weibo', 54),
(95, 108, 3232235803, 1, 'inc', 1, 3, 1558333078, '111111在2019-05-20 14:17添加了微博评论：19【积分：+1分】', 'weibo_comment', 19),
(96, 108, 3232235803, 1, 'inc', 2, 5, 1558333216, '111111在2019-05-20 14:20发布了新微博：55【积分：+2分】', 'weibo', 55),
(97, 108, 3232235803, 1, 'inc', 1, 6, 1558334158, '111111在2019-05-20 14:35添加了微博评论：20【积分：+1分】', 'weibo_comment', 20),
(98, 108, 3232235803, 1, 'inc', 1, 7, 1558334226, '111111在2019-05-20 14:37添加了微博评论：21【积分：+1分】', 'weibo_comment', 21),
(99, 108, 3232235803, 1, 'inc', 1, 8, 1558334242, '111111在2019-05-20 14:37添加了微博评论：22【积分：+1分】', 'weibo_comment', 22),
(100, 108, 3232235803, 1, 'inc', 1, 9, 1558334287, '111111在2019-05-20 14:38添加了微博评论：23【积分：+1分】', 'weibo_comment', 23),
(101, 108, 3232235803, 1, 'inc', 1, 10, 1558334343, '111111在2019-05-20 14:39添加了微博评论：24【积分：+1分】', 'weibo_comment', 24),
(102, 106, 3232235929, 1, 'inc', 1, 47, 1558334401, '阿俊在2019-05-20 14:40添加了微博评论：25【积分：+1分】', 'weibo_comment', 25),
(103, 106, 3232235929, 1, 'inc', 1, 48, 1558334420, '阿俊在2019-05-20 14:40添加了微博评论：26【积分：+1分】', 'weibo_comment', 26),
(104, 106, 3232235929, 1, 'inc', 1, 49, 1558334555, '阿俊在2019-05-20 14:42添加了微博评论：27【积分：+1分】', 'weibo_comment', 27),
(105, 106, 3232235929, 1, 'inc', 1, 50, 1558334569, '阿俊在2019-05-20 14:42添加了微博评论：28【积分：+1分】', 'weibo_comment', 28),
(106, 106, 3232235929, 1, 'inc', 1, 51, 1558334590, '阿俊在2019-05-20 14:43添加了微博评论：29【积分：+1分】', 'weibo_comment', 29),
(107, 106, 3232235929, 1, 'inc', 1, 52, 1558334616, '阿俊在2019-05-20 14:43添加了微博评论：30【积分：+1分】', 'weibo_comment', 30),
(108, 106, 3232235929, 1, 'inc', 1, 53, 1558334630, '阿俊在2019-05-20 14:43添加了微博评论：31【积分：+1分】', 'weibo_comment', 31),
(109, 106, 3232235929, 1, 'inc', 1, 54, 1558334735, '阿俊在2019-05-20 14:45添加了微博评论：32【积分：+1分】', 'weibo_comment', 32),
(110, 106, 3232235929, 1, 'inc', 1, 55, 1558334753, '阿俊在2019-05-20 14:45添加了微博评论：33【积分：+1分】', 'weibo_comment', 33),
(111, 106, 3232235810, 1, 'inc', 1, 56, 1558334838, '阿俊在2019-05-20 14:47添加了微博评论：34【积分：+1分】', 'weibo_comment', 34),
(112, 106, 3232235810, 1, 'inc', 1, 57, 1558335164, '阿俊在2019-05-20 14:52添加了微博评论：35【积分：+1分】', 'weibo_comment', 35),
(113, 106, 3232235810, 1, 'inc', 1, 58, 1558335214, '阿俊在2019-05-20 14:53添加了微博评论：36【积分：+1分】', 'weibo_comment', 36),
(114, 106, 3232235929, 1, 'inc', 1, 59, 1558335577, '阿俊在2019-05-20 14:59添加了微博评论：37【积分：+1分】', 'weibo_comment', 37),
(115, 106, 3232235929, 1, 'inc', 1, 60, 1558335686, '阿俊在2019-05-20 15:01添加了微博评论：38【积分：+1分】', 'weibo_comment', 38),
(116, 106, 3232235810, 1, 'inc', 1, 61, 1558335981, '阿俊在2019-05-20 15:06添加了微博评论：39【积分：+1分】', 'weibo_comment', 39),
(117, 106, 3232235810, 1, 'inc', 1, 62, 1558336100, '阿俊在2019-05-20 15:08添加了微博评论：40【积分：+1分】', 'weibo_comment', 40),
(118, 106, 3232235810, 1, 'inc', 1, 63, 1558336244, '阿俊在2019-05-20 15:10添加了微博评论：41【积分：+1分】', 'weibo_comment', 41),
(119, 106, 3232235810, 1, 'inc', 1, 64, 1558336598, '阿俊在2019-05-20 15:16添加了微博评论：42【积分：+1分】', 'weibo_comment', 42),
(120, 106, 3232235929, 1, 'inc', 1, 65, 1558337202, '阿俊在2019-05-20 15:26添加了微博评论：43【积分：+1分】', 'weibo_comment', 43),
(121, 106, 3232235929, 1, 'inc', 1, 66, 1558337849, '阿俊在2019-05-20 15:37添加了微博评论：44【积分：+1分】', 'weibo_comment', 44),
(122, 106, 3232235929, 1, 'inc', 1, 67, 1558337885, '阿俊在2019-05-20 15:38添加了微博评论：45【积分：+1分】', 'weibo_comment', 45),
(123, 106, 3232235810, 1, 'inc', 1, 68, 1558337895, '阿俊在2019-05-20 15:38添加了微博评论：46【积分：+1分】', 'weibo_comment', 46),
(124, 101, 3232235929, 1, 'inc', 10, 83, 1558342874, 'Alina在2019-05-20 17:01登录了账号【积分：+10分】', 'member', 101),
(125, 106, 3232235799, 1, 'inc', 10, 78, 1558428912, '阿俊在2019-05-21 16:55登录了账号【积分：+10分】', 'member', 106),
(126, 106, 3232235799, 1, 'inc', 10, 88, 1558576957, '阿俊在2019-05-23 10:02登录了账号【积分：+10分】', 'member', 106);

-- --------------------------------------------------------

--
-- 表的结构 `ocenter_send_sms_log`
--

CREATE TABLE IF NOT EXISTS `ocenter_send_sms_log` (
  `id` int(11) NOT NULL,
  `mobile` varchar(15) NOT NULL,
  `content` text NOT NULL COMMENT '发送信息',
  `return` text NOT NULL COMMENT '接口返回数据',
  `type` varchar(32) NOT NULL COMMENT '判别发送客户端类型',
  `status` tinyint(3) NOT NULL DEFAULT '1',
  `create_time` int(11) NOT NULL
) ENGINE=MyISAM AUTO_INCREMENT=2 DEFAULT CHARSET=utf8;

-- --------------------------------------------------------

--
-- 表的结构 `ocenter_sensitive`
--

CREATE TABLE IF NOT EXISTS `ocenter_sensitive` (
  `id` int(11) NOT NULL,
  `title` varchar(50) NOT NULL,
  `status` tinyint(4) NOT NULL,
  `create_time` int(11) NOT NULL
) ENGINE=MyISAM DEFAULT CHARSET=utf8;

-- --------------------------------------------------------

--
-- 表的结构 `ocenter_seo_rule`
--

CREATE TABLE IF NOT EXISTS `ocenter_seo_rule` (
  `id` int(11) NOT NULL,
  `title` text NOT NULL,
  `app` varchar(40) NOT NULL,
  `controller` varchar(40) NOT NULL,
  `action` varchar(40) NOT NULL,
  `status` tinyint(4) NOT NULL,
  `seo_keywords` text NOT NULL,
  `seo_description` text NOT NULL,
  `seo_title` text NOT NULL,
  `sort` int(11) NOT NULL,
  `summary` varchar(500) NOT NULL COMMENT 'seo变量介绍'
) ENGINE=MyISAM AUTO_INCREMENT=10000 DEFAULT CHARSET=utf8;

--
-- 转存表中的数据 `ocenter_seo_rule`
--

INSERT INTO `ocenter_seo_rule` (`id`, `title`, `app`, `controller`, `action`, `status`, `seo_keywords`, `seo_description`, `seo_title`, `sort`, `summary`) VALUES
(1000, '整站标题', '', '', '', 1, '', '', '', 7, '-'),
(1001, '用户中心', 'Ucenter', 'index', 'index', 1, '{$user_info.username|text}的个人主页', '{$user_info.username|text}的个人主页', '{$user_info.nickname|op_t}的个人主页', 3, '-'),
(1002, '网站首页', 'Home', 'Index', 'index', 1, '', '', '', 0, '-'),
(1003, '积分商城首页', 'Shop', 'Index', 'index', 1, '', '', '', 0, '-'),
(1004, '商品列表', 'Shop', 'Index', 'goods', 1, '', '', '', 0, 'category_name：当前分类名\nchild_category_name：子分类名'),
(1005, '商品详情', 'Shop', 'Index', 'goodsdetail', 1, '', '', '', 0, 'content：商品变量集\n   content.goods_name 商品名\n   content.goods_introduct 商品简介\n   content.goods_detail 商品详情'),
(1006, '活动主页', 'Event', 'Index', 'index', 1, '', '', '', 0, '-'),
(1007, '活动详情', 'Event', 'Index', 'detail', 1, '', '', '', 0, 'content：活动变量集\n   content.title 活动名称\n   content.type.title 活动分类名\n   content.user.nickname 发起人昵称\n   content.address 活动地点\n   content.limitCount 人数限制'),
(1008, '活动成员', 'Event', 'Index', 'member', 1, '', '', '', 0, '-'),
(1009, '专辑首页', 'Issue', 'Index', 'index', 1, '', '', '', 0, '-'),
(1010, '专辑详情', 'Issue', 'Index', 'issuecontentdetail', 1, '', '', '', 0, 'content：专辑内容变量集\n   content.user.nickname 内容发布者昵称\n   content.user.signature 内容发布者签名\n   content.url 内容的Url\n   content.title 内容标题\n   content.create_time|friendlyDate 发布时间\n   content.update_time|friendlyDate 更新时间'),
(1011, '论坛主页', 'Forum', 'Index', 'index', 1, '', '', '', 0, '-'),
(1012, '某个版块的帖子列表', 'Forum', 'Index', 'forum', 1, '', '', '', 0, 'forum：版块变量集\n   forum.description 版块描述\n   forum.title 版块名称\n   forum.topic_count 主题数\n   forum.total_count 帖子数'),
(1013, '帖子详情', 'Forum', 'Index', 'detail', 1, '', '', '', 0, 'post：帖子变量集\n   post.title 帖子标题\n   post.content 帖子详情\n   post.forum.title 帖子所在版块标题\n   '),
(1014, '搜索帖子', 'Forum', 'Index', 'search', 1, '', '', '', 0, 'keywords：搜索的关键词，2.4.0以后版本提供'),
(1015, '随便看看', 'Forum', 'Index', 'look', 1, '', '', '', 0, '-'),
(1016, '全部版块', 'Forum', 'Index', 'lists', 1, '', '', '', 0, '-'),
(1017, '资讯首页/某个分类下的文章列表', 'News', 'Index', 'index', 1, '', '', '', 0, 'now_category.title 当前分类的名称'),
(1018, '某篇文章的内容页', 'News', 'Index', 'detail', 1, '', '', '', 0, 'now_category.title 当前分类的名称\ninfo：文章变量集\n   info.title 文章标题\n   info.description 文章摘要\n   info.source 文章来源\n   info.detail.content 文章内容\nauthor.nickname 作者昵称\nauthor.signature 作者签名\n   '),
(1019, '微博首页', 'Weibo', 'Index', 'index', 1, '{$MODULE_ALIAS}', '{$MODULE_ALIAS}首页', '{$MODULE_ALIAS}-{$website_name}', 0, 'title：我关注的、热门微博、全站关注'),
(1020, '某条微博的详情页', 'Weibo', 'Index', 'weibodetail', 1, '{$weibo.title|text},{$website_name},{$MODULE_ALIAS}', '{$weibo.content|text}', '{$weibo.content|text}——{$MODULE_ALIAS}', 0, 'weibo:微博变量集\n   weibo.user.nickname 发布者昵称\n   weibo.content 微博内容'),
(1021, '微博搜索页面', 'Weibo', 'Index', 'search', 1, '', '', '', 0, 'search_keywords：搜索关键词'),
(1022, '热门话题列表', 'Weibo', 'Topic', 'topic', 1, '', '', '', 0, '-'),
(1023, '某个话题的话题页', 'Weibo', 'Topic', 'index', 1, '', '', '', 0, 'topic：话题变量集\n   topic.name 话题名称\nhost：话题主持人变量集\n   host.nickname 主持人昵称'),
(1024, '自动跳转到我的群组', 'Group', 'Index', 'index', 1, '', '', '', 0, '-'),
(1025, '全部群组', 'Group', 'Index', 'groups', 1, '', '', '', 0, '-'),
(1026, '我的群组-帖子列表', 'Group', 'Index', 'my', 1, '', '', '', 0, '-'),
(1027, '我的群组-全部关注的群组列表', 'Group', 'Index', 'mygroup', 1, '', '', '', 0, '-'),
(1028, '某个群组的帖子列表页面', 'Group', 'Index', 'group', 1, '', '', '', 0, 'search_key：如果查找帖子，则是关键词\ngroup：群组变量集\n   group.title 群组标题\n   group.user.nickname 创始人昵称\n   group.member_count 群组人数'),
(1029, '某篇帖子的内容页', 'Group', 'Index', 'detail', 1, '', '', '', 0, 'group：群组变量集\n   group.title 群组标题\n   group.user.nickname 创始人昵称\n   group.member_count 群组人数\npost：帖子变量集\n   post.title 帖子标题\n   post.content 帖子内容'),
(1030, '创建群组', 'Group', 'Index', 'create', 1, '', '', '', 0, '-'),
(1031, '发现', 'Group', 'Index', 'discover', 1, '', '', '', 0, '-'),
(1032, '精选', 'Group', 'Index', 'select', 1, '', '', '', 0, '-'),
(1033, '找人首页', 'People', 'Index', 'index', 1, '{$MODULE_ALIAS}', '{$MODULE_ALIAS}', '{$MODULE_ALIAS}', 0, '-'),
(1034, '微店首页', 'Store', 'Index', 'index', 1, '', '', '', 0, '-'),
(1035, '某个分类下的商品列表页', 'Store', 'Index', 'li', 1, '', '', '', 0, 'type：当前分类变量集\n   type.title 分类名称'),
(1036, '搜索商品列表页', 'Store', 'Index', 'search', 1, '', '', '', 0, 'searchKey：搜索关键词'),
(1037, '单个商品的详情页', 'Store', 'Index', 'info', 1, '', '', '', 0, 'info：商品变量集\n   info.title 商品标题\n   info.des 商品描述\n   info.shop：店铺变量集\n       info.shop.title 店铺名称\n       info.shop.summary 店铺简介\n       info.shop.position 店铺所在地\n       info.shop.user.nickname 店主昵称'),
(1038, '店铺街', 'Store', 'Index', 'lists', 1, '', '', '', 0, '-'),
(1039, '某个店铺的首页', 'Store', 'Shop', 'detail', 1, '', '', '', 0, 'shop：店铺变量集\n   shop.title 店铺名称\n   shop.summary 店铺简介\n   shop.position 店铺所在地\n   shop.user.nickname 店主昵称'),
(1040, '某个店铺下的商品列表页', 'Store', 'Shop', 'goods', 1, '', '', '', 0, 'shop：店铺变量集\n   shop.title 店铺名称\n   shop.summary 店铺简介\n   shop.position 店铺所在地\n   shop.user.nickname 店主昵称'),
(1041, '分类信息首页', 'Cat', 'Index', 'index', 1, '', '', '', 0, '-'),
(1042, '某个模型下的列表页', 'Cat', 'Index', 'li', 1, '', '', '', 0, 'entity：当前模型变量集\n   entity.alias 模型名'),
(1043, '某条信息的详情页', 'Cat', 'Index', 'info', 1, '', '', '', 0, 'entity：当前模型变量集\n   entity.alias 模型名\ninfo：当前信息\n   info.title 信息名称\nuser.nickname 发布者昵称'),
(1044, '待回答页面', 'Question', 'Index', 'waitanswer', 1, '', '', '', 0, '-'),
(1045, '热门问题', 'Question', 'Index', 'goodquestion', 1, '', '', '', 0, '-'),
(1046, '我的回答', 'Question', 'Index', 'myquestion', 1, '', '', '', 0, '-'),
(1047, '全部问题', 'Question', 'Index', 'questions', 1, '', '', '', 0, '-'),
(1048, '详情', 'Question', 'Index', 'detail', 1, '', '', '', 0, 'question：问题变量集\n   question.title 问题标题\n   question.description 问题描述\n   question.answer_num 回答数\nbest_answer：最佳回答\n   best_answer.content 最佳答案内容');

-- --------------------------------------------------------

--
-- 表的结构 `ocenter_session`
--

CREATE TABLE IF NOT EXISTS `ocenter_session` (
  `session_id` varchar(225) NOT NULL,
  `session_expire` int(11) NOT NULL,
  `session_data` text NOT NULL
) ENGINE=MyISAM DEFAULT CHARSET=utf8;

--
-- 转存表中的数据 `ocenter_session`
--

INSERT INTO `ocenter_session` (`session_id`, `session_expire`, `session_data`) VALUES
('3jknjvutqf6ffhh04v7fohi625', 1558577558, 'opensns|a:3:{s:9:"user_auth";a:5:{s:3:"uid";s:3:"106";s:8:"username";s:0:"";s:15:"last_login_time";s:10:"1558429645";s:7:"role_id";s:1:"1";s:5:"audit";s:1:"1";}s:14:"user_auth_sign";s:40:"03b46d71de6b073b6cf3e45962a18ddd9e5185db";s:15:"_AUTH_LIST_1061";a:14:{i:0;s:20:"ucenter/attest/apply";i:1;s:19:"forum/index/addpost";i:2;s:19:"forum/index/doreply";i:3;s:24:"forum/lzl/dosendlzlreply";i:4;s:19:"weibo/topic/beadmin";i:5;s:21:"weibo/index/docomment";i:6;s:18:"weibo/index/dosend";i:7;s:24:"weibo/index/dosendrepost";i:8;s:21:"weibo/index/editweibo";i:9;s:11:"deletealbum";i:10;s:11:"deletephoto";i:11;s:19:"question/answer/add";i:12;s:18:"question/index/add";i:13;s:15:"addissuecontent";}}');

-- --------------------------------------------------------

--
-- 表的结构 `ocenter_sso_app`
--

CREATE TABLE IF NOT EXISTS `ocenter_sso_app` (
  `id` int(11) NOT NULL,
  `title` varchar(50) NOT NULL,
  `url` varchar(255) NOT NULL,
  `path` varchar(255) NOT NULL,
  `status` tinyint(4) NOT NULL,
  `create_time` int(11) NOT NULL,
  `config` text NOT NULL
) ENGINE=MyISAM DEFAULT CHARSET=utf8;

-- --------------------------------------------------------

--
-- 表的结构 `ocenter_stamp`
--

CREATE TABLE IF NOT EXISTS `ocenter_stamp` (
  `id` int(11) NOT NULL COMMENT '图章ID',
  `title` varchar(32) NOT NULL COMMENT '图章名称',
  `pic` int(11) NOT NULL COMMENT '图章图片',
  `type` varchar(32) NOT NULL COMMENT '图章类型 是否为系统自带',
  `create_time` int(11) NOT NULL,
  `status` tinyint(4) NOT NULL
) ENGINE=InnoDB AUTO_INCREMENT=13 DEFAULT CHARSET=utf8 COMMENT='图章表';

--
-- 转存表中的数据 `ocenter_stamp`
--

INSERT INTO `ocenter_stamp` (`id`, `title`, `pic`, `type`, `create_time`, `status`) VALUES
(1, '爆料', 1, 'system', 1488855181, 1),
(2, '灌水', 2, 'system', 1488855201, 1),
(3, '精华', 3, 'system', 1488855213, 1),
(4, '美图', 4, 'system', 1488855213, 1),
(5, '通过', 5, 'system', 1488855213, 1),
(6, '圈主推荐', 6, 'system', 1488855213, 1),
(7, '推荐', 7, 'system', 1488855213, 1),
(8, '优秀', 8, 'system', 1488855213, 1),
(9, '解决', 9, 'system', 1488855213, 1),
(10, '采纳', 10, 'system', 1488855213, 1),
(11, '已阅', 11, 'system', 1488855213, 1),
(12, '原创', 12, 'system', 1488855213, 1);

-- --------------------------------------------------------

--
-- 表的结构 `ocenter_stamp_weibo`
--

CREATE TABLE IF NOT EXISTS `ocenter_stamp_weibo` (
  `weibo_id` int(11) NOT NULL COMMENT '微博ID',
  `stamp_id` int(11) NOT NULL COMMENT '图章ID',
  `create_time` int(11) NOT NULL,
  `status` tinyint(4) NOT NULL
) ENGINE=InnoDB DEFAULT CHARSET=utf8;

-- --------------------------------------------------------

--
-- 表的结构 `ocenter_store_order_car`
--

CREATE TABLE IF NOT EXISTS `ocenter_store_order_car` (
  `id` bigint(20) NOT NULL,
  `create_time` int(18) NOT NULL,
  `uid` int(11) NOT NULL,
  `goods_id` int(11) DEFAULT NULL COMMENT '商品的id',
  `count` float NOT NULL DEFAULT '0' COMMENT '商品数',
  `collection` int(5) NOT NULL DEFAULT '0' COMMENT '是否收藏过'
) ENGINE=MyISAM AUTO_INCREMENT=236 DEFAULT CHARSET=utf8 ROW_FORMAT=DYNAMIC COMMENT='订单表';

-- --------------------------------------------------------

--
-- 表的结构 `ocenter_store_trans`
--

CREATE TABLE IF NOT EXISTS `ocenter_store_trans` (
  `id` int(11) NOT NULL,
  `uid` int(11) NOT NULL,
  `create_time` int(18) NOT NULL,
  `update_time` int(18) NOT NULL,
  `status` tinyint(2) NOT NULL,
  `is_default` tinyint(2) NOT NULL,
  `phone` varchar(15) NOT NULL,
  `zip_code` varchar(10) NOT NULL,
  `contact` varchar(20) NOT NULL,
  `address` varchar(100) NOT NULL
) ENGINE=MyISAM DEFAULT CHARSET=utf8 COMMENT='用于记录买家的配送地址信息';

-- --------------------------------------------------------

--
-- 表的结构 `ocenter_super_links`
--

CREATE TABLE IF NOT EXISTS `ocenter_super_links` (
  `id` int(11) unsigned NOT NULL COMMENT '主键',
  `type` int(1) NOT NULL DEFAULT '1' COMMENT '类别（1：图片，2：普通）',
  `title` char(80) NOT NULL DEFAULT '' COMMENT '站点名称',
  `cover_id` int(10) NOT NULL COMMENT '图片ID',
  `link` char(140) NOT NULL DEFAULT '' COMMENT '链接地址',
  `level` int(3) unsigned NOT NULL DEFAULT '0' COMMENT '优先级',
  `status` tinyint(2) NOT NULL DEFAULT '1' COMMENT '状态（0：禁用，1：正常）',
  `create_time` int(11) unsigned NOT NULL DEFAULT '0' COMMENT '添加时间'
) ENGINE=MyISAM AUTO_INCREMENT=6 DEFAULT CHARSET=utf8 ROW_FORMAT=DYNAMIC COMMENT='友情连接表';

--
-- 转存表中的数据 `ocenter_super_links`
--

INSERT INTO `ocenter_super_links` (`id`, `type`, `title`, `cover_id`, `link`, `level`, `status`, `create_time`) VALUES
(4, 2, '大德信息', 0, 'http://192.168.1.210/', 0, 1, 1558333151),
(5, 2, '和行无限', 0, 'http://192.168.1.210', 0, 1, 1558333269);

-- --------------------------------------------------------

--
-- 表的结构 `ocenter_support`
--

CREATE TABLE IF NOT EXISTS `ocenter_support` (
  `id` int(11) NOT NULL,
  `appname` varchar(20) NOT NULL COMMENT '应用名',
  `row` int(11) NOT NULL COMMENT '应用标识',
  `uid` int(11) NOT NULL COMMENT '用户',
  `create_time` int(11) NOT NULL COMMENT '发布时间',
  `table` varchar(20) NOT NULL
) ENGINE=MyISAM AUTO_INCREMENT=251 DEFAULT CHARSET=utf8 COMMENT='支持的表';

--
-- 转存表中的数据 `ocenter_support`
--

INSERT INTO `ocenter_support` (`id`, `appname`, `row`, `uid`, `create_time`, `table`) VALUES
(1, 'Weibo', 1, 1, 1555920705, 'weibo'),
(2, 'Weibo', 5, 1, 1556181560, 'weibo'),
(4, 'Weibo', 14, 101, 1557799965, 'weibo'),
(5, 'Weibo', 3, 101, 1557800037, 'weibo_comment'),
(6, 'Weibo', 19, 101, 1557801437, 'weibo'),
(7, 'Weibo', 20, 1, 1557801524, 'weibo'),
(8, 'Weibo', 24, 101, 1557802450, 'weibo'),
(11, 'Weibo', 26, 101, 1557823093, 'weibo'),
(15, 'Weibo', 27, 101, 1557913924, 'weibo'),
(16, '', 0, 101, 1557913935, ''),
(43, 'Home', 21, 101, 1557975110, 'weibo'),
(50, 'Weibo', 29, 1, 1557991527, 'weibo'),
(51, 'Weibo', 30, 1, 1557991713, 'weibo'),
(52, 'Weibo', 31, 1, 1557991966, 'weibo'),
(53, 'Weibo', 32, 1, 1557992035, 'weibo'),
(54, 'Weibo', 33, 1, 1557992702, 'weibo'),
(55, 'Weibo', 34, 1, 1557993575, 'weibo'),
(56, 'Weibo', 35, 1, 1557993676, 'weibo'),
(57, 'Weibo', 36, 1, 1557996189, 'weibo'),
(58, 'Weibo', 37, 1, 1557996265, 'weibo'),
(59, 'Weibo', 38, 1, 1557996444, 'weibo'),
(60, 'Weibo', 39, 1, 1557996554, 'weibo'),
(61, 'Weibo', 40, 1, 1557996703, 'weibo'),
(62, 'Album', 9, 101, 1557997079, 'album'),
(63, 'Weibo', 41, 101, 1557998295, 'weibo'),
(66, 'Home', 40, 1, 1558058876, 'weibo'),
(71, 'Home', 41, 106, 1558147726, 'weibo'),
(235, 'Weibo', 48, 106, 1558173469, 'weibo'),
(76, 'Home', 40, 106, 1558148852, 'weibo'),
(105, 'Weibo', 31, 106, 1558162007, 'weibo'),
(78, 'Weibo', 3, 106, 1558152065, 'weibo_comment'),
(79, 'Weibo', 27, 106, 1558156068, 'weibo'),
(124, 'Home', 51, 106, 1558163194, 'weibo'),
(130, 'Weibo', 51, 106, 1558164650, 'weibo'),
(131, 'Weibo', 52, 106, 1558164695, 'weibo'),
(147, 'Weibo', 44, 106, 1558168426, 'weibo'),
(201, 'Weibo', 45, 106, 1558170709, 'weibo'),
(241, 'Weibo', 49, 106, 1558316120, 'weibo'),
(138, 'Weibo', 34, 106, 1558166331, 'weibo'),
(248, 'Weibo', 47, 106, 1558323768, 'weibo'),
(239, 'Weibo', 46, 106, 1558315839, 'weibo'),
(187, 'Home', 43, 106, 1558170280, 'weibo'),
(192, 'Home', 50, 1, 1558170300, 'weibo'),
(191, 'Home', 50, 106, 1558170299, 'weibo'),
(246, 'Weibo', 50, 106, 1558321155, 'weibo'),
(240, 'Weibo', 43, 106, 1558315853, 'weibo'),
(244, 'Weibo', 0, 106, 1558320115, 'weibo'),
(247, 'Weibo', 53, 106, 1558322881, 'weibo'),
(250, 'Weibo', 55, 108, 1558334603, 'weibo');

-- --------------------------------------------------------

--
-- 表的结构 `ocenter_sync_login`
--

CREATE TABLE IF NOT EXISTS `ocenter_sync_login` (
  `id` int(11) NOT NULL,
  `uid` int(11) NOT NULL,
  `type_uid` varchar(255) NOT NULL,
  `type` varchar(255) NOT NULL,
  `oauth_token` varchar(255) NOT NULL,
  `oauth_token_secret` varchar(255) NOT NULL,
  `is_sync` tinyint(4) NOT NULL
) ENGINE=MyISAM DEFAULT CHARSET=utf8;

-- --------------------------------------------------------

--
-- 表的结构 `ocenter_talk`
--

CREATE TABLE IF NOT EXISTS `ocenter_talk` (
  `id` int(11) NOT NULL,
  `create_time` int(11) NOT NULL,
  `uids` varchar(100) NOT NULL,
  `update_time` int(11) NOT NULL,
  `status` tinyint(4) NOT NULL,
  `title` varchar(50) NOT NULL
) ENGINE=MyISAM AUTO_INCREMENT=5 DEFAULT CHARSET=utf8 COMMENT='会话表';

--
-- 转存表中的数据 `ocenter_talk`
--

INSERT INTO `ocenter_talk` (`id`, `create_time`, `uids`, `update_time`, `status`, `title`) VALUES
(1, 1555921148, '[1],[1]', 1555921148, 1, 'admin 和 admin的聊天'),
(2, 1558333397, '[1],[108]', 1558333412, 1, '111111 和 肥丿肥的聊天'),
(3, 1558333914, '[105],[108]', 1558333914, 1, '111111 和 强子的聊天'),
(4, 1558334521, '[106],[108]', 1558334521, 1, '111111 和 阿俊的聊天');

-- --------------------------------------------------------

--
-- 表的结构 `ocenter_talk_message`
--

CREATE TABLE IF NOT EXISTS `ocenter_talk_message` (
  `id` int(11) NOT NULL,
  `content` varchar(500) NOT NULL,
  `uid` int(11) NOT NULL,
  `create_time` int(11) NOT NULL,
  `talk_id` int(11) NOT NULL
) ENGINE=MyISAM AUTO_INCREMENT=2 DEFAULT CHARSET=utf8 COMMENT='聊天消息表';

--
-- 转存表中的数据 `ocenter_talk_message`
--

INSERT INTO `ocenter_talk_message` (`id`, `content`, `uid`, `create_time`, `talk_id`) VALUES
(1, '你可以和我聊天？', 108, 1558333412, 2);

-- --------------------------------------------------------

--
-- 表的结构 `ocenter_talk_message_push`
--

CREATE TABLE IF NOT EXISTS `ocenter_talk_message_push` (
  `id` int(11) NOT NULL,
  `uid` int(11) NOT NULL,
  `source_id` int(11) NOT NULL COMMENT '来源消息id',
  `create_time` int(11) NOT NULL COMMENT '创建时间',
  `status` tinyint(4) NOT NULL,
  `talk_id` int(11) NOT NULL
) ENGINE=MyISAM AUTO_INCREMENT=2 DEFAULT CHARSET=utf8 COMMENT='状态，0为未提示，1为未点击，-1为已点击';

--
-- 转存表中的数据 `ocenter_talk_message_push`
--

INSERT INTO `ocenter_talk_message_push` (`id`, `uid`, `source_id`, `create_time`, `status`, `talk_id`) VALUES
(1, 1, 1, 1558333412, 1, 2);

-- --------------------------------------------------------

--
-- 表的结构 `ocenter_talk_push`
--

CREATE TABLE IF NOT EXISTS `ocenter_talk_push` (
  `id` int(11) NOT NULL,
  `uid` int(11) NOT NULL COMMENT '接收推送的用户id',
  `source_id` int(11) NOT NULL COMMENT '来源id',
  `create_time` int(11) NOT NULL,
  `status` tinyint(4) NOT NULL COMMENT '状态，0为未提示，1为未点击，-1为已点击'
) ENGINE=MyISAM AUTO_INCREMENT=4 DEFAULT CHARSET=utf8 COMMENT='对话推送表';

--
-- 转存表中的数据 `ocenter_talk_push`
--

INSERT INTO `ocenter_talk_push` (`id`, `uid`, `source_id`, `create_time`, `status`) VALUES
(1, 1, 2, 1558333397, 1),
(2, 105, 3, 1558333914, 0),
(3, 106, 4, 1558334521, 1);

-- --------------------------------------------------------

--
-- 表的结构 `ocenter_tile`
--

CREATE TABLE IF NOT EXISTS `ocenter_tile` (
  `id` int(11) NOT NULL,
  `aid` int(11) NOT NULL COMMENT '父页面id',
  `icon` varchar(20) NOT NULL COMMENT '图标',
  `sort` int(11) NOT NULL DEFAULT '0' COMMENT '排序',
  `status` int(11) NOT NULL,
  `title` varchar(50) NOT NULL COMMENT '标题',
  `title_vo` varchar(50) NOT NULL COMMENT '父页面标题',
  `url` varchar(255) NOT NULL COMMENT '路径',
  `url_vo` varchar(255) NOT NULL COMMENT '父页面路径',
  `tile_bg` varchar(10) NOT NULL COMMENT '块颜色(背景)'
) ENGINE=MyISAM AUTO_INCREMENT=7 DEFAULT CHARSET=utf8 COMMENT='常用操作';

--
-- 转存表中的数据 `ocenter_tile`
--

INSERT INTO `ocenter_tile` (`id`, `aid`, `icon`, `sort`, `status`, `title`, `title_vo`, `url`, `url_vo`, `tile_bg`) VALUES
(1, 3, 'direction', 1, 1, '用户管理', '用户', 'User/index', 'User/index', '#1ba1e2'),
(2, 10001, 'direction', 2, 1, '基本设置', '网站主页', 'Home/config', 'Home/config', '#1ba1e2'),
(3, 10116, 'direction', 3, 1, '分类管理', '相册', 'Album/type', 'Album/contnets', '#1ba1e2'),
(4, 10118, 'direction', 4, 1, '相册管理', '相册', 'Album/contents', 'Album/contnets', '#1ba1e2'),
(5, 10058, 'direction', 5, 1, '话题管理', '微博', 'Weibo/topic', 'Weibo/weibo', '#1ba1e2'),
(6, 10112, 'direction', 6, 1, '配置', '视频', 'Video/config', 'VIdeo/contents', '#1ba1e2');

-- --------------------------------------------------------

--
-- 表的结构 `ocenter_ucenter_admin`
--

CREATE TABLE IF NOT EXISTS `ocenter_ucenter_admin` (
  `id` int(10) unsigned NOT NULL COMMENT '管理员ID',
  `member_id` int(10) unsigned NOT NULL DEFAULT '0' COMMENT '管理员用户ID',
  `status` tinyint(3) unsigned NOT NULL DEFAULT '0' COMMENT '管理员状态'
) ENGINE=MyISAM DEFAULT CHARSET=utf8 COMMENT='管理员表';

-- --------------------------------------------------------

--
-- 表的结构 `ocenter_ucenter_member`
--

CREATE TABLE IF NOT EXISTS `ocenter_ucenter_member` (
  `id` int(10) unsigned NOT NULL COMMENT '用户ID',
  `username` char(32) NOT NULL COMMENT '用户名',
  `password` char(32) NOT NULL COMMENT '密码',
  `email` char(32) NOT NULL COMMENT '用户邮箱',
  `mobile` char(15) NOT NULL COMMENT '用户手机',
  `reg_time` int(10) unsigned NOT NULL DEFAULT '0' COMMENT '注册时间',
  `reg_ip` bigint(20) NOT NULL DEFAULT '0' COMMENT '注册IP',
  `last_login_time` int(10) unsigned NOT NULL DEFAULT '0' COMMENT '最后登录时间',
  `last_login_ip` bigint(20) NOT NULL DEFAULT '0' COMMENT '最后登录IP',
  `update_time` int(10) unsigned NOT NULL DEFAULT '0' COMMENT '更新时间',
  `status` tinyint(4) DEFAULT '0' COMMENT '用户状态',
  `type` tinyint(4) NOT NULL COMMENT '1为用户名注册，2为邮箱注册，3为手机注册'
) ENGINE=MyISAM AUTO_INCREMENT=109 DEFAULT CHARSET=utf8 COMMENT='用户表';

--
-- 转存表中的数据 `ocenter_ucenter_member`
--

INSERT INTO `ocenter_ucenter_member` (`id`, `username`, `password`, `email`, `mobile`, `reg_time`, `reg_ip`, `last_login_time`, `last_login_ip`, `update_time`, `status`, `type`) VALUES
(1, 'admin', 'd6f284ab98d184f1fd6f6f1f8038a841', 'admin@admin.com', '', 1555554076, 3232235777, 1558342982, 3232235929, 1555554076, 1, 1),
(100, '', '0a7c56b140166c9a887b8d0805f4fe72', '1068025800@qq.com', '', 1556180195, 3232235777, 1556180195, 3232235777, 1556180195, 1, 2),
(101, '', '0a7c56b140166c9a887b8d0805f4fe72', '309824428@qq.com', '', 1557739439, 3232235929, 1558342874, 3232235929, 1557739439, 1, 2),
(102, '', '0a7c56b140166c9a887b8d0805f4fe72', 'xadade@163.com', '', 1558077315, 3232235819, 1558077315, 3232235819, 1558077315, 1, 2),
(103, '', '0a7c56b140166c9a887b8d0805f4fe72', '309824427@qq.com', '', 1558077513, 3232235929, 1558077513, 3232235929, 1558077513, 1, 2),
(104, '', '0a7c56b140166c9a887b8d0805f4fe72', '309824426@qq.com', '', 1558077685, 3232235929, 1558077685, 3232235929, 1558077685, 1, 2),
(105, '', '0a7c56b140166c9a887b8d0805f4fe72', '309824425@qq.com', '', 1558077773, 3232235929, 1558077773, 3232235929, 1558077773, 1, 2),
(106, '', '0a7c56b140166c9a887b8d0805f4fe72', '309824424@qq.com', '', 1558077880, 3232235929, 1558344894, 3232235929, 1558077880, 1, 2),
(107, '', '0a7c56b140166c9a887b8d0805f4fe72', '309824423@qq.com', '', 1558078092, 3232235929, 1558078092, 3232235929, 1558078092, 1, 2),
(108, '', '4cc1fa1402e2947aa78b8f85de8be536', 'seo8866@qq.com', '', 1558331874, 3232235803, 1558333056, 3232235803, 1558331874, 1, 2);

-- --------------------------------------------------------

--
-- 表的结构 `ocenter_ucenter_score_type`
--

CREATE TABLE IF NOT EXISTS `ocenter_ucenter_score_type` (
  `id` int(11) NOT NULL,
  `title` varchar(50) NOT NULL,
  `status` tinyint(4) NOT NULL,
  `unit` varchar(20) NOT NULL,
  `type_value` int(11) NOT NULL,
  `type_key` int(11) NOT NULL
) ENGINE=MyISAM AUTO_INCREMENT=5 DEFAULT CHARSET=utf8;

--
-- 转存表中的数据 `ocenter_ucenter_score_type`
--

INSERT INTO `ocenter_ucenter_score_type` (`id`, `title`, `status`, `unit`, `type_value`, `type_key`) VALUES
(1, '积分', 1, '分', 0, 0),
(2, '威望', 1, '点', 0, 0),
(3, '贡献', 1, '元', 0, 0),
(4, '余额', 1, '点', 0, 0);

-- --------------------------------------------------------

--
-- 表的结构 `ocenter_ucenter_setting`
--

CREATE TABLE IF NOT EXISTS `ocenter_ucenter_setting` (
  `id` int(10) unsigned NOT NULL COMMENT '设置ID',
  `type` tinyint(3) unsigned NOT NULL DEFAULT '0' COMMENT '配置类型（1-用户配置）',
  `value` text NOT NULL COMMENT '配置数据'
) ENGINE=MyISAM DEFAULT CHARSET=utf8 COMMENT='设置表';

-- --------------------------------------------------------

--
-- 表的结构 `ocenter_ucenter_short`
--

CREATE TABLE IF NOT EXISTS `ocenter_ucenter_short` (
  `id` int(11) NOT NULL,
  `uid` int(11) NOT NULL,
  `short` varchar(25) NOT NULL COMMENT '个性域名',
  `can_change_num` int(11) NOT NULL COMMENT '可修改次数，备用字段，用户商业或任务获得',
  `status` tinyint(4) NOT NULL,
  `create_time` int(11) NOT NULL,
  `update_time` int(11) NOT NULL
) ENGINE=MyISAM AUTO_INCREMENT=2 DEFAULT CHARSET=utf8 COMMENT='用户个性域名';

--
-- 转存表中的数据 `ocenter_ucenter_short`
--

INSERT INTO `ocenter_ucenter_short` (`id`, `uid`, `short`, `can_change_num`, `status`, `create_time`, `update_time`) VALUES
(1, 108, 'hoolutang', 0, 1, 1558331779, 1558331779);

-- --------------------------------------------------------

--
-- 表的结构 `ocenter_ucenter_user_link`
--

CREATE TABLE IF NOT EXISTS `ocenter_ucenter_user_link` (
  `id` int(10) unsigned NOT NULL,
  `uid` int(11) NOT NULL,
  `uc_uid` int(11) NOT NULL,
  `uc_username` varchar(50) NOT NULL,
  `uc_email` varchar(255) NOT NULL
) ENGINE=MyISAM DEFAULT CHARSET=utf8;

-- --------------------------------------------------------

--
-- 表的结构 `ocenter_url`
--

CREATE TABLE IF NOT EXISTS `ocenter_url` (
  `id` int(11) unsigned NOT NULL COMMENT '链接唯一标识',
  `url` char(255) NOT NULL DEFAULT '' COMMENT '链接地址',
  `short` char(100) NOT NULL DEFAULT '' COMMENT '短网址',
  `status` tinyint(2) NOT NULL DEFAULT '2' COMMENT '状态',
  `create_time` int(10) unsigned NOT NULL DEFAULT '0' COMMENT '创建时间'
) ENGINE=MyISAM DEFAULT CHARSET=utf8 COMMENT='链接表';

-- --------------------------------------------------------

--
-- 表的结构 `ocenter_user_config`
--

CREATE TABLE IF NOT EXISTS `ocenter_user_config` (
  `id` int(11) NOT NULL,
  `uid` int(11) NOT NULL,
  `name` varchar(30) NOT NULL,
  `role_id` int(11) NOT NULL DEFAULT '0',
  `model` varchar(30) NOT NULL,
  `value` text NOT NULL
) ENGINE=MyISAM AUTO_INCREMENT=2 DEFAULT CHARSET=utf8 COMMENT='用户配置信息表';

--
-- 转存表中的数据 `ocenter_user_config`
--

INSERT INTO `ocenter_user_config` (`id`, `uid`, `name`, `role_id`, `model`, `value`) VALUES
(1, 1, 'user_cover', 0, '', '13');

-- --------------------------------------------------------

--
-- 表的结构 `ocenter_user_geolocation`
--

CREATE TABLE IF NOT EXISTS `ocenter_user_geolocation` (
  `id` int(11) NOT NULL,
  `uid` int(11) NOT NULL,
  `coords_type` char(11) NOT NULL COMMENT '坐标系类型',
  `lng` decimal(10,5) DEFAULT '0.00000' COMMENT '经度',
  `lat` decimal(10,5) NOT NULL DEFAULT '0.00000' COMMENT '纬度',
  `altitude` int(10) NOT NULL DEFAULT '0' COMMENT '海拔',
  `create_time` bigint(18) NOT NULL COMMENT '地址的创建时间',
  `country` varchar(30) NOT NULL COMMENT '国家',
  `province` varchar(30) NOT NULL COMMENT '省',
  `city` varchar(30) NOT NULL COMMENT '市',
  `district` varchar(30) NOT NULL COMMENT '区',
  `street` varchar(30) NOT NULL COMMENT '街道',
  `cityCode` int(9) NOT NULL COMMENT '城市代码',
  `address` varchar(128) NOT NULL COMMENT '详细地址',
  `only` int(1) NOT NULL COMMENT '是否唯一'
) ENGINE=MyISAM AUTO_INCREMENT=2 DEFAULT CHARSET=utf8 COMMENT='用户位置信息';

--
-- 转存表中的数据 `ocenter_user_geolocation`
--

INSERT INTO `ocenter_user_geolocation` (`id`, `uid`, `coords_type`, `lng`, `lat`, `altitude`, `create_time`, `country`, `province`, `city`, `district`, `street`, `cityCode`, `address`, `only`) VALUES
(1, 1, 'gcj02', '108.89188', '34.22910', 0, 1558332764, '中国', '陕西省', '西安市', '雁塔区', '枫林路', 29, '陕西省西安市雁塔区枫林路13号靠近陕西汉唐石刻博物馆', 1);

-- --------------------------------------------------------

--
-- 表的结构 `ocenter_user_location`
--

CREATE TABLE IF NOT EXISTS `ocenter_user_location` (
  `uid` int(11) NOT NULL,
  `lng` decimal(10,5) DEFAULT '0.00000' COMMENT '经度',
  `lat` decimal(10,5) NOT NULL DEFAULT '0.00000' COMMENT '纬度',
  `last_confirm_time` int(10) unsigned NOT NULL,
  `ClientID` char(128) NOT NULL COMMENT '客户端所在手机CID',
  `token` char(128) NOT NULL COMMENT 'ios标识'
) ENGINE=MyISAM DEFAULT CHARSET=utf8 COMMENT='用户定位';

--
-- 转存表中的数据 `ocenter_user_location`
--

INSERT INTO `ocenter_user_location` (`uid`, `lng`, `lat`, `last_confirm_time`, `ClientID`, `token`) VALUES
(1, '0.00000', '0.00000', 1558332732, '3bfd406f1adf2e4fc2eb7ec38d8bee65', '3bfd406f1adf2e4fc2eb7ec38d8bee65');

-- --------------------------------------------------------

--
-- 表的结构 `ocenter_user_nav`
--

CREATE TABLE IF NOT EXISTS `ocenter_user_nav` (
  `id` int(10) unsigned NOT NULL COMMENT '频道ID',
  `title` char(30) NOT NULL COMMENT '频道标题',
  `url` char(100) NOT NULL COMMENT '频道连接',
  `sort` int(10) unsigned NOT NULL DEFAULT '0' COMMENT '导航排序',
  `create_time` int(10) unsigned NOT NULL DEFAULT '0' COMMENT '创建时间',
  `update_time` int(10) unsigned NOT NULL DEFAULT '0' COMMENT '更新时间',
  `status` tinyint(4) NOT NULL DEFAULT '0' COMMENT '状态',
  `target` tinyint(2) unsigned NOT NULL DEFAULT '0' COMMENT '新窗口打开',
  `color` varchar(30) NOT NULL,
  `band_color` varchar(30) NOT NULL,
  `band_text` varchar(30) NOT NULL,
  `icon` varchar(20) NOT NULL
) ENGINE=MyISAM AUTO_INCREMENT=1000 DEFAULT CHARSET=utf8;

--
-- 转存表中的数据 `ocenter_user_nav`
--

INSERT INTO `ocenter_user_nav` (`id`, `title`, `url`, `sort`, `create_time`, `update_time`, `status`, `target`, `color`, `band_color`, `band_text`, `icon`) VALUES
(1, '个人主页', 'ucenter/Index/index', 0, 0, 0, 1, 0, '', '', '', ''),
(2, '消息中心', 'ucenter/message/message', 0, 0, 0, 1, 0, '', '', '', ''),
(3, '我的收藏', 'ucenter/Collection/index', 0, 0, 0, 1, 0, '', '', '', ''),
(4, '我的头衔', 'ucenter/Index/rank', 0, 0, 0, 1, 0, '', '', '', ''),
(5, '申请认证', 'ucenter/attest/process/go_index/1', 0, 0, 0, 1, 0, '', '', '', '');

-- --------------------------------------------------------

--
-- 表的结构 `ocenter_user_role`
--

CREATE TABLE IF NOT EXISTS `ocenter_user_role` (
  `id` int(11) NOT NULL,
  `uid` int(11) NOT NULL,
  `role_id` int(11) NOT NULL,
  `status` tinyint(4) NOT NULL COMMENT '2：未审核，1:启用，0：禁用，-1：删除',
  `step` varchar(50) NOT NULL COMMENT '记录当前执行步骤',
  `init` tinyint(2) NOT NULL DEFAULT '0' COMMENT '是否初始化'
) ENGINE=MyISAM AUTO_INCREMENT=11 DEFAULT CHARSET=utf8 COMMENT='用户角色关联';

--
-- 转存表中的数据 `ocenter_user_role`
--

INSERT INTO `ocenter_user_role` (`id`, `uid`, `role_id`, `status`, `step`, `init`) VALUES
(1, 1, 1, 1, 'finish', 1),
(2, 100, 1, 1, 'finish', 1),
(3, 101, 1, 1, 'finish', 1),
(4, 102, 1, 1, 'finish', 1),
(5, 103, 1, 1, 'finish', 1),
(6, 104, 1, 1, 'finish', 1),
(7, 105, 1, 1, 'finish', 1),
(8, 106, 1, 1, 'finish', 1),
(9, 107, 1, 1, 'finish', 1),
(10, 108, 1, 1, 'finish', 1);

-- --------------------------------------------------------

--
-- 表的结构 `ocenter_user_tag`
--

CREATE TABLE IF NOT EXISTS `ocenter_user_tag` (
  `id` int(11) NOT NULL,
  `title` varchar(25) NOT NULL,
  `status` tinyint(4) NOT NULL,
  `pid` int(11) NOT NULL,
  `sort` tinyint(6) NOT NULL
) ENGINE=MyISAM AUTO_INCREMENT=4 DEFAULT CHARSET=utf8 COMMENT='标签分类表';

--
-- 转存表中的数据 `ocenter_user_tag`
--

INSERT INTO `ocenter_user_tag` (`id`, `title`, `status`, `pid`, `sort`) VALUES
(1, '默认', 1, 0, 0),
(2, '游客', 1, 1, 0),
(3, '站长', 1, 1, 0);

-- --------------------------------------------------------

--
-- 表的结构 `ocenter_user_tag_link`
--

CREATE TABLE IF NOT EXISTS `ocenter_user_tag_link` (
  `id` int(11) NOT NULL,
  `uid` int(11) NOT NULL,
  `tags` varchar(200) NOT NULL COMMENT '标签ids'
) ENGINE=MyISAM DEFAULT CHARSET=utf8 COMMENT='用户标签关联表';

-- --------------------------------------------------------

--
-- 表的结构 `ocenter_user_token`
--

CREATE TABLE IF NOT EXISTS `ocenter_user_token` (
  `id` int(11) NOT NULL,
  `uid` int(11) NOT NULL,
  `token` varchar(255) NOT NULL,
  `time` int(11) NOT NULL
) ENGINE=MyISAM AUTO_INCREMENT=5 DEFAULT CHARSET=utf8;

--
-- 转存表中的数据 `ocenter_user_token`
--

INSERT INTO `ocenter_user_token` (`id`, `uid`, `token`, `time`) VALUES
(1, 1, 'rfd2V4KYgph8W5JMk9LHOiBE6Q0T1nFjcoRNvwx7', 1555920541),
(2, 101, 'AUlJkqWN9Rnrmz6sBSwGD8iCd1fFEHTh3ov0bQp7', 1557740174),
(3, 106, 'N6wVYfxTaXDiRdFjnEhLUgHCqAy2zIKv305sQ4Op', 1558081011),
(4, 108, 'yG3WnC0ge4FPxRjNBdLU6O7Xr9pkq2fTJQYhIcbv', 1558332428);

-- --------------------------------------------------------

--
-- 表的结构 `ocenter_verify`
--

CREATE TABLE IF NOT EXISTS `ocenter_verify` (
  `id` int(11) NOT NULL,
  `uid` int(11) NOT NULL,
  `account` varchar(255) NOT NULL,
  `type` varchar(20) NOT NULL,
  `verify` varchar(50) NOT NULL,
  `create_time` int(11) NOT NULL
) ENGINE=MyISAM AUTO_INCREMENT=2 DEFAULT CHARSET=utf8;

--
-- 转存表中的数据 `ocenter_verify`
--

INSERT INTO `ocenter_verify` (`id`, `uid`, `account`, `type`, `verify`, `create_time`) VALUES
(1, 0, 'seo8866@qq.com', 'email', 'FbTFyLYPvmRhZFR34ssCGO6C3TrpIZwE', 1556155242);

-- --------------------------------------------------------

--
-- 表的结构 `ocenter_version`
--

CREATE TABLE IF NOT EXISTS `ocenter_version` (
  `title` varchar(50) NOT NULL COMMENT '版本名',
  `create_time` int(11) NOT NULL COMMENT '发布时间',
  `update_time` int(11) NOT NULL COMMENT '更新的时间',
  `log` text NOT NULL COMMENT '更新日志',
  `url` varchar(150) NOT NULL COMMENT '链接到的远程文章',
  `number` int(11) NOT NULL COMMENT '序列号，一般用日期数字标示',
  `name` varchar(50) NOT NULL COMMENT '版本号',
  `is_current` tinyint(4) NOT NULL
) ENGINE=MyISAM DEFAULT CHARSET=utf8 COMMENT='自动更新表';

-- --------------------------------------------------------

--
-- 表的结构 `ocenter_video`
--

CREATE TABLE IF NOT EXISTS `ocenter_video` (
  `id` int(11) NOT NULL,
  `title` varchar(40) NOT NULL,
  `create_time` int(11) NOT NULL,
  `update_time` int(11) NOT NULL,
  `status` tinyint(4) NOT NULL,
  `allow_post` tinyint(4) NOT NULL,
  `pid` int(11) NOT NULL,
  `sort` int(11) NOT NULL
) ENGINE=MyISAM AUTO_INCREMENT=18 DEFAULT CHARSET=utf8;

--
-- 转存表中的数据 `ocenter_video`
--

INSERT INTO `ocenter_video` (`id`, `title`, `create_time`, `update_time`, `status`, `allow_post`, `pid`, `sort`) VALUES
(13, '默认视频', 1409712474, 1409712467, 1, 0, 0, 0),
(14, '默认二级', 1409712480, 1409712475, 1, 0, 13, 0);

-- --------------------------------------------------------

--
-- 表的结构 `ocenter_video_content`
--

CREATE TABLE IF NOT EXISTS `ocenter_video_content` (
  `id` int(11) NOT NULL,
  `title` varchar(50) NOT NULL COMMENT '标题',
  `content` text NOT NULL COMMENT '内容',
  `view_count` int(11) NOT NULL COMMENT '阅读数量',
  `cover_id` int(11) NOT NULL COMMENT '封面图片id',
  `issue_id` int(11) NOT NULL COMMENT '所在视频',
  `uid` int(11) NOT NULL COMMENT '发布者id',
  `reply_count` int(11) NOT NULL,
  `create_time` int(11) NOT NULL,
  `update_time` int(11) NOT NULL,
  `status` tinyint(11) NOT NULL,
  `url` varchar(200) NOT NULL
) ENGINE=MyISAM AUTO_INCREMENT=76 DEFAULT CHARSET=utf8 COMMENT='视频表';

--
-- 转存表中的数据 `ocenter_video_content`
--

INSERT INTO `ocenter_video_content` (`id`, `title`, `content`, `view_count`, `cover_id`, `issue_id`, `uid`, `reply_count`, `create_time`, `update_time`, `status`, `url`) VALUES
(70, '标题', '<p>123123123<br/></p>', 59, 12, 14, 1, 1, 1556181973, 1558079783, 1, 'http://www.osbhome.cn/Uploads/Attachment/luliosb.mp4'),
(71, '11', '<p>11</p>', 30, 14, 14, 1, 1, 1557738987, 1557738987, 1, '此处URL根据视频URL自动生成,您不用输入!'),
(72, '军旅生活', '<p>军旅生活</p>', 9, 34, 14, 1, 0, 1558003795, 1558079077, 1, '此处URL根据视频URL自动生成,您不用输入!'),
(73, '大学生篮球比赛', '<p>大学生篮球比赛</p>', 36, 42, 14, 1, 0, 1558079169, 1558080836, 1, 'http://www.osbhome.cn/Uploads/Attachment/luliosb.mp4'),
(74, '11', '<p>123123123</p>', 12, 44, 14, 1, 0, 1558080021, 1558080021, 1, 'http://static.video.qq.com/TPout.swf?vid=&auto=0'),
(75, '哈哈哈', '<p>订单<br/></p>', 28, 38, 14, 106, 1, 1558084832, 1558084867, 1, 'http://192.168.1.210//Uploads/Video/d.mp4');

-- --------------------------------------------------------

--
-- 表的结构 `ocenter_voice`
--

CREATE TABLE IF NOT EXISTS `ocenter_voice` (
  `id` int(11) NOT NULL COMMENT '主键ID',
  `uid` int(11) NOT NULL COMMENT '上传者id',
  `driver` varchar(20) NOT NULL COMMENT '上传驱动',
  `path` varchar(255) NOT NULL COMMENT '上传路径',
  `md5` varchar(50) NOT NULL COMMENT 'md5',
  `sha1` varchar(50) NOT NULL COMMENT 'sha1',
  `status` tinyint(4) NOT NULL COMMENT '状态',
  `create_time` int(11) NOT NULL COMMENT '创建时间',
  `type` char(8) NOT NULL COMMENT '类型,文件后缀',
  `size` int(11) NOT NULL COMMENT '体积,单位byte',
  `extra` text NOT NULL COMMENT '额外信息'
) ENGINE=MyISAM AUTO_INCREMENT=2 DEFAULT CHARSET=utf8;

--
-- 转存表中的数据 `ocenter_voice`
--

INSERT INTO `ocenter_voice` (`id`, `uid`, `driver`, `path`, `md5`, `sha1`, `status`, `create_time`, `type`, `size`, `extra`) VALUES
(1, 1, 'local', '/Uploads/Attachment/Voice/7fe7b72f65654a43d6c4e2de6bc7eae6.amr', '7fe7b72f65654a43d6c4e2de6bc7eae6', 'ba55acc53e6a1e361539f8a6424ec2bd737d36ce', 1, 1556181749, 'amr', 2406, '');

-- --------------------------------------------------------

--
-- 表的结构 `ocenter_weibo`
--

CREATE TABLE IF NOT EXISTS `ocenter_weibo` (
  `id` int(11) NOT NULL,
  `uid` int(11) NOT NULL,
  `content` text NOT NULL,
  `create_time` int(11) NOT NULL,
  `comment_count` int(11) NOT NULL,
  `status` int(11) NOT NULL,
  `is_top` tinyint(4) NOT NULL,
  `type` varchar(255) NOT NULL,
  `data` text NOT NULL,
  `repost_count` int(11) NOT NULL,
  `from` varchar(40) NOT NULL,
  `crowd_id` int(11) NOT NULL COMMENT '圈子类型',
  `pos` varchar(20) NOT NULL,
  `reply_time` int(11) NOT NULL DEFAULT '0' COMMENT '最后一次评论时间',
  `is_crowd_top` tinyint(4) NOT NULL,
  `geolocation_id` int(11) NOT NULL COMMENT '地理信息id'
) ENGINE=InnoDB AUTO_INCREMENT=61 DEFAULT CHARSET=utf8 ROW_FORMAT=DYNAMIC;

--
-- 转存表中的数据 `ocenter_weibo`
--

INSERT INTO `ocenter_weibo` (`id`, `uid`, `content`, `create_time`, `comment_count`, `status`, `is_top`, `type`, `data`, `repost_count`, `from`, `crowd_id`, `pos`, `reply_time`, `is_crowd_top`, `geolocation_id`) VALUES
(1, 100, '【向人民报告】这里有一份打击“盗抢骗”犯罪成绩单', 1556180247, 0, 1, 0, 'feed', 'a:0:{}', 0, '', 0, '', 0, 0, 0),
(2, 100, '我发表了一个新的帖子【滇西小哥】：http://192.168.1.210/forum/detail/3', 1556180323, 0, 1, 0, 'feed', 'a:0:{}', 0, '', 0, '', 0, 0, 0),
(3, 100, '我发表了一个新的帖子【一带一路国际合作高峰论坛/nb​】：http://192.168.1.210/forum/detail/4', 1556180396, 0, 1, 0, 'feed', 'a:0:{}', 0, '', 0, '', 0, 0, 0),
(4, 100, '一个五迷专属福利：/br \n不知道有没有姐妹还在为了香港五月天迪士尼演唱会票发愁/br \n本人悄摸摸给你们安排了一张第一排[并不简单]/br \n让我看看是哪个幸运的小伙伴能被抽中（28号开奖）/br \n毕竟香港第一排可真是/nb太！近！了！/nb​​​​[aoman]', 1556180441, 0, 1, 0, 'feed', 'a:0:{}', 0, '', 0, '', 0, 0, 0),
(5, 1, '我发表了一个新的帖子【200余名军地优秀青年男女赴爱情之约】：http://192.168.1.210/forum/detail/5', 1556180748, 0, 1, 0, 'feed', 'a:0:{}', 0, '', 0, '', 0, 0, 0),
(6, 1, '皮一下很开心，说要收拾我，结果送了我一个耳机/nb哈哈哈哈哈哈哈哈[愉快]', 1556180921, 2, 1, 0, 'image', 'a:1:{s:10:"attach_ids";s:1:"9";}', 1, '', 0, '', 0, 0, 0),
(7, 1, '转发', 1556181691, 0, 1, 0, 'repost', 'a:2:{s:6:"source";a:24:{s:2:"id";s:1:"6";s:3:"uid";s:1:"1";s:7:"content";s:99:"皮一下很开心，说要收拾我，结果送了我一个耳机哈哈哈哈哈哈哈哈[愉快] ";s:11:"create_time";s:10:"1556180921";s:13:"comment_count";s:1:"1";s:6:"status";s:1:"1";s:6:"is_top";s:1:"0";s:4:"type";s:5:"image";s:4:"data";a:1:{s:10:"attach_ids";s:1:"9";}s:12:"repost_count";s:1:"0";s:4:"from";s:9:"网站端";s:8:"crowd_id";s:1:"0";s:3:"pos";s:0:"";s:10:"reply_time";s:1:"0";s:12:"is_crowd_top";s:1:"0";s:14:"geolocation_id";s:1:"0";s:9:"share_url";s:49:"http://192.168.1.210/weibo/index/weibodetail/id/6";s:13:"support_count";s:1:"0";s:10:"is_support";i:0;s:4:"user";a:8:{s:3:"uid";s:1:"1";s:5:"title";s:10:"Lv1 实习";s:8:"nickname";s:9:"肥丿肥";s:9:"signature";s:12:"个性签名";s:6:"score1";s:2:"24";s:13:"real_nickname";s:9:"肥丿肥";s:9:"avatar128";s:64:"http://192.168.1.210/Uploads/Avatar/1/5cc17260aec6b_128_128.jpeg";s:9:"avatar512";s:64:"http://192.168.1.210/Uploads/Avatar/1/5cc17260aec6b_512_512.jpeg";}s:11:"image_count";i:1;s:6:"attach";a:1:{s:5:"image";a:2:{s:3:"ori";a:1:{i:0;s:65:"http://192.168.1.210/Uploads/Picture/2019-04-25/5cc16e83c21a8.jpg";}s:5:"thumb";a:1:{i:0;s:73:"http://192.168.1.210/Uploads/Picture/2019-04-25/5cc16e83c21a8_200_200.jpg";}}}s:10:"topic_info";N;s:8:"is_first";i:0;}s:8:"sourceId";i:6;}', 0, 'BKK-AL00', 0, '', 0, 0, 0),
(8, 1, '[bizui][da][e][e][gangga][gangga][huaixiao][gouyin][gouyin][guzhang][guzhang]', 1556181749, 0, 1, 0, 'voice', 'a:1:{s:10:"attach_ids";s:1:"1";}', 0, 'BKK-AL00', 0, '', 0, 0, 0),
(9, 1, '11111111', 1557366289, 0, 1, 0, 'feed', 'a:0:{}', 0, '', 1, '', 0, 0, 0),
(10, 1, '[topic:1]', 1557367085, 0, 1, 0, 'feed', 'a:0:{}', 0, '', 0, '', 0, 0, 0),
(11, 1, '[topic:2]', 1557384240, 0, 1, 0, 'feed', 'a:0:{}', 0, '', 0, '', 0, 0, 0),
(12, 101, '很郁闷', 1557739537, 0, 1, 0, 'feed', 'a:0:{}', 0, '', 5, '', 0, 0, 0),
(13, 101, '我发表了一个新的帖子【测试】：http://192.168.1.210/forum/detail/6', 1557740878, 0, 1, 0, 'feed', 'a:0:{}', 0, '', 0, '', 0, 0, 0),
(14, 101, '今天天气不是很好！', 1557799532, 0, 1, 0, 'feed', 'a:0:{}', 0, '', 6, '', 0, 0, 0),
(15, 101, '工作越久，就会发现靠谱一种职业素养，靠谱的人千篇一律，不靠谱的人各掉各的链子！', 1557799830, 1, 1, 0, 'long_weibo', '', 0, '', 0, '', 0, 0, 0),
(16, 101, '#今天天气不好', 1557800245, 0, 1, 0, 'feed', 'a:0:{}', 0, '', 0, '', 0, 0, 0),
(17, 101, '111', 1557800453, 0, 1, 0, 'feed', 'a:0:{}', 0, '', 0, '', 0, 0, 0),
(18, 101, '[topic:1]1111111111111111111111', 1557800552, 1, 1, 0, 'feed', 'a:0:{}', 0, '', 0, '', 0, 0, 0),
(19, 101, '去哦二群二无', 1557801432, 0, 1, 0, 'feed', 'a:0:{}', 0, '', 0, '', 0, 0, 0),
(20, 1, '[topic:3]', 1557801514, 1, 1, 0, 'feed', 'a:0:{}', 0, '', 0, '', 0, 0, 0),
(21, 1, '123123123123', 1557801611, 0, 1, 0, 'image', 'a:1:{s:10:"attach_ids";s:2:"20";}', 1, '', 0, '', 0, 0, 0),
(22, 1, '22222', 1557801665, 0, 1, 0, 'image', 'a:1:{s:10:"attach_ids";s:2:"18";}', 0, '', 0, '', 0, 0, 0),
(23, 101, 'qqqq11111', 1557801720, 0, 1, 0, 'image', 'a:1:{s:10:"attach_ids";s:5:"21,22";}', 0, '', 0, '', 0, 0, 0),
(24, 101, 'wrwrwrwrwrwerwr[topic:4]121212#', 1557802432, 1, 1, 0, 'image', 'a:1:{s:10:"attach_ids";s:2:"21";}', 0, '', 0, '', 0, 0, 0),
(25, 101, '[topic:5]', 1557802496, 0, 1, 0, 'image', 'a:1:{s:10:"attach_ids";s:2:"23";}', 0, '', 0, '', 0, 0, 0),
(26, 101, '[topic:6]', 1557823070, 1, 1, 0, 'image', 'a:1:{s:10:"attach_ids";s:2:"17";}', 0, '', 0, '', 0, 0, 0),
(27, 101, '12121212', 1557908858, 1, 1, 0, 'image', 'a:1:{s:10:"attach_ids";s:2:"15";}', 0, '', 0, '', 0, 0, 0),
(28, 101, '//@肥丿肥/nb：123123123123111', 1557914850, 0, 1, 0, 'repost', 'a:2:{s:6:"source";N;s:8:"sourceId";i:0;}', 0, '', 0, '', 0, 0, 0),
(29, 1, '[topic:7]', 1557991522, 2, 1, 0, 'image', 'a:1:{s:10:"attach_ids";s:2:"26";}', 0, '', 0, '', 0, 0, 0),
(30, 1, '[topic:8]', 1557991661, 2, 1, 0, 'feed', 'a:0:{}', 0, '', 0, '', 0, 0, 0),
(31, 1, '[topic:9]', 1557991961, 1, 1, 0, 'feed', 'a:0:{}', 0, '', 0, '', 0, 0, 0),
(32, 1, '[topic:10]', 1557992033, 0, 1, 0, 'feed', 'a:0:{}', 0, '', 0, '', 0, 0, 0),
(33, 1, '[topic:11]', 1557992699, 0, 1, 0, 'image', 'a:1:{s:10:"attach_ids";s:2:"27";}', 0, '', 0, '', 0, 0, 0),
(34, 1, '[topic:12]', 1557993567, 1, 1, 0, 'feed', 'a:0:{}', 0, '', 0, '', 0, 0, 0),
(35, 1, '[topic:13]', 1557993674, 0, 1, 0, 'feed', 'a:0:{}', 0, '', 0, '', 0, 0, 0),
(36, 1, '[topic:14]', 1557996186, 0, 1, 0, 'feed', 'a:0:{}', 0, '', 0, '', 0, 0, 0),
(37, 1, '[topic:15]', 1557996262, 0, 1, 0, 'feed', 'a:0:{}', 0, '', 0, '', 0, 0, 0),
(38, 1, '[topic:16]', 1557996442, 0, 1, 0, 'feed', 'a:0:{}', 0, '', 0, '', 0, 0, 0),
(39, 1, '[topic:17]', 1557996551, 0, 1, 0, 'feed', 'a:0:{}', 0, '', 0, '', 0, 0, 0),
(40, 1, '[topic:18]', 1557996700, 0, 1, 0, 'image', 'a:1:{s:10:"attach_ids";s:2:"35";}', 1, '', 0, '', 0, 0, 0),
(41, 101, '和手掌一样大的芒果', 1557998285, 0, 1, 0, 'image', 'a:1:{s:10:"attach_ids";s:2:"27";}', 0, '', 0, '', 0, 0, 0),
(42, 1, '1111', 1558062203, 4, 1, 0, 'repost', 'a:2:{s:6:"source";N;s:8:"sourceId";i:40;}', 0, '', 0, '', 0, 0, 0),
(43, 102, '是的法规是否', 1558077451, 0, 1, 0, 'feed', 'a:0:{}', 0, '', 0, '', 0, 0, 0),
(44, 103, '大家多多关照哦！', 1558077605, 0, 1, 0, 'feed', 'a:0:{}', 0, '', 0, '', 0, 0, 0),
(45, 104, '[topic:19]', 1558077724, 0, 1, 0, 'feed', 'a:0:{}', 0, '', 0, '', 0, 0, 0),
(46, 105, '[topic:20]', 1558077842, 0, 1, 0, 'feed', 'a:0:{}', 0, '', 0, '', 0, 0, 0),
(47, 106, '[topic:21]', 1558078051, 0, 1, 0, 'feed', 'a:0:{}', 0, '', 0, '', 0, 0, 0),
(48, 107, '[topic:22]', 1558078171, 0, 1, 0, 'feed', 'a:0:{}', 0, '', 0, '', 0, 0, 0),
(49, 106, '11111', 1558148265, 1, 1, 0, 'feed', 'a:0:{}', 0, '', 4, '', 1558149395, 0, 0),
(50, 106, '早安', 1558149463, 2, 1, 0, 'feed', 'a:0:{}', 2, '', 0, '', 0, 0, 0),
(51, 106, '111', 1558149566, 0, -1, 0, 'image', 'a:1:{s:10:"attach_ids";s:2:"53";}', 0, '', 0, '', 0, 0, 0),
(52, 106, 'wer', 1558164105, 0, -1, 0, 'repost', 'a:2:{s:6:"source";N;s:8:"sourceId";i:51;}', 0, '', 0, '', 0, 0, 0),
(53, 106, '11', 1558321204, 1, 1, 0, 'repost', 'a:2:{s:6:"source";N;s:8:"sourceId";i:50;}', 1, '', 0, '', 0, 0, 0),
(54, 108, '我转发下你/nb就可以了？//@阿俊/nb：11', 1558333078, 1, 1, 0, 'repost', 'a:2:{s:6:"source";N;s:8:"sourceId";i:50;}', 0, '', 0, '', 0, 0, 0),
(55, 108, '我加入了/nb大国博弈', 1558333215, 21, 1, 0, 'feed', 'a:0:{}', 0, '', 6, '', 1558337899, 0, 0),
(56, 1, '我提了一个问题', 1558341154, 0, 1, 0, 'question', 'a:18:{s:2:"id";s:4:"1363";s:3:"uid";s:3:"106";s:8:"category";s:1:"1";s:8:"topic_id";s:0:"";s:5:"title";s:22:"腹中有书气自华1";s:11:"description";s:65:"  <div class="popup-gallery"><p>腹中有书气自华1</p></div> ";s:10:"answer_num";s:1:"0";s:11:"best_answer";s:1:"0";s:13:"good_question";s:1:"0";s:6:"status";s:1:"2";s:12:"is_recommend";s:1:"0";s:11:"create_time";s:10:"1558341096";s:11:"update_time";s:10:"1558341096";s:7:"leixing";s:1:"1";s:9:"score_num";s:1:"0";s:6:"img_id";s:0:"";s:4:"user";a:11:{s:8:"avatar32";s:43:"/Uploads/Avatar/106/5cde624036282_32_32.png";s:8:"avatar64";s:43:"/Uploads/Avatar/106/5cde624036282_64_64.png";s:9:"avatar128";s:45:"/Uploads/Avatar/106/5cde624036282_128_128.png";s:9:"avatar256";s:45:"/Uploads/Avatar/106/5cde624036282_256_256.png";s:9:"avatar512";s:45:"/Uploads/Avatar/106/5cde624036282_512_512.png";s:9:"space_url";s:33:"/ucenter/index/index/uid/106.html";s:10:"space_link";s:82:"<a ucard="106" target="_blank" href="/ucenter/index/index/uid/106.html">阿俊</a>";s:13:"space_mob_url";s:28:"/mob/user/index/uid/106.html";s:3:"uid";s:3:"106";s:8:"nickname";s:6:"阿俊";s:13:"real_nickname";s:6:"阿俊";}s:13:"category_info";a:5:{s:2:"id";s:1:"1";s:5:"title";s:12:"默认分类";s:3:"pid";s:1:"0";s:4:"sort";s:1:"1";s:6:"status";s:1:"1";}}', 0, '', 0, '', 0, 0, 0),
(57, 1, '我提了一个问题', 1558341154, 0, 1, 0, 'question', 'a:18:{s:2:"id";s:4:"1362";s:3:"uid";s:3:"106";s:8:"category";s:1:"1";s:8:"topic_id";s:0:"";s:5:"title";s:21:"腹中有书气自华";s:11:"description";s:67:"  <div class="popup-gallery"><p>111111212121212121212121</p></div> ";s:10:"answer_num";s:1:"0";s:11:"best_answer";s:1:"0";s:13:"good_question";s:1:"0";s:6:"status";s:1:"2";s:12:"is_recommend";s:1:"0";s:11:"create_time";s:10:"1558340879";s:11:"update_time";s:10:"1558340879";s:7:"leixing";s:1:"1";s:9:"score_num";s:1:"0";s:6:"img_id";s:0:"";s:4:"user";a:11:{s:8:"avatar32";s:43:"/Uploads/Avatar/106/5cde624036282_32_32.png";s:8:"avatar64";s:43:"/Uploads/Avatar/106/5cde624036282_64_64.png";s:9:"avatar128";s:45:"/Uploads/Avatar/106/5cde624036282_128_128.png";s:9:"avatar256";s:45:"/Uploads/Avatar/106/5cde624036282_256_256.png";s:9:"avatar512";s:45:"/Uploads/Avatar/106/5cde624036282_512_512.png";s:9:"space_url";s:33:"/ucenter/index/index/uid/106.html";s:10:"space_link";s:82:"<a ucard="106" target="_blank" href="/ucenter/index/index/uid/106.html">阿俊</a>";s:13:"space_mob_url";s:28:"/mob/user/index/uid/106.html";s:3:"uid";s:3:"106";s:8:"nickname";s:6:"阿俊";s:13:"real_nickname";s:6:"阿俊";}s:13:"category_info";a:5:{s:2:"id";s:1:"1";s:5:"title";s:12:"默认分类";s:3:"pid";s:1:"0";s:4:"sort";s:1:"1";s:6:"status";s:1:"1";}}', 0, '', 0, '', 0, 0, 0),
(58, 1, '我提了一个问题', 1558341341, 0, 1, 0, 'question', 'a:18:{s:2:"id";s:4:"1361";s:3:"uid";s:3:"106";s:8:"category";s:1:"1";s:8:"topic_id";s:0:"";s:5:"title";s:30:"111111111111111111111111111111";s:11:"description";s:66:"  <div class="popup-gallery"><p>11111111111111111111111</p></div> ";s:10:"answer_num";s:1:"0";s:11:"best_answer";s:1:"0";s:13:"good_question";s:1:"0";s:6:"status";s:1:"2";s:12:"is_recommend";s:1:"0";s:11:"create_time";s:10:"1558334172";s:11:"update_time";s:10:"1558334172";s:7:"leixing";s:1:"1";s:9:"score_num";s:1:"0";s:6:"img_id";s:0:"";s:4:"user";a:11:{s:8:"avatar32";s:43:"/Uploads/Avatar/106/5cde624036282_32_32.png";s:8:"avatar64";s:43:"/Uploads/Avatar/106/5cde624036282_64_64.png";s:9:"avatar128";s:45:"/Uploads/Avatar/106/5cde624036282_128_128.png";s:9:"avatar256";s:45:"/Uploads/Avatar/106/5cde624036282_256_256.png";s:9:"avatar512";s:45:"/Uploads/Avatar/106/5cde624036282_512_512.png";s:9:"space_url";s:33:"/ucenter/index/index/uid/106.html";s:10:"space_link";s:82:"<a ucard="106" target="_blank" href="/ucenter/index/index/uid/106.html">阿俊</a>";s:13:"space_mob_url";s:28:"/mob/user/index/uid/106.html";s:3:"uid";s:3:"106";s:8:"nickname";s:6:"阿俊";s:13:"real_nickname";s:6:"阿俊";}s:13:"category_info";a:5:{s:2:"id";s:1:"1";s:5:"title";s:12:"默认分类";s:3:"pid";s:1:"0";s:4:"sort";s:1:"1";s:6:"status";s:1:"1";}}', 0, '', 0, '', 0, 0, 0),
(59, 1, '我提了一个问题', 1558341341, 0, 1, 0, 'question', 'a:18:{s:2:"id";s:4:"1360";s:3:"uid";s:3:"108";s:8:"category";s:1:"1";s:8:"topic_id";s:0:"";s:5:"title";s:34:"2019年端午节是什么时候？";s:11:"description";s:93:"  <div class="popup-gallery"><p>端午节具体日期是什么时候，阳历<br/></p></div> ";s:10:"answer_num";s:1:"0";s:11:"best_answer";s:1:"0";s:13:"good_question";s:1:"0";s:6:"status";s:1:"2";s:12:"is_recommend";s:1:"0";s:11:"create_time";s:10:"1558332492";s:11:"update_time";s:10:"1558332492";s:7:"leixing";s:1:"1";s:9:"score_num";s:2:"10";s:6:"img_id";s:0:"";s:4:"user";a:11:{s:8:"avatar32";s:43:"/Uploads/Avatar/108/5ce241c83998a_32_32.jpg";s:8:"avatar64";s:43:"/Uploads/Avatar/108/5ce241c83998a_64_64.jpg";s:9:"avatar128";s:45:"/Uploads/Avatar/108/5ce241c83998a_128_128.jpg";s:9:"avatar256";s:45:"/Uploads/Avatar/108/5ce241c83998a_256_256.jpg";s:9:"avatar512";s:45:"/Uploads/Avatar/108/5ce241c83998a_512_512.jpg";s:9:"space_url";s:32:"http://192.168.1.210/u/hoolutang";s:10:"space_link";s:81:"<a ucard="108" target="_blank" href="http://192.168.1.210/u/hoolutang">111111</a>";s:13:"space_mob_url";s:28:"/mob/user/index/uid/108.html";s:3:"uid";s:3:"108";s:8:"nickname";s:6:"111111";s:13:"real_nickname";s:6:"111111";}s:13:"category_info";a:5:{s:2:"id";s:1:"1";s:5:"title";s:12:"默认分类";s:3:"pid";s:1:"0";s:4:"sort";s:1:"1";s:6:"status";s:1:"1";}}', 0, '', 0, '', 0, 0, 0),
(60, 1, '我提了一个问题', 1558342080, 0, 1, 0, 'question', 'a:18:{s:2:"id";s:4:"1364";s:3:"uid";s:3:"106";s:8:"category";s:1:"1";s:8:"topic_id";s:0:"";s:5:"title";s:4:"4444";s:11:"description";s:65:"  <div class="popup-gallery"><p>o0iipoouuijuiiuiuio8ui</p></div> ";s:10:"answer_num";s:1:"0";s:11:"best_answer";s:1:"0";s:13:"good_question";s:1:"0";s:6:"status";s:1:"2";s:12:"is_recommend";s:1:"0";s:11:"create_time";s:10:"1558342003";s:11:"update_time";s:10:"1558342003";s:7:"leixing";s:1:"1";s:9:"score_num";s:1:"0";s:6:"img_id";s:0:"";s:4:"user";a:11:{s:8:"avatar32";s:43:"/Uploads/Avatar/106/5cde624036282_32_32.png";s:8:"avatar64";s:43:"/Uploads/Avatar/106/5cde624036282_64_64.png";s:9:"avatar128";s:45:"/Uploads/Avatar/106/5cde624036282_128_128.png";s:9:"avatar256";s:45:"/Uploads/Avatar/106/5cde624036282_256_256.png";s:9:"avatar512";s:45:"/Uploads/Avatar/106/5cde624036282_512_512.png";s:9:"space_url";s:33:"/ucenter/index/index/uid/106.html";s:10:"space_link";s:82:"<a ucard="106" target="_blank" href="/ucenter/index/index/uid/106.html">阿俊</a>";s:13:"space_mob_url";s:28:"/mob/user/index/uid/106.html";s:3:"uid";s:3:"106";s:8:"nickname";s:6:"阿俊";s:13:"real_nickname";s:6:"阿俊";}s:13:"category_info";a:5:{s:2:"id";s:1:"1";s:5:"title";s:12:"默认分类";s:3:"pid";s:1:"0";s:4:"sort";s:1:"1";s:6:"status";s:1:"1";}}', 0, '', 0, '', 0, 0, 0);

-- --------------------------------------------------------

--
-- 表的结构 `ocenter_weibo_cache`
--

CREATE TABLE IF NOT EXISTS `ocenter_weibo_cache` (
  `id` int(11) NOT NULL,
  `weibo_id` int(11) NOT NULL,
  `groups` varchar(100) NOT NULL,
  `cache_html` text NOT NULL,
  `create_time` int(11) NOT NULL
) ENGINE=InnoDB DEFAULT CHARSET=utf8 ROW_FORMAT=DYNAMIC COMMENT='微博html缓存表';

-- --------------------------------------------------------

--
-- 表的结构 `ocenter_weibo_comment`
--

CREATE TABLE IF NOT EXISTS `ocenter_weibo_comment` (
  `id` int(11) NOT NULL,
  `uid` int(11) NOT NULL,
  `weibo_id` int(11) NOT NULL,
  `content` text NOT NULL,
  `create_time` int(11) NOT NULL,
  `status` int(11) NOT NULL,
  `to_comment_id` int(11) NOT NULL
) ENGINE=InnoDB AUTO_INCREMENT=47 DEFAULT CHARSET=utf8 ROW_FORMAT=DYNAMIC;

--
-- 转存表中的数据 `ocenter_weibo_comment`
--

INSERT INTO `ocenter_weibo_comment` (`id`, `uid`, `weibo_id`, `content`, `create_time`, `status`, `to_comment_id`) VALUES
(1, 1, 6, '回复内容了', 1556181679, 1, 0),
(2, 1, 6, '转发', 1556181691, 1, 0),
(3, 101, 15, '不守约，不守时就是一种不靠谱的表现！[baiyan]', 1557800030, 1, 0),
(4, 1, 20, '12313213', 1557801547, 1, 0),
(5, 1, 18, 'qweqweqwewe', 1557801581, 1, 0),
(6, 101, 24, '厄齐尔群', 1557802457, 1, 0),
(7, 101, 26, '12121', 1557823082, 1, 0),
(8, 101, 27, '11', 1557913529, 1, 0),
(9, 1, 29, '支持[shengli]', 1557991551, 1, 0),
(10, 1, 29, '1231231321', 1557991606, 1, 0),
(11, 1, 30, '支持', 1557991671, 1, 0),
(12, 1, 30, '继续支持', 1557991686, 1, 0),
(13, 1, 31, '支持', 1557991976, 1, 0),
(14, 101, 49, '你这是52855', 1558149395, 1, 0),
(15, 106, 51, 'ni/nbhao', 1558164088, -1, 0),
(16, 106, 52, '121212', 1558164134, -1, 0),
(17, 106, 50, '你好', 1558166174, 1, 0),
(18, 106, 50, '1111', 1558321100, 1, 0),
(19, 108, 53, '我转发下你/nb就可以了？//@阿俊/nb：11', 1558333078, 1, 0),
(20, 108, 34, '这是什么瓜？', 1558334157, 1, 0),
(21, 108, 42, '这个芒果是绿色的/nb/nb还没有成熟[geili]', 1558334226, 1, 0),
(22, 108, 42, '这个芒果是绿色的/nb/nb还没有成熟[geili]', 1558334242, 1, 0),
(23, 108, 42, '这个芒果是绿色的/nb/nb还没有[geili]', 1558334287, 1, 0),
(24, 108, 42, '这个芒果是绿色的/nb/nb还没有[geili]', 1558334343, 1, 0),
(25, 106, 54, '11212', 1558334401, 1, 0),
(26, 106, 55, 'ces', 1558334420, 1, 0),
(27, 106, 55, '1111', 1558334554, 1, 0),
(28, 106, 55, '1111', 1558334569, 1, 0),
(29, 106, 55, 'ceseee', 1558334590, 1, 0),
(30, 106, 55, '21212', 1558334616, 1, 0),
(31, 106, 55, '111', 1558334630, 1, 0),
(32, 106, 55, 'hhh', 1558334735, 1, 0),
(33, 106, 55, 'ttttt', 1558334752, 1, 0),
(34, 106, 55, 'sdfsdf', 1558334838, 1, 0),
(35, 106, 55, 'sdfsdf', 1558335164, 1, 0),
(36, 106, 55, 'reterter', 1558335214, 1, 0),
(37, 106, 55, '1', 1558335577, 1, 0),
(38, 106, 55, '1', 1558335686, 1, 0),
(39, 106, 55, 'jkjkk', 1558335981, 1, 0),
(40, 106, 55, '554455', 1558336100, 1, 0),
(41, 106, 55, '554455', 1558336244, 1, 0),
(42, 106, 55, '434', 1558336598, 1, 0),
(43, 106, 55, '11', 1558337202, 1, 0),
(44, 106, 55, '额嗡嗡', 1558337849, 1, 0),
(45, 106, 55, '钱钱钱', 1558337885, 1, 0),
(46, 106, 55, '6556', 1558337895, 1, 0);

-- --------------------------------------------------------

--
-- 表的结构 `ocenter_weibo_crowd`
--

CREATE TABLE IF NOT EXISTS `ocenter_weibo_crowd` (
  `id` int(11) NOT NULL,
  `uid` int(11) NOT NULL,
  `title` text NOT NULL,
  `create_time` int(11) NOT NULL,
  `post_count` int(11) NOT NULL,
  `status` int(11) NOT NULL,
  `allow_user_post` int(11) NOT NULL,
  `logo` int(11) NOT NULL,
  `background` int(11) NOT NULL,
  `type_id` int(11) NOT NULL,
  `intro` text NOT NULL,
  `notice` text NOT NULL COMMENT '圈子公告',
  `type` tinyint(4) NOT NULL COMMENT '圈子类型，0为公共的，1为私有的',
  `need_pay` float NOT NULL DEFAULT '0' COMMENT '私有圈子是否付费入圈',
  `pay_type` tinyint(4) NOT NULL DEFAULT '0' COMMENT '支付类型',
  `activity` int(11) NOT NULL,
  `member_count` int(11) NOT NULL,
  `member_alias` varchar(10) NOT NULL,
  `order_type` int(11) NOT NULL COMMENT '圈内动态排序方式 0:最新发表  1:最新回复',
  `invisible` tinyint(4) NOT NULL DEFAULT '0' COMMENT '是否私密（1:私密，0:公开）'
) ENGINE=InnoDB AUTO_INCREMENT=7 DEFAULT CHARSET=utf8 ROW_FORMAT=DYNAMIC;

--
-- 转存表中的数据 `ocenter_weibo_crowd`
--

INSERT INTO `ocenter_weibo_crowd` (`id`, `uid`, `title`, `create_time`, `post_count`, `status`, `allow_user_post`, `logo`, `background`, `type_id`, `intro`, `notice`, `type`, `need_pay`, `pay_type`, `activity`, `member_count`, `member_alias`, `order_type`, `invisible`) VALUES
(1, 1, '中国●西安', 1557995488, 1, 1, 0, 31, 0, 1, '西安一座古城！', '111', 0, 0, 0, 0, 2, '', 0, 0),
(2, 1, '军事热点', 1557995797, 0, 1, 0, 30, 0, 1, '军事热点', '军事热点', 0, 0, 0, 0, 2, '', 0, 0),
(3, 1, '中国梦强军梦', 1557996115, 0, 1, 0, 34, 0, 1, '中国梦强军梦', '中国梦强军梦', 0, 0, 0, 0, 2, '', 0, 0),
(4, 1, '交通西安', 1557995763, 1, 1, 0, 32, 0, 1, '交通西安', '西安交通', 0, 0, 0, 0, 2, '', 0, 0),
(5, 1, '军事发展', 1557995957, 1, 1, 0, 33, 0, 1, '军事发展', '帝都军事发展', 0, 0, 0, 0, 2, '', 0, 0),
(6, 101, '大国博弈', 1557996880, 2, 1, 0, 36, 0, 1, '大国博弈', '大国博弈', 0, 0, 0, 0, 2, '', 0, 0);

-- --------------------------------------------------------

--
-- 表的结构 `ocenter_weibo_crowd_member`
--

CREATE TABLE IF NOT EXISTS `ocenter_weibo_crowd_member` (
  `id` int(11) NOT NULL,
  `crowd_id` int(11) NOT NULL,
  `uid` int(11) NOT NULL,
  `status` int(11) NOT NULL,
  `create_time` int(11) NOT NULL,
  `update_time` int(11) NOT NULL,
  `activity` int(11) NOT NULL,
  `last_view` int(11) NOT NULL,
  `position` tinyint(4) NOT NULL DEFAULT '1' COMMENT '1为普通成员，2为管理员，3为创建者',
  `contribution` int(11) NOT NULL COMMENT '贡献'
) ENGINE=InnoDB AUTO_INCREMENT=19 DEFAULT CHARSET=utf8 ROW_FORMAT=DYNAMIC;

--
-- 转存表中的数据 `ocenter_weibo_crowd_member`
--

INSERT INTO `ocenter_weibo_crowd_member` (`id`, `crowd_id`, `uid`, `status`, `create_time`, `update_time`, `activity`, `last_view`, `position`, `contribution`) VALUES
(1, 1, 1, 1, 1557365934, 1557365934, 0, 0, 3, 0),
(2, 2, 1, 1, 1557739080, 1557739080, 0, 0, 3, 0),
(3, 3, 1, 1, 1557739112, 1557739112, 0, 0, 3, 0),
(4, 4, 1, 1, 1557739168, 1557739168, 0, 0, 3, 0),
(5, 5, 1, 1, 1557739193, 1557739193, 0, 0, 3, 0),
(7, 6, 101, 1, 1557798650, 1557798650, 0, 0, 3, 0),
(11, 3, 101, 1, 1557915118, 1557915118, 0, 0, 1, 0),
(14, 2, 101, 1, 1557994440, 1557994440, 0, 0, 1, 0),
(15, 5, 101, 1, 1558076154, 1558076154, 0, 0, 1, 0),
(16, 4, 106, 1, 1558148262, 1558148262, 0, 0, 1, 0),
(17, 1, 108, 1, 1558332540, 1558332540, 0, 0, 1, 0),
(18, 6, 108, 1, 1558333191, 1558333191, 0, 0, 1, 0);

-- --------------------------------------------------------

--
-- 表的结构 `ocenter_weibo_crowd_score`
--

CREATE TABLE IF NOT EXISTS `ocenter_weibo_crowd_score` (
  `crowd_id` int(11) NOT NULL COMMENT '圈子id',
  `score1` float NOT NULL DEFAULT '0' COMMENT '代码量',
  `score2` float NOT NULL DEFAULT '0' COMMENT '威望',
  `score3` float NOT NULL DEFAULT '0' COMMENT '贡献',
  `score4` float NOT NULL DEFAULT '0' COMMENT '人民币',
  `score6` float NOT NULL DEFAULT '0' COMMENT '云市场代金券',
  `score8` float NOT NULL DEFAULT '0' COMMENT '搬砖'
) ENGINE=InnoDB DEFAULT CHARSET=utf8 ROW_FORMAT=DYNAMIC COMMENT='圈子账户';

-- --------------------------------------------------------

--
-- 表的结构 `ocenter_weibo_crowd_type`
--

CREATE TABLE IF NOT EXISTS `ocenter_weibo_crowd_type` (
  `id` int(11) NOT NULL,
  `title` varchar(20) NOT NULL,
  `status` tinyint(11) NOT NULL,
  `sort` int(11) NOT NULL,
  `create_time` int(11) NOT NULL
) ENGINE=InnoDB AUTO_INCREMENT=2 DEFAULT CHARSET=utf8 ROW_FORMAT=DYNAMIC COMMENT='圈子的分类表';

--
-- 转存表中的数据 `ocenter_weibo_crowd_type`
--

INSERT INTO `ocenter_weibo_crowd_type` (`id`, `title`, `status`, `sort`, `create_time`) VALUES
(1, '圈子分类', 1, 0, 1557365912);

-- --------------------------------------------------------

--
-- 表的结构 `ocenter_weibo_long`
--

CREATE TABLE IF NOT EXISTS `ocenter_weibo_long` (
  `id` int(11) NOT NULL,
  `weibo_id` int(11) NOT NULL,
  `long_content` text NOT NULL COMMENT '长微博内容',
  `title` varchar(150) NOT NULL
) ENGINE=InnoDB AUTO_INCREMENT=2 DEFAULT CHARSET=utf8 ROW_FORMAT=DYNAMIC COMMENT='长微博内容';

--
-- 转存表中的数据 `ocenter_weibo_long`
--

INSERT INTO `ocenter_weibo_long` (`id`, `weibo_id`, `long_content`, `title`) VALUES
(1, 15, '<p>工作越久，就会发现靠谱一种职业素养，靠谱的人千篇一律，不靠谱的人各掉各的链子！<img src="http://192.168.1.210/Uploads/Editor/Picture/2019-05-14/5cda230e6c48a.jpg" _src="http://192.168.1.210/Uploads/Editor/Picture/2019-05-14/5cda230e6c48a.jpg"/></p>', '靠谱的人千篇一律，不靠谱的人各掉各的链子！');

-- --------------------------------------------------------

--
-- 表的结构 `ocenter_weibo_top`
--

CREATE TABLE IF NOT EXISTS `ocenter_weibo_top` (
  `weibo_id` int(11) NOT NULL DEFAULT '0',
  `title` varchar(64) NOT NULL COMMENT '置顶标题',
  `dead_time` int(11) NOT NULL COMMENT '过期日期',
  `crowd_id` int(11) NOT NULL,
  `status` tinyint(2) NOT NULL,
  `create_time` int(11) NOT NULL
) ENGINE=MyISAM DEFAULT CHARSET=utf8 COMMENT='置顶微博表';

-- --------------------------------------------------------

--
-- 表的结构 `ocenter_weibo_topic`
--

CREATE TABLE IF NOT EXISTS `ocenter_weibo_topic` (
  `id` int(11) NOT NULL,
  `name` varchar(255) NOT NULL COMMENT '话题名',
  `logo` int(255) NOT NULL DEFAULT '0' COMMENT '话题logo',
  `intro` varchar(255) NOT NULL COMMENT '导语',
  `qrcode` int(11) NOT NULL COMMENT '二维码',
  `uadmin` varchar(255) NOT NULL DEFAULT '0' COMMENT '话题管理   默认无',
  `read_count` int(11) NOT NULL DEFAULT '0' COMMENT '阅读',
  `is_top` tinyint(4) NOT NULL,
  `status` tinyint(4) NOT NULL DEFAULT '1',
  `weibo_num` int(11) NOT NULL DEFAULT '0' COMMENT '微博数'
) ENGINE=InnoDB AUTO_INCREMENT=23 DEFAULT CHARSET=utf8 ROW_FORMAT=DYNAMIC;

--
-- 转存表中的数据 `ocenter_weibo_topic`
--

INSERT INTO `ocenter_weibo_topic` (`id`, `name`, `logo`, `intro`, `qrcode`, `uadmin`, `read_count`, `is_top`, `status`, `weibo_num`) VALUES
(1, '清明节 不好过', 0, '', 0, '0', 48, 0, 1, 2),
(2, '灌灌灌灌灌灌灌灌灌灌', 0, '', 0, '0', 10, 0, 1, 1),
(3, '46456456joljlkjlkjkl', 0, '', 0, '0', 10, 0, 1, 1),
(4, '12121212121212', 0, '', 0, '0', 4, 0, 1, 1),
(5, '111111', 0, '', 0, '0', 1, 0, 1, 1),
(6, '12121212', 0, '', 0, '0', 2, 0, 1, 1),
(7, '《新闻联播》刷屏的背后，是中国的底气和前行的铿锵步伐', 0, '', 0, '0', 9, 0, 1, 1),
(8, '《新闻联播》的刷屏说明中国有底气、不可欺！', 0, '', 0, '0', 1, 0, 1, 1),
(9, '买房时，你可能“多给”了一笔钱！内行直言：几千元白白送人', 0, '', 0, '0', 3, 0, 1, 1),
(10, '2018年中国平均工资：你达标了吗？', 0, '', 0, '0', 6, 0, 1, 1),
(11, '手掌一样大的芒果', 0, '', 0, '0', 1, 0, 1, 1),
(12, '知识付费的“下半场”将何去何从？', 0, '', 0, '0', 2, 0, 1, 1),
(13, '知识付费发展迅速，优质内容是关键', 0, '', 0, '108', 2, 0, 1, 1),
(14, '礼拜四：整天说自己是单身狗，狗都比你幸福', 0, '', 0, '106', 2, 0, 1, 1),
(15, 'hey~ 好久不见', 0, '', 0, '0', 0, 0, 1, 1),
(16, '钟山风雨起苍黄:看解放军如何在台湾省登陆百万雄师', 0, '', 0, '0', 1, 0, 1, 1),
(17, '能开战机能驾军舰的少将', 0, '', 0, '0', 1, 0, 1, 1),
(18, '谈，大门敞开；打，奉陪到底', 0, '', 0, '0', 1, 0, 1, 1),
(19, '真开心来到大家庭', 0, '', 0, '0', 0, 0, 1, 1),
(20, '以前不知道是啥叫便秘，今天终于知道了，哈哈哈哈', 0, '', 0, '0', 0, 0, 1, 1),
(21, '大家都说我瘦了，好开心！', 0, '', 0, '0', 0, 0, 1, 1),
(22, '今天，把bug修理一番，这是一个庞大的工程', 0, '', 0, '0', 1, 0, 1, 1);

-- --------------------------------------------------------

--
-- 表的结构 `ocenter_weibo_topic_follow`
--

CREATE TABLE IF NOT EXISTS `ocenter_weibo_topic_follow` (
  `id` int(11) NOT NULL,
  `topic_id` int(11) NOT NULL,
  `uid` int(11) NOT NULL,
  `status` tinyint(4) NOT NULL,
  `create_time` int(11) NOT NULL
) ENGINE=MyISAM DEFAULT CHARSET=utf8;

-- --------------------------------------------------------

--
-- 表的结构 `ocenter_weibo_topic_link`
--

CREATE TABLE IF NOT EXISTS `ocenter_weibo_topic_link` (
  `id` int(11) NOT NULL,
  `weibo_id` int(11) NOT NULL,
  `topic_id` int(11) NOT NULL,
  `status` tinyint(4) NOT NULL,
  `create_time` int(11) NOT NULL,
  `is_top` tinyint(4) NOT NULL
) ENGINE=InnoDB AUTO_INCREMENT=24 DEFAULT CHARSET=utf8 ROW_FORMAT=DYNAMIC COMMENT='话题、微博关联表';

--
-- 转存表中的数据 `ocenter_weibo_topic_link`
--

INSERT INTO `ocenter_weibo_topic_link` (`id`, `weibo_id`, `topic_id`, `status`, `create_time`, `is_top`) VALUES
(1, 10, 1, 1, 1557367085, 0),
(2, 11, 2, 1, 1557384240, 0),
(3, 18, 1, 1, 1557800552, 0),
(4, 20, 3, 1, 1557801514, 0),
(5, 24, 4, 1, 1557802432, 0),
(6, 25, 5, 1, 1557802496, 0),
(7, 26, 6, 1, 1557823070, 0),
(8, 29, 7, 1, 1557991522, 0),
(9, 30, 8, 1, 1557991662, 0),
(10, 31, 9, 1, 1557991961, 0),
(11, 32, 10, 1, 1557992033, 0),
(12, 33, 11, 1, 1557992699, 0),
(13, 34, 12, 1, 1557993567, 0),
(14, 35, 13, 1, 1557993674, 0),
(15, 36, 14, 1, 1557996186, 0),
(16, 37, 15, 1, 1557996262, 0),
(17, 38, 16, 1, 1557996442, 0),
(18, 39, 17, 1, 1557996551, 0),
(19, 40, 18, 1, 1557996700, 0),
(20, 45, 19, 1, 1558077724, 0),
(21, 46, 20, 1, 1558077842, 0),
(22, 47, 21, 1, 1558078051, 0),
(23, 48, 22, 1, 1558078171, 0);

--
-- Indexes for dumped tables
--

--
-- Indexes for table `ocenter_action`
--
ALTER TABLE `ocenter_action`
  ADD PRIMARY KEY (`id`);

--
-- Indexes for table `ocenter_action_limit`
--
ALTER TABLE `ocenter_action_limit`
  ADD PRIMARY KEY (`id`);

--
-- Indexes for table `ocenter_action_log`
--
ALTER TABLE `ocenter_action_log`
  ADD PRIMARY KEY (`id`),
  ADD KEY `action_ip_ix` (`action_ip`),
  ADD KEY `action_id_ix` (`action_id`),
  ADD KEY `user_id_ix` (`user_id`);

--
-- Indexes for table `ocenter_addons`
--
ALTER TABLE `ocenter_addons`
  ADD PRIMARY KEY (`id`);

--
-- Indexes for table `ocenter_adv`
--
ALTER TABLE `ocenter_adv`
  ADD PRIMARY KEY (`id`);

--
-- Indexes for table `ocenter_adv_pos`
--
ALTER TABLE `ocenter_adv_pos`
  ADD PRIMARY KEY (`id`);

--
-- Indexes for table `ocenter_album`
--
ALTER TABLE `ocenter_album`
  ADD PRIMARY KEY (`id`);

--
-- Indexes for table `ocenter_album_photos`
--
ALTER TABLE `ocenter_album_photos`
  ADD PRIMARY KEY (`id`);

--
-- Indexes for table `ocenter_album_square`
--
ALTER TABLE `ocenter_album_square`
  ADD PRIMARY KEY (`id`);

--
-- Indexes for table `ocenter_album_type`
--
ALTER TABLE `ocenter_album_type`
  ADD PRIMARY KEY (`id`);

--
-- Indexes for table `ocenter_announce`
--
ALTER TABLE `ocenter_announce`
  ADD PRIMARY KEY (`id`);

--
-- Indexes for table `ocenter_announce_arrive`
--
ALTER TABLE `ocenter_announce_arrive`
  ADD PRIMARY KEY (`id`);

--
-- Indexes for table `ocenter_app_nav`
--
ALTER TABLE `ocenter_app_nav`
  ADD PRIMARY KEY (`id`);

--
-- Indexes for table `ocenter_attachment`
--
ALTER TABLE `ocenter_attachment`
  ADD PRIMARY KEY (`id`),
  ADD KEY `idx_record_status` (`record_id`,`status`);

--
-- Indexes for table `ocenter_attest`
--
ALTER TABLE `ocenter_attest`
  ADD PRIMARY KEY (`id`);

--
-- Indexes for table `ocenter_attest_type`
--
ALTER TABLE `ocenter_attest_type`
  ADD PRIMARY KEY (`id`);

--
-- Indexes for table `ocenter_auth_extend`
--
ALTER TABLE `ocenter_auth_extend`
  ADD UNIQUE KEY `group_extend_type` (`group_id`,`extend_id`,`type`),
  ADD KEY `uid` (`group_id`),
  ADD KEY `group_id` (`extend_id`);

--
-- Indexes for table `ocenter_auth_group`
--
ALTER TABLE `ocenter_auth_group`
  ADD PRIMARY KEY (`id`);

--
-- Indexes for table `ocenter_auth_group_access`
--
ALTER TABLE `ocenter_auth_group_access`
  ADD UNIQUE KEY `uid_group_id` (`uid`,`group_id`),
  ADD KEY `uid` (`uid`),
  ADD KEY `group_id` (`group_id`);

--
-- Indexes for table `ocenter_auth_rule`
--
ALTER TABLE `ocenter_auth_rule`
  ADD PRIMARY KEY (`id`),
  ADD KEY `module` (`module`,`status`,`type`);

--
-- Indexes for table `ocenter_avatar`
--
ALTER TABLE `ocenter_avatar`
  ADD PRIMARY KEY (`id`);

--
-- Indexes for table `ocenter_channel`
--
ALTER TABLE `ocenter_channel`
  ADD PRIMARY KEY (`id`),
  ADD KEY `pid` (`pid`);

--
-- Indexes for table `ocenter_checkin`
--
ALTER TABLE `ocenter_checkin`
  ADD PRIMARY KEY (`id`);

--
-- Indexes for table `ocenter_config`
--
ALTER TABLE `ocenter_config`
  ADD PRIMARY KEY (`id`),
  ADD UNIQUE KEY `uk_name` (`name`),
  ADD KEY `type` (`type`),
  ADD KEY `group` (`group`);

--
-- Indexes for table `ocenter_count_active`
--
ALTER TABLE `ocenter_count_active`
  ADD PRIMARY KEY (`id`),
  ADD UNIQUE KEY `date` (`date`);

--
-- Indexes for table `ocenter_count_lost`
--
ALTER TABLE `ocenter_count_lost`
  ADD PRIMARY KEY (`id`),
  ADD UNIQUE KEY `date` (`date`);

--
-- Indexes for table `ocenter_count_remain`
--
ALTER TABLE `ocenter_count_remain`
  ADD PRIMARY KEY (`id`),
  ADD UNIQUE KEY `date` (`date`);

--
-- Indexes for table `ocenter_district`
--
ALTER TABLE `ocenter_district`
  ADD PRIMARY KEY (`id`);

--
-- Indexes for table `ocenter_expression`
--
ALTER TABLE `ocenter_expression`
  ADD PRIMARY KEY (`id`);

--
-- Indexes for table `ocenter_expression_pkg`
--
ALTER TABLE `ocenter_expression_pkg`
  ADD PRIMARY KEY (`id`);

--
-- Indexes for table `ocenter_field`
--
ALTER TABLE `ocenter_field`
  ADD PRIMARY KEY (`id`);

--
-- Indexes for table `ocenter_field_group`
--
ALTER TABLE `ocenter_field_group`
  ADD PRIMARY KEY (`id`);

--
-- Indexes for table `ocenter_field_setting`
--
ALTER TABLE `ocenter_field_setting`
  ADD PRIMARY KEY (`id`);

--
-- Indexes for table `ocenter_file`
--
ALTER TABLE `ocenter_file`
  ADD PRIMARY KEY (`id`),
  ADD UNIQUE KEY `uk_md5` (`md5`);

--
-- Indexes for table `ocenter_follow`
--
ALTER TABLE `ocenter_follow`
  ADD PRIMARY KEY (`id`);

--
-- Indexes for table `ocenter_forum`
--
ALTER TABLE `ocenter_forum`
  ADD PRIMARY KEY (`id`);

--
-- Indexes for table `ocenter_forum_bookmark`
--
ALTER TABLE `ocenter_forum_bookmark`
  ADD PRIMARY KEY (`id`);

--
-- Indexes for table `ocenter_forum_follow`
--
ALTER TABLE `ocenter_forum_follow`
  ADD PRIMARY KEY (`id`);

--
-- Indexes for table `ocenter_forum_lzl_reply`
--
ALTER TABLE `ocenter_forum_lzl_reply`
  ADD PRIMARY KEY (`id`);

--
-- Indexes for table `ocenter_forum_pay`
--
ALTER TABLE `ocenter_forum_pay`
  ADD PRIMARY KEY (`id`);

--
-- Indexes for table `ocenter_forum_post`
--
ALTER TABLE `ocenter_forum_post`
  ADD PRIMARY KEY (`id`);

--
-- Indexes for table `ocenter_forum_post_reply`
--
ALTER TABLE `ocenter_forum_post_reply`
  ADD PRIMARY KEY (`id`);

--
-- Indexes for table `ocenter_forum_type`
--
ALTER TABLE `ocenter_forum_type`
  ADD PRIMARY KEY (`id`),
  ADD UNIQUE KEY `id` (`id`);

--
-- Indexes for table `ocenter_hooks`
--
ALTER TABLE `ocenter_hooks`
  ADD PRIMARY KEY (`id`),
  ADD UNIQUE KEY `name` (`name`);

--
-- Indexes for table `ocenter_iexpression`
--
ALTER TABLE `ocenter_iexpression`
  ADD PRIMARY KEY (`id`);

--
-- Indexes for table `ocenter_iexpression_link`
--
ALTER TABLE `ocenter_iexpression_link`
  ADD PRIMARY KEY (`id`);

--
-- Indexes for table `ocenter_invite`
--
ALTER TABLE `ocenter_invite`
  ADD PRIMARY KEY (`id`);

--
-- Indexes for table `ocenter_invite_buy_log`
--
ALTER TABLE `ocenter_invite_buy_log`
  ADD PRIMARY KEY (`id`);

--
-- Indexes for table `ocenter_invite_log`
--
ALTER TABLE `ocenter_invite_log`
  ADD PRIMARY KEY (`id`);

--
-- Indexes for table `ocenter_invite_type`
--
ALTER TABLE `ocenter_invite_type`
  ADD PRIMARY KEY (`id`);

--
-- Indexes for table `ocenter_invite_user_info`
--
ALTER TABLE `ocenter_invite_user_info`
  ADD PRIMARY KEY (`id`);

--
-- Indexes for table `ocenter_local_comment`
--
ALTER TABLE `ocenter_local_comment`
  ADD PRIMARY KEY (`id`);

--
-- Indexes for table `ocenter_member`
--
ALTER TABLE `ocenter_member`
  ADD PRIMARY KEY (`uid`),
  ADD KEY `status` (`status`),
  ADD KEY `name` (`nickname`);

--
-- Indexes for table `ocenter_menu`
--
ALTER TABLE `ocenter_menu`
  ADD PRIMARY KEY (`id`),
  ADD KEY `pid` (`pid`);

--
-- Indexes for table `ocenter_message`
--
ALTER TABLE `ocenter_message`
  ADD PRIMARY KEY (`id`);

--
-- Indexes for table `ocenter_message_content`
--
ALTER TABLE `ocenter_message_content`
  ADD PRIMARY KEY (`id`);

--
-- Indexes for table `ocenter_message_event`
--
ALTER TABLE `ocenter_message_event`
  ADD PRIMARY KEY (`id`);

--
-- Indexes for table `ocenter_message_old`
--
ALTER TABLE `ocenter_message_old`
  ADD PRIMARY KEY (`id`);

--
-- Indexes for table `ocenter_message_template`
--
ALTER TABLE `ocenter_message_template`
  ADD PRIMARY KEY (`id`);

--
-- Indexes for table `ocenter_message_type`
--
ALTER TABLE `ocenter_message_type`
  ADD PRIMARY KEY (`id`);

--
-- Indexes for table `ocenter_module`
--
ALTER TABLE `ocenter_module`
  ADD PRIMARY KEY (`id`),
  ADD UNIQUE KEY `name` (`name`),
  ADD KEY `name_2` (`name`);

--
-- Indexes for table `ocenter_picture`
--
ALTER TABLE `ocenter_picture`
  ADD PRIMARY KEY (`id`);

--
-- Indexes for table `ocenter_question`
--
ALTER TABLE `ocenter_question`
  ADD PRIMARY KEY (`id`),
  ADD KEY `topic_id` (`topic_id`);

--
-- Indexes for table `ocenter_question_answer`
--
ALTER TABLE `ocenter_question_answer`
  ADD PRIMARY KEY (`id`);

--
-- Indexes for table `ocenter_question_category`
--
ALTER TABLE `ocenter_question_category`
  ADD PRIMARY KEY (`id`);

--
-- Indexes for table `ocenter_question_reward_record`
--
ALTER TABLE `ocenter_question_reward_record`
  ADD PRIMARY KEY (`id`);

--
-- Indexes for table `ocenter_question_search`
--
ALTER TABLE `ocenter_question_search`
  ADD PRIMARY KEY (`id`);

--
-- Indexes for table `ocenter_question_support`
--
ALTER TABLE `ocenter_question_support`
  ADD PRIMARY KEY (`id`);

--
-- Indexes for table `ocenter_question_topic`
--
ALTER TABLE `ocenter_question_topic`
  ADD PRIMARY KEY (`id`);

--
-- Indexes for table `ocenter_rank`
--
ALTER TABLE `ocenter_rank`
  ADD PRIMARY KEY (`id`);

--
-- Indexes for table `ocenter_rank_user`
--
ALTER TABLE `ocenter_rank_user`
  ADD PRIMARY KEY (`id`);

--
-- Indexes for table `ocenter_register`
--
ALTER TABLE `ocenter_register`
  ADD PRIMARY KEY (`id`);

--
-- Indexes for table `ocenter_report`
--
ALTER TABLE `ocenter_report`
  ADD PRIMARY KEY (`id`);

--
-- Indexes for table `ocenter_reward_log`
--
ALTER TABLE `ocenter_reward_log`
  ADD PRIMARY KEY (`id`);

--
-- Indexes for table `ocenter_role`
--
ALTER TABLE `ocenter_role`
  ADD PRIMARY KEY (`id`);

--
-- Indexes for table `ocenter_role_config`
--
ALTER TABLE `ocenter_role_config`
  ADD PRIMARY KEY (`id`);

--
-- Indexes for table `ocenter_role_group`
--
ALTER TABLE `ocenter_role_group`
  ADD PRIMARY KEY (`id`);

--
-- Indexes for table `ocenter_schedule`
--
ALTER TABLE `ocenter_schedule`
  ADD PRIMARY KEY (`id`);

--
-- Indexes for table `ocenter_score_log`
--
ALTER TABLE `ocenter_score_log`
  ADD PRIMARY KEY (`id`);

--
-- Indexes for table `ocenter_send_sms_log`
--
ALTER TABLE `ocenter_send_sms_log`
  ADD PRIMARY KEY (`id`);

--
-- Indexes for table `ocenter_sensitive`
--
ALTER TABLE `ocenter_sensitive`
  ADD PRIMARY KEY (`id`);

--
-- Indexes for table `ocenter_seo_rule`
--
ALTER TABLE `ocenter_seo_rule`
  ADD PRIMARY KEY (`id`);

--
-- Indexes for table `ocenter_session`
--
ALTER TABLE `ocenter_session`
  ADD UNIQUE KEY `session_id` (`session_id`);

--
-- Indexes for table `ocenter_sso_app`
--
ALTER TABLE `ocenter_sso_app`
  ADD PRIMARY KEY (`id`);

--
-- Indexes for table `ocenter_stamp`
--
ALTER TABLE `ocenter_stamp`
  ADD PRIMARY KEY (`id`);

--
-- Indexes for table `ocenter_stamp_weibo`
--
ALTER TABLE `ocenter_stamp_weibo`
  ADD PRIMARY KEY (`weibo_id`);

--
-- Indexes for table `ocenter_store_order_car`
--
ALTER TABLE `ocenter_store_order_car`
  ADD PRIMARY KEY (`id`);

--
-- Indexes for table `ocenter_store_trans`
--
ALTER TABLE `ocenter_store_trans`
  ADD PRIMARY KEY (`id`);

--
-- Indexes for table `ocenter_super_links`
--
ALTER TABLE `ocenter_super_links`
  ADD PRIMARY KEY (`id`);

--
-- Indexes for table `ocenter_support`
--
ALTER TABLE `ocenter_support`
  ADD PRIMARY KEY (`id`);

--
-- Indexes for table `ocenter_sync_login`
--
ALTER TABLE `ocenter_sync_login`
  ADD PRIMARY KEY (`id`);

--
-- Indexes for table `ocenter_talk`
--
ALTER TABLE `ocenter_talk`
  ADD PRIMARY KEY (`id`);

--
-- Indexes for table `ocenter_talk_message`
--
ALTER TABLE `ocenter_talk_message`
  ADD PRIMARY KEY (`id`);

--
-- Indexes for table `ocenter_talk_message_push`
--
ALTER TABLE `ocenter_talk_message_push`
  ADD PRIMARY KEY (`id`);

--
-- Indexes for table `ocenter_talk_push`
--
ALTER TABLE `ocenter_talk_push`
  ADD PRIMARY KEY (`id`);

--
-- Indexes for table `ocenter_tile`
--
ALTER TABLE `ocenter_tile`
  ADD PRIMARY KEY (`id`);

--
-- Indexes for table `ocenter_ucenter_admin`
--
ALTER TABLE `ocenter_ucenter_admin`
  ADD PRIMARY KEY (`id`);

--
-- Indexes for table `ocenter_ucenter_member`
--
ALTER TABLE `ocenter_ucenter_member`
  ADD PRIMARY KEY (`id`),
  ADD KEY `status` (`status`);

--
-- Indexes for table `ocenter_ucenter_score_type`
--
ALTER TABLE `ocenter_ucenter_score_type`
  ADD PRIMARY KEY (`id`);

--
-- Indexes for table `ocenter_ucenter_setting`
--
ALTER TABLE `ocenter_ucenter_setting`
  ADD PRIMARY KEY (`id`);

--
-- Indexes for table `ocenter_ucenter_short`
--
ALTER TABLE `ocenter_ucenter_short`
  ADD PRIMARY KEY (`id`);

--
-- Indexes for table `ocenter_ucenter_user_link`
--
ALTER TABLE `ocenter_ucenter_user_link`
  ADD PRIMARY KEY (`id`);

--
-- Indexes for table `ocenter_url`
--
ALTER TABLE `ocenter_url`
  ADD PRIMARY KEY (`id`),
  ADD UNIQUE KEY `idx_url` (`url`);

--
-- Indexes for table `ocenter_user_config`
--
ALTER TABLE `ocenter_user_config`
  ADD PRIMARY KEY (`id`);

--
-- Indexes for table `ocenter_user_geolocation`
--
ALTER TABLE `ocenter_user_geolocation`
  ADD PRIMARY KEY (`id`);

--
-- Indexes for table `ocenter_user_location`
--
ALTER TABLE `ocenter_user_location`
  ADD PRIMARY KEY (`uid`);

--
-- Indexes for table `ocenter_user_nav`
--
ALTER TABLE `ocenter_user_nav`
  ADD PRIMARY KEY (`id`);

--
-- Indexes for table `ocenter_user_role`
--
ALTER TABLE `ocenter_user_role`
  ADD PRIMARY KEY (`id`);

--
-- Indexes for table `ocenter_user_tag`
--
ALTER TABLE `ocenter_user_tag`
  ADD PRIMARY KEY (`id`);

--
-- Indexes for table `ocenter_user_tag_link`
--
ALTER TABLE `ocenter_user_tag_link`
  ADD PRIMARY KEY (`id`);

--
-- Indexes for table `ocenter_user_token`
--
ALTER TABLE `ocenter_user_token`
  ADD PRIMARY KEY (`id`);

--
-- Indexes for table `ocenter_verify`
--
ALTER TABLE `ocenter_verify`
  ADD PRIMARY KEY (`id`);

--
-- Indexes for table `ocenter_version`
--
ALTER TABLE `ocenter_version`
  ADD PRIMARY KEY (`name`),
  ADD KEY `id` (`number`);

--
-- Indexes for table `ocenter_video`
--
ALTER TABLE `ocenter_video`
  ADD PRIMARY KEY (`id`);

--
-- Indexes for table `ocenter_video_content`
--
ALTER TABLE `ocenter_video_content`
  ADD PRIMARY KEY (`id`);

--
-- Indexes for table `ocenter_voice`
--
ALTER TABLE `ocenter_voice`
  ADD PRIMARY KEY (`id`);

--
-- Indexes for table `ocenter_weibo`
--
ALTER TABLE `ocenter_weibo`
  ADD PRIMARY KEY (`id`),
  ADD KEY `crowd_id` (`crowd_id`);

--
-- Indexes for table `ocenter_weibo_cache`
--
ALTER TABLE `ocenter_weibo_cache`
  ADD PRIMARY KEY (`id`),
  ADD KEY `weibo_id` (`weibo_id`),
  ADD KEY `groups` (`groups`);

--
-- Indexes for table `ocenter_weibo_comment`
--
ALTER TABLE `ocenter_weibo_comment`
  ADD PRIMARY KEY (`id`);

--
-- Indexes for table `ocenter_weibo_crowd`
--
ALTER TABLE `ocenter_weibo_crowd`
  ADD PRIMARY KEY (`id`);

--
-- Indexes for table `ocenter_weibo_crowd_member`
--
ALTER TABLE `ocenter_weibo_crowd_member`
  ADD PRIMARY KEY (`id`);

--
-- Indexes for table `ocenter_weibo_crowd_score`
--
ALTER TABLE `ocenter_weibo_crowd_score`
  ADD PRIMARY KEY (`crowd_id`);

--
-- Indexes for table `ocenter_weibo_crowd_type`
--
ALTER TABLE `ocenter_weibo_crowd_type`
  ADD PRIMARY KEY (`id`);

--
-- Indexes for table `ocenter_weibo_long`
--
ALTER TABLE `ocenter_weibo_long`
  ADD PRIMARY KEY (`id`);

--
-- Indexes for table `ocenter_weibo_top`
--
ALTER TABLE `ocenter_weibo_top`
  ADD KEY `weibo_id` (`weibo_id`);

--
-- Indexes for table `ocenter_weibo_topic`
--
ALTER TABLE `ocenter_weibo_topic`
  ADD PRIMARY KEY (`id`);

--
-- Indexes for table `ocenter_weibo_topic_follow`
--
ALTER TABLE `ocenter_weibo_topic_follow`
  ADD PRIMARY KEY (`id`);

--
-- Indexes for table `ocenter_weibo_topic_link`
--
ALTER TABLE `ocenter_weibo_topic_link`
  ADD PRIMARY KEY (`id`);

--
-- AUTO_INCREMENT for dumped tables
--

--
-- AUTO_INCREMENT for table `ocenter_action`
--
ALTER TABLE `ocenter_action`
  MODIFY `id` int(11) unsigned NOT NULL AUTO_INCREMENT COMMENT '主键',AUTO_INCREMENT=11018;
--
-- AUTO_INCREMENT for table `ocenter_action_limit`
--
ALTER TABLE `ocenter_action_limit`
  MODIFY `id` int(11) NOT NULL AUTO_INCREMENT,AUTO_INCREMENT=15;
--
-- AUTO_INCREMENT for table `ocenter_action_log`
--
ALTER TABLE `ocenter_action_log`
  MODIFY `id` int(10) unsigned NOT NULL AUTO_INCREMENT COMMENT '主键',AUTO_INCREMENT=359;
--
-- AUTO_INCREMENT for table `ocenter_addons`
--
ALTER TABLE `ocenter_addons`
  MODIFY `id` int(10) unsigned NOT NULL AUTO_INCREMENT COMMENT '主键',AUTO_INCREMENT=16;
--
-- AUTO_INCREMENT for table `ocenter_adv`
--
ALTER TABLE `ocenter_adv`
  MODIFY `id` int(11) unsigned NOT NULL AUTO_INCREMENT COMMENT '主键',AUTO_INCREMENT=10022;
--
-- AUTO_INCREMENT for table `ocenter_adv_pos`
--
ALTER TABLE `ocenter_adv_pos`
  MODIFY `id` int(11) unsigned NOT NULL AUTO_INCREMENT COMMENT '主键',AUTO_INCREMENT=10017;
--
-- AUTO_INCREMENT for table `ocenter_album`
--
ALTER TABLE `ocenter_album`
  MODIFY `id` int(11) NOT NULL AUTO_INCREMENT,AUTO_INCREMENT=11;
--
-- AUTO_INCREMENT for table `ocenter_album_photos`
--
ALTER TABLE `ocenter_album_photos`
  MODIFY `id` int(11) NOT NULL AUTO_INCREMENT,AUTO_INCREMENT=27;
--
-- AUTO_INCREMENT for table `ocenter_album_square`
--
ALTER TABLE `ocenter_album_square`
  MODIFY `id` int(11) NOT NULL AUTO_INCREMENT;
--
-- AUTO_INCREMENT for table `ocenter_album_type`
--
ALTER TABLE `ocenter_album_type`
  MODIFY `id` int(11) NOT NULL AUTO_INCREMENT,AUTO_INCREMENT=3;
--
-- AUTO_INCREMENT for table `ocenter_announce`
--
ALTER TABLE `ocenter_announce`
  MODIFY `id` int(11) NOT NULL AUTO_INCREMENT;
--
-- AUTO_INCREMENT for table `ocenter_announce_arrive`
--
ALTER TABLE `ocenter_announce_arrive`
  MODIFY `id` int(11) NOT NULL AUTO_INCREMENT;
--
-- AUTO_INCREMENT for table `ocenter_app_nav`
--
ALTER TABLE `ocenter_app_nav`
  MODIFY `id` int(10) unsigned NOT NULL AUTO_INCREMENT COMMENT 'ID',AUTO_INCREMENT=4;
--
-- AUTO_INCREMENT for table `ocenter_attachment`
--
ALTER TABLE `ocenter_attachment`
  MODIFY `id` int(10) unsigned NOT NULL AUTO_INCREMENT;
--
-- AUTO_INCREMENT for table `ocenter_attest`
--
ALTER TABLE `ocenter_attest`
  MODIFY `id` int(11) NOT NULL AUTO_INCREMENT,AUTO_INCREMENT=3;
--
-- AUTO_INCREMENT for table `ocenter_attest_type`
--
ALTER TABLE `ocenter_attest_type`
  MODIFY `id` int(11) NOT NULL AUTO_INCREMENT,AUTO_INCREMENT=4;
--
-- AUTO_INCREMENT for table `ocenter_auth_group`
--
ALTER TABLE `ocenter_auth_group`
  MODIFY `id` mediumint(8) unsigned NOT NULL AUTO_INCREMENT COMMENT '权限组id,自增主键',AUTO_INCREMENT=3;
--
-- AUTO_INCREMENT for table `ocenter_auth_rule`
--
ALTER TABLE `ocenter_auth_rule`
  MODIFY `id` mediumint(8) unsigned NOT NULL AUTO_INCREMENT COMMENT '规则id,自增主键',AUTO_INCREMENT=10181;
--
-- AUTO_INCREMENT for table `ocenter_avatar`
--
ALTER TABLE `ocenter_avatar`
  MODIFY `id` int(11) NOT NULL AUTO_INCREMENT,AUTO_INCREMENT=10;
--
-- AUTO_INCREMENT for table `ocenter_channel`
--
ALTER TABLE `ocenter_channel`
  MODIFY `id` int(10) unsigned NOT NULL AUTO_INCREMENT COMMENT '频道ID',AUTO_INCREMENT=7;
--
-- AUTO_INCREMENT for table `ocenter_checkin`
--
ALTER TABLE `ocenter_checkin`
  MODIFY `id` int(11) NOT NULL AUTO_INCREMENT,AUTO_INCREMENT=6;
--
-- AUTO_INCREMENT for table `ocenter_config`
--
ALTER TABLE `ocenter_config`
  MODIFY `id` int(10) unsigned NOT NULL AUTO_INCREMENT COMMENT '配置ID',AUTO_INCREMENT=10179;
--
-- AUTO_INCREMENT for table `ocenter_count_active`
--
ALTER TABLE `ocenter_count_active`
  MODIFY `id` int(11) NOT NULL AUTO_INCREMENT,AUTO_INCREMENT=27;
--
-- AUTO_INCREMENT for table `ocenter_count_lost`
--
ALTER TABLE `ocenter_count_lost`
  MODIFY `id` int(11) NOT NULL AUTO_INCREMENT,AUTO_INCREMENT=25;
--
-- AUTO_INCREMENT for table `ocenter_count_remain`
--
ALTER TABLE `ocenter_count_remain`
  MODIFY `id` int(11) NOT NULL AUTO_INCREMENT,AUTO_INCREMENT=44;
--
-- AUTO_INCREMENT for table `ocenter_district`
--
ALTER TABLE `ocenter_district`
  MODIFY `id` mediumint(8) unsigned NOT NULL AUTO_INCREMENT,AUTO_INCREMENT=910007;
--
-- AUTO_INCREMENT for table `ocenter_expression`
--
ALTER TABLE `ocenter_expression`
  MODIFY `id` int(11) NOT NULL AUTO_INCREMENT;
--
-- AUTO_INCREMENT for table `ocenter_expression_pkg`
--
ALTER TABLE `ocenter_expression_pkg`
  MODIFY `id` int(11) NOT NULL AUTO_INCREMENT;
--
-- AUTO_INCREMENT for table `ocenter_field`
--
ALTER TABLE `ocenter_field`
  MODIFY `id` int(11) NOT NULL AUTO_INCREMENT,AUTO_INCREMENT=5;
--
-- AUTO_INCREMENT for table `ocenter_field_group`
--
ALTER TABLE `ocenter_field_group`
  MODIFY `id` int(11) NOT NULL AUTO_INCREMENT,AUTO_INCREMENT=4;
--
-- AUTO_INCREMENT for table `ocenter_field_setting`
--
ALTER TABLE `ocenter_field_setting`
  MODIFY `id` int(11) NOT NULL AUTO_INCREMENT,AUTO_INCREMENT=8;
--
-- AUTO_INCREMENT for table `ocenter_file`
--
ALTER TABLE `ocenter_file`
  MODIFY `id` int(10) unsigned NOT NULL AUTO_INCREMENT COMMENT '文件ID';
--
-- AUTO_INCREMENT for table `ocenter_follow`
--
ALTER TABLE `ocenter_follow`
  MODIFY `id` int(11) NOT NULL AUTO_INCREMENT COMMENT 'id',AUTO_INCREMENT=34;
--
-- AUTO_INCREMENT for table `ocenter_forum`
--
ALTER TABLE `ocenter_forum`
  MODIFY `id` int(11) NOT NULL AUTO_INCREMENT,AUTO_INCREMENT=6;
--
-- AUTO_INCREMENT for table `ocenter_forum_bookmark`
--
ALTER TABLE `ocenter_forum_bookmark`
  MODIFY `id` int(11) NOT NULL AUTO_INCREMENT,AUTO_INCREMENT=2;
--
-- AUTO_INCREMENT for table `ocenter_forum_follow`
--
ALTER TABLE `ocenter_forum_follow`
  MODIFY `id` int(11) NOT NULL AUTO_INCREMENT,AUTO_INCREMENT=60;
--
-- AUTO_INCREMENT for table `ocenter_forum_lzl_reply`
--
ALTER TABLE `ocenter_forum_lzl_reply`
  MODIFY `id` int(11) NOT NULL AUTO_INCREMENT,AUTO_INCREMENT=85;
--
-- AUTO_INCREMENT for table `ocenter_forum_pay`
--
ALTER TABLE `ocenter_forum_pay`
  MODIFY `id` int(11) NOT NULL AUTO_INCREMENT;
--
-- AUTO_INCREMENT for table `ocenter_forum_post`
--
ALTER TABLE `ocenter_forum_post`
  MODIFY `id` int(11) NOT NULL AUTO_INCREMENT,AUTO_INCREMENT=7;
--
-- AUTO_INCREMENT for table `ocenter_forum_post_reply`
--
ALTER TABLE `ocenter_forum_post_reply`
  MODIFY `id` int(11) NOT NULL AUTO_INCREMENT,AUTO_INCREMENT=9;
--
-- AUTO_INCREMENT for table `ocenter_forum_type`
--
ALTER TABLE `ocenter_forum_type`
  MODIFY `id` int(11) NOT NULL AUTO_INCREMENT,AUTO_INCREMENT=5;
--
-- AUTO_INCREMENT for table `ocenter_hooks`
--
ALTER TABLE `ocenter_hooks`
  MODIFY `id` int(10) unsigned NOT NULL AUTO_INCREMENT COMMENT '主键',AUTO_INCREMENT=10000;
--
-- AUTO_INCREMENT for table `ocenter_iexpression`
--
ALTER TABLE `ocenter_iexpression`
  MODIFY `id` int(11) NOT NULL AUTO_INCREMENT;
--
-- AUTO_INCREMENT for table `ocenter_iexpression_link`
--
ALTER TABLE `ocenter_iexpression_link`
  MODIFY `id` int(11) NOT NULL AUTO_INCREMENT;
--
-- AUTO_INCREMENT for table `ocenter_invite`
--
ALTER TABLE `ocenter_invite`
  MODIFY `id` int(11) NOT NULL AUTO_INCREMENT COMMENT 'PRIMARY_KEY',AUTO_INCREMENT=11;
--
-- AUTO_INCREMENT for table `ocenter_invite_buy_log`
--
ALTER TABLE `ocenter_invite_buy_log`
  MODIFY `id` int(11) NOT NULL AUTO_INCREMENT COMMENT 'PRIMARY_KEY';
--
-- AUTO_INCREMENT for table `ocenter_invite_log`
--
ALTER TABLE `ocenter_invite_log`
  MODIFY `id` int(11) NOT NULL AUTO_INCREMENT COMMENT 'PRIMARY_KEY';
--
-- AUTO_INCREMENT for table `ocenter_invite_type`
--
ALTER TABLE `ocenter_invite_type`
  MODIFY `id` int(11) NOT NULL AUTO_INCREMENT COMMENT 'PRIMARY_KEY',AUTO_INCREMENT=2;
--
-- AUTO_INCREMENT for table `ocenter_invite_user_info`
--
ALTER TABLE `ocenter_invite_user_info`
  MODIFY `id` int(11) NOT NULL AUTO_INCREMENT COMMENT 'PRIMARY_KEY';
--
-- AUTO_INCREMENT for table `ocenter_local_comment`
--
ALTER TABLE `ocenter_local_comment`
  MODIFY `id` int(11) NOT NULL AUTO_INCREMENT,AUTO_INCREMENT=6;
--
-- AUTO_INCREMENT for table `ocenter_member`
--
ALTER TABLE `ocenter_member`
  MODIFY `uid` int(10) unsigned NOT NULL AUTO_INCREMENT COMMENT '用户ID',AUTO_INCREMENT=109;
--
-- AUTO_INCREMENT for table `ocenter_menu`
--
ALTER TABLE `ocenter_menu`
  MODIFY `id` int(10) unsigned NOT NULL AUTO_INCREMENT COMMENT '文档ID',AUTO_INCREMENT=10136;
--
-- AUTO_INCREMENT for table `ocenter_message`
--
ALTER TABLE `ocenter_message`
  MODIFY `id` int(11) NOT NULL AUTO_INCREMENT,AUTO_INCREMENT=185;
--
-- AUTO_INCREMENT for table `ocenter_message_content`
--
ALTER TABLE `ocenter_message_content`
  MODIFY `id` int(11) NOT NULL AUTO_INCREMENT,AUTO_INCREMENT=942;
--
-- AUTO_INCREMENT for table `ocenter_message_event`
--
ALTER TABLE `ocenter_message_event`
  MODIFY `id` int(11) NOT NULL AUTO_INCREMENT,AUTO_INCREMENT=6;
--
-- AUTO_INCREMENT for table `ocenter_message_template`
--
ALTER TABLE `ocenter_message_template`
  MODIFY `id` int(11) NOT NULL AUTO_INCREMENT,AUTO_INCREMENT=4;
--
-- AUTO_INCREMENT for table `ocenter_message_type`
--
ALTER TABLE `ocenter_message_type`
  MODIFY `id` int(11) NOT NULL AUTO_INCREMENT,AUTO_INCREMENT=40;
--
-- AUTO_INCREMENT for table `ocenter_module`
--
ALTER TABLE `ocenter_module`
  MODIFY `id` int(11) NOT NULL AUTO_INCREMENT,AUTO_INCREMENT=19;
--
-- AUTO_INCREMENT for table `ocenter_picture`
--
ALTER TABLE `ocenter_picture`
  MODIFY `id` int(10) unsigned NOT NULL AUTO_INCREMENT COMMENT '主键id自增',AUTO_INCREMENT=63;
--
-- AUTO_INCREMENT for table `ocenter_question`
--
ALTER TABLE `ocenter_question`
  MODIFY `id` int(11) NOT NULL AUTO_INCREMENT,AUTO_INCREMENT=1365;
--
-- AUTO_INCREMENT for table `ocenter_question_answer`
--
ALTER TABLE `ocenter_question_answer`
  MODIFY `id` int(11) NOT NULL AUTO_INCREMENT,AUTO_INCREMENT=60;
--
-- AUTO_INCREMENT for table `ocenter_question_category`
--
ALTER TABLE `ocenter_question_category`
  MODIFY `id` int(11) NOT NULL AUTO_INCREMENT,AUTO_INCREMENT=2;
--
-- AUTO_INCREMENT for table `ocenter_question_reward_record`
--
ALTER TABLE `ocenter_question_reward_record`
  MODIFY `id` int(11) NOT NULL AUTO_INCREMENT;
--
-- AUTO_INCREMENT for table `ocenter_question_search`
--
ALTER TABLE `ocenter_question_search`
  MODIFY `id` int(11) NOT NULL AUTO_INCREMENT;
--
-- AUTO_INCREMENT for table `ocenter_question_support`
--
ALTER TABLE `ocenter_question_support`
  MODIFY `id` int(11) NOT NULL AUTO_INCREMENT,AUTO_INCREMENT=2;
--
-- AUTO_INCREMENT for table `ocenter_question_topic`
--
ALTER TABLE `ocenter_question_topic`
  MODIFY `id` int(11) NOT NULL AUTO_INCREMENT,AUTO_INCREMENT=24;
--
-- AUTO_INCREMENT for table `ocenter_rank`
--
ALTER TABLE `ocenter_rank`
  MODIFY `id` int(11) NOT NULL AUTO_INCREMENT;
--
-- AUTO_INCREMENT for table `ocenter_rank_user`
--
ALTER TABLE `ocenter_rank_user`
  MODIFY `id` int(11) NOT NULL AUTO_INCREMENT;
--
-- AUTO_INCREMENT for table `ocenter_register`
--
ALTER TABLE `ocenter_register`
  MODIFY `id` int(11) NOT NULL AUTO_INCREMENT,AUTO_INCREMENT=13;
--
-- AUTO_INCREMENT for table `ocenter_report`
--
ALTER TABLE `ocenter_report`
  MODIFY `id` int(11) NOT NULL AUTO_INCREMENT,AUTO_INCREMENT=2;
--
-- AUTO_INCREMENT for table `ocenter_reward_log`
--
ALTER TABLE `ocenter_reward_log`
  MODIFY `id` int(11) unsigned NOT NULL AUTO_INCREMENT;
--
-- AUTO_INCREMENT for table `ocenter_role`
--
ALTER TABLE `ocenter_role`
  MODIFY `id` int(11) NOT NULL AUTO_INCREMENT,AUTO_INCREMENT=2;
--
-- AUTO_INCREMENT for table `ocenter_role_config`
--
ALTER TABLE `ocenter_role_config`
  MODIFY `id` int(11) NOT NULL AUTO_INCREMENT,AUTO_INCREMENT=4;
--
-- AUTO_INCREMENT for table `ocenter_role_group`
--
ALTER TABLE `ocenter_role_group`
  MODIFY `id` int(11) NOT NULL AUTO_INCREMENT;
--
-- AUTO_INCREMENT for table `ocenter_schedule`
--
ALTER TABLE `ocenter_schedule`
  MODIFY `id` int(11) NOT NULL AUTO_INCREMENT,AUTO_INCREMENT=2;
--
-- AUTO_INCREMENT for table `ocenter_score_log`
--
ALTER TABLE `ocenter_score_log`
  MODIFY `id` int(11) NOT NULL AUTO_INCREMENT,AUTO_INCREMENT=127;
--
-- AUTO_INCREMENT for table `ocenter_send_sms_log`
--
ALTER TABLE `ocenter_send_sms_log`
  MODIFY `id` int(11) NOT NULL AUTO_INCREMENT,AUTO_INCREMENT=2;
--
-- AUTO_INCREMENT for table `ocenter_sensitive`
--
ALTER TABLE `ocenter_sensitive`
  MODIFY `id` int(11) NOT NULL AUTO_INCREMENT;
--
-- AUTO_INCREMENT for table `ocenter_seo_rule`
--
ALTER TABLE `ocenter_seo_rule`
  MODIFY `id` int(11) NOT NULL AUTO_INCREMENT,AUTO_INCREMENT=10000;
--
-- AUTO_INCREMENT for table `ocenter_sso_app`
--
ALTER TABLE `ocenter_sso_app`
  MODIFY `id` int(11) NOT NULL AUTO_INCREMENT;
--
-- AUTO_INCREMENT for table `ocenter_stamp`
--
ALTER TABLE `ocenter_stamp`
  MODIFY `id` int(11) NOT NULL AUTO_INCREMENT COMMENT '图章ID',AUTO_INCREMENT=13;
--
-- AUTO_INCREMENT for table `ocenter_store_order_car`
--
ALTER TABLE `ocenter_store_order_car`
  MODIFY `id` bigint(20) NOT NULL AUTO_INCREMENT,AUTO_INCREMENT=236;
--
-- AUTO_INCREMENT for table `ocenter_store_trans`
--
ALTER TABLE `ocenter_store_trans`
  MODIFY `id` int(11) NOT NULL AUTO_INCREMENT;
--
-- AUTO_INCREMENT for table `ocenter_super_links`
--
ALTER TABLE `ocenter_super_links`
  MODIFY `id` int(11) unsigned NOT NULL AUTO_INCREMENT COMMENT '主键',AUTO_INCREMENT=6;
--
-- AUTO_INCREMENT for table `ocenter_support`
--
ALTER TABLE `ocenter_support`
  MODIFY `id` int(11) NOT NULL AUTO_INCREMENT,AUTO_INCREMENT=251;
--
-- AUTO_INCREMENT for table `ocenter_sync_login`
--
ALTER TABLE `ocenter_sync_login`
  MODIFY `id` int(11) NOT NULL AUTO_INCREMENT;
--
-- AUTO_INCREMENT for table `ocenter_talk`
--
ALTER TABLE `ocenter_talk`
  MODIFY `id` int(11) NOT NULL AUTO_INCREMENT,AUTO_INCREMENT=5;
--
-- AUTO_INCREMENT for table `ocenter_talk_message`
--
ALTER TABLE `ocenter_talk_message`
  MODIFY `id` int(11) NOT NULL AUTO_INCREMENT,AUTO_INCREMENT=2;
--
-- AUTO_INCREMENT for table `ocenter_talk_message_push`
--
ALTER TABLE `ocenter_talk_message_push`
  MODIFY `id` int(11) NOT NULL AUTO_INCREMENT,AUTO_INCREMENT=2;
--
-- AUTO_INCREMENT for table `ocenter_talk_push`
--
ALTER TABLE `ocenter_talk_push`
  MODIFY `id` int(11) NOT NULL AUTO_INCREMENT,AUTO_INCREMENT=4;
--
-- AUTO_INCREMENT for table `ocenter_tile`
--
ALTER TABLE `ocenter_tile`
  MODIFY `id` int(11) NOT NULL AUTO_INCREMENT,AUTO_INCREMENT=7;
--
-- AUTO_INCREMENT for table `ocenter_ucenter_admin`
--
ALTER TABLE `ocenter_ucenter_admin`
  MODIFY `id` int(10) unsigned NOT NULL AUTO_INCREMENT COMMENT '管理员ID';
--
-- AUTO_INCREMENT for table `ocenter_ucenter_member`
--
ALTER TABLE `ocenter_ucenter_member`
  MODIFY `id` int(10) unsigned NOT NULL AUTO_INCREMENT COMMENT '用户ID',AUTO_INCREMENT=109;
--
-- AUTO_INCREMENT for table `ocenter_ucenter_score_type`
--
ALTER TABLE `ocenter_ucenter_score_type`
  MODIFY `id` int(11) NOT NULL AUTO_INCREMENT,AUTO_INCREMENT=5;
--
-- AUTO_INCREMENT for table `ocenter_ucenter_setting`
--
ALTER TABLE `ocenter_ucenter_setting`
  MODIFY `id` int(10) unsigned NOT NULL AUTO_INCREMENT COMMENT '设置ID';
--
-- AUTO_INCREMENT for table `ocenter_ucenter_short`
--
ALTER TABLE `ocenter_ucenter_short`
  MODIFY `id` int(11) NOT NULL AUTO_INCREMENT,AUTO_INCREMENT=2;
--
-- AUTO_INCREMENT for table `ocenter_ucenter_user_link`
--
ALTER TABLE `ocenter_ucenter_user_link`
  MODIFY `id` int(10) unsigned NOT NULL AUTO_INCREMENT;
--
-- AUTO_INCREMENT for table `ocenter_url`
--
ALTER TABLE `ocenter_url`
  MODIFY `id` int(11) unsigned NOT NULL AUTO_INCREMENT COMMENT '链接唯一标识';
--
-- AUTO_INCREMENT for table `ocenter_user_config`
--
ALTER TABLE `ocenter_user_config`
  MODIFY `id` int(11) NOT NULL AUTO_INCREMENT,AUTO_INCREMENT=2;
--
-- AUTO_INCREMENT for table `ocenter_user_geolocation`
--
ALTER TABLE `ocenter_user_geolocation`
  MODIFY `id` int(11) NOT NULL AUTO_INCREMENT,AUTO_INCREMENT=2;
--
-- AUTO_INCREMENT for table `ocenter_user_nav`
--
ALTER TABLE `ocenter_user_nav`
  MODIFY `id` int(10) unsigned NOT NULL AUTO_INCREMENT COMMENT '频道ID',AUTO_INCREMENT=1000;
--
-- AUTO_INCREMENT for table `ocenter_user_role`
--
ALTER TABLE `ocenter_user_role`
  MODIFY `id` int(11) NOT NULL AUTO_INCREMENT,AUTO_INCREMENT=11;
--
-- AUTO_INCREMENT for table `ocenter_user_tag`
--
ALTER TABLE `ocenter_user_tag`
  MODIFY `id` int(11) NOT NULL AUTO_INCREMENT,AUTO_INCREMENT=4;
--
-- AUTO_INCREMENT for table `ocenter_user_tag_link`
--
ALTER TABLE `ocenter_user_tag_link`
  MODIFY `id` int(11) NOT NULL AUTO_INCREMENT;
--
-- AUTO_INCREMENT for table `ocenter_user_token`
--
ALTER TABLE `ocenter_user_token`
  MODIFY `id` int(11) NOT NULL AUTO_INCREMENT,AUTO_INCREMENT=5;
--
-- AUTO_INCREMENT for table `ocenter_verify`
--
ALTER TABLE `ocenter_verify`
  MODIFY `id` int(11) NOT NULL AUTO_INCREMENT,AUTO_INCREMENT=2;
--
-- AUTO_INCREMENT for table `ocenter_video`
--
ALTER TABLE `ocenter_video`
  MODIFY `id` int(11) NOT NULL AUTO_INCREMENT,AUTO_INCREMENT=18;
--
-- AUTO_INCREMENT for table `ocenter_video_content`
--
ALTER TABLE `ocenter_video_content`
  MODIFY `id` int(11) NOT NULL AUTO_INCREMENT,AUTO_INCREMENT=76;
--
-- AUTO_INCREMENT for table `ocenter_voice`
--
ALTER TABLE `ocenter_voice`
  MODIFY `id` int(11) NOT NULL AUTO_INCREMENT COMMENT '主键ID',AUTO_INCREMENT=2;
--
-- AUTO_INCREMENT for table `ocenter_weibo`
--
ALTER TABLE `ocenter_weibo`
  MODIFY `id` int(11) NOT NULL AUTO_INCREMENT,AUTO_INCREMENT=61;
--
-- AUTO_INCREMENT for table `ocenter_weibo_cache`
--
ALTER TABLE `ocenter_weibo_cache`
  MODIFY `id` int(11) NOT NULL AUTO_INCREMENT;
--
-- AUTO_INCREMENT for table `ocenter_weibo_comment`
--
ALTER TABLE `ocenter_weibo_comment`
  MODIFY `id` int(11) NOT NULL AUTO_INCREMENT,AUTO_INCREMENT=47;
--
-- AUTO_INCREMENT for table `ocenter_weibo_crowd`
--
ALTER TABLE `ocenter_weibo_crowd`
  MODIFY `id` int(11) NOT NULL AUTO_INCREMENT,AUTO_INCREMENT=7;
--
-- AUTO_INCREMENT for table `ocenter_weibo_crowd_member`
--
ALTER TABLE `ocenter_weibo_crowd_member`
  MODIFY `id` int(11) NOT NULL AUTO_INCREMENT,AUTO_INCREMENT=19;
--
-- AUTO_INCREMENT for table `ocenter_weibo_crowd_score`
--
ALTER TABLE `ocenter_weibo_crowd_score`
  MODIFY `crowd_id` int(11) NOT NULL AUTO_INCREMENT COMMENT '圈子id';
--
-- AUTO_INCREMENT for table `ocenter_weibo_crowd_type`
--
ALTER TABLE `ocenter_weibo_crowd_type`
  MODIFY `id` int(11) NOT NULL AUTO_INCREMENT,AUTO_INCREMENT=2;
--
-- AUTO_INCREMENT for table `ocenter_weibo_long`
--
ALTER TABLE `ocenter_weibo_long`
  MODIFY `id` int(11) NOT NULL AUTO_INCREMENT,AUTO_INCREMENT=2;
--
-- AUTO_INCREMENT for table `ocenter_weibo_topic`
--
ALTER TABLE `ocenter_weibo_topic`
  MODIFY `id` int(11) NOT NULL AUTO_INCREMENT,AUTO_INCREMENT=23;
--
-- AUTO_INCREMENT for table `ocenter_weibo_topic_follow`
--
ALTER TABLE `ocenter_weibo_topic_follow`
  MODIFY `id` int(11) NOT NULL AUTO_INCREMENT;
--
-- AUTO_INCREMENT for table `ocenter_weibo_topic_link`
--
ALTER TABLE `ocenter_weibo_topic_link`
  MODIFY `id` int(11) NOT NULL AUTO_INCREMENT,AUTO_INCREMENT=24;
/*!40101 SET CHARACTER_SET_CLIENT=@OLD_CHARACTER_SET_CLIENT */;
/*!40101 SET CHARACTER_SET_RESULTS=@OLD_CHARACTER_SET_RESULTS */;
/*!40101 SET COLLATION_CONNECTION=@OLD_COLLATION_CONNECTION */;
